编号,图标预览,中文名,英文名,图标来源,图标集,场景章节,隐喻含义,建议用法,中文关键词,英文关键词,所在PPT页码,所在PPT分类,Office改色状态,授权提示
DATA-001,,趋势上升,TrendingUp,原创设计·程序化生成,PPT图标语义库·可改色形状,01_数据指标趋势,向上箭头表示指标增长,用于业绩、活跃度、转化率等正向指标的可视化,上升 / 增长 / 向上 / 提升 / 增长率,"up, growth, rise, increase",3,01_数据指标趋势,"已完成 (PowerPoint 原生 custGeom 形状, Shape Fill 直接改色)",原创设计 · 可商用 · 形状非 SVG · 单色 PowerPoint Shape
DATA-002,,趋势上升·已验证,TrendingUpVerified,原创设计·程序化生成,PPT图标语义库·可改色形状,01_数据指标趋势,向上箭头表示指标增长（已验证变体）,用于业绩、活跃度、转化率等正向指标的可视化（已验证场景）,上升 / 增长 / 向上 / 提升 / 增长率 / 已验证,"up, growth, rise, increase, verified",3,01_数据指标趋势,"已完成 (PowerPoint 原生 custGeom 形状, Shape Fill 直接改色)",原创设计 · 可商用 · 形状非 SVG · 单色 PowerPoint Shape
DATA-003,,趋势上升·预警,TrendingUpAlert,原创设计·程序化生成,PPT图标语义库·可改色形状,01_数据指标趋势,向上箭头表示指标增长（预警变体）,用于业绩、活跃度、转化率等正向指标的可视化（预警场景）,上升 / 增长 / 向上 / 提升 / 增长率 / 预警,"up, growth, rise, increase, alert",3,01_数据指标趋势,"已完成 (PowerPoint 原生 custGeom 形状, Shape Fill 直接改色)",原创设计 · 可商用 · 形状非 SVG · 单色 PowerPoint Shape
DATA-004,,趋势上升·上升,TrendingUpUp,原创设计·程序化生成,PPT图标语义库·可改色形状,01_数据指标趋势,向上箭头表示指标增长（上升变体）,用于业绩、活跃度、转化率等正向指标的可视化（上升场景）,上升 / 增长 / 向上 / 提升 / 增长率 / 上升,"up, growth, rise, increase, up",3,01_数据指标趋势,"已完成 (PowerPoint 原生 custGeom 形状, Shape Fill 直接改色)",原创设计 · 可商用 · 形状非 SVG · 单色 PowerPoint Shape
DATA-005,,趋势上升·下降,TrendingUpDown,原创设计·程序化生成,PPT图标语义库·可改色形状,01_数据指标趋势,向上箭头表示指标增长（下降变体）,用于业绩、活跃度、转化率等正向指标的可视化（下降场景）,上升 / 增长 / 向上 / 提升 / 增长率 / 下降,"up, growth, rise, increase, down",3,01_数据指标趋势,"已完成 (PowerPoint 原生 custGeom 形状, Shape Fill 直接改色)",原创设计 · 可商用 · 形状非 SVG · 单色 PowerPoint Shape
DATA-006,,趋势上升·洞察,TrendingUpInsight,原创设计·程序化生成,PPT图标语义库·可改色形状,01_数据指标趋势,向上箭头表示指标增长（洞察变体）,用于业绩、活跃度、转化率等正向指标的可视化（洞察场景）,上升 / 增长 / 向上 / 提升 / 增长率 / 洞察,"up, growth, rise, increase, insight",3,01_数据指标趋势,"已完成 (PowerPoint 原生 custGeom 形状, Shape Fill 直接改色)",原创设计 · 可商用 · 形状非 SVG · 单色 PowerPoint Shape
DATA-007,,趋势下降,TrendingDown,原创设计·程序化生成,PPT图标语义库·可改色形状,01_数据指标趋势,向下箭头表示指标下滑,用于不良率、流失率、成本下降等指标,下降 / 下滑 / 下行 / 回落,"down, decline, drop",3,01_数据指标趋势,"已完成 (PowerPoint 原生 custGeom 形状, Shape Fill 直接改色)",原创设计 · 可商用 · 形状非 SVG · 单色 PowerPoint Shape
DATA-008,,趋势下降·已验证,TrendingDownVerified,原创设计·程序化生成,PPT图标语义库·可改色形状,01_数据指标趋势,向下箭头表示指标下滑（已验证变体）,用于不良率、流失率、成本下降等指标（已验证场景）,下降 / 下滑 / 下行 / 回落 / 已验证,"down, decline, drop, verified",3,01_数据指标趋势,"已完成 (PowerPoint 原生 custGeom 形状, Shape Fill 直接改色)",原创设计 · 可商用 · 形状非 SVG · 单色 PowerPoint Shape
DATA-009,,趋势下降·预警,TrendingDownAlert,原创设计·程序化生成,PPT图标语义库·可改色形状,01_数据指标趋势,向下箭头表示指标下滑（预警变体）,用于不良率、流失率、成本下降等指标（预警场景）,下降 / 下滑 / 下行 / 回落 / 预警,"down, decline, drop, alert",3,01_数据指标趋势,"已完成 (PowerPoint 原生 custGeom 形状, Shape Fill 直接改色)",原创设计 · 可商用 · 形状非 SVG · 单色 PowerPoint Shape
DATA-010,,趋势下降·上升,TrendingDownUp,原创设计·程序化生成,PPT图标语义库·可改色形状,01_数据指标趋势,向下箭头表示指标下滑（上升变体）,用于不良率、流失率、成本下降等指标（上升场景）,下降 / 下滑 / 下行 / 回落 / 上升,"down, decline, drop, up",3,01_数据指标趋势,"已完成 (PowerPoint 原生 custGeom 形状, Shape Fill 直接改色)",原创设计 · 可商用 · 形状非 SVG · 单色 PowerPoint Shape
DATA-011,,趋势下降·下降,TrendingDownDown,原创设计·程序化生成,PPT图标语义库·可改色形状,01_数据指标趋势,向下箭头表示指标下滑（下降变体）,用于不良率、流失率、成本下降等指标（下降场景）,下降 / 下滑 / 下行 / 回落 / 下降,"down, decline, drop, down",3,01_数据指标趋势,"已完成 (PowerPoint 原生 custGeom 形状, Shape Fill 直接改色)",原创设计 · 可商用 · 形状非 SVG · 单色 PowerPoint Shape
DATA-012,,趋势下降·洞察,TrendingDownInsight,原创设计·程序化生成,PPT图标语义库·可改色形状,01_数据指标趋势,向下箭头表示指标下滑（洞察变体）,用于不良率、流失率、成本下降等指标（洞察场景）,下降 / 下滑 / 下行 / 回落 / 洞察,"down, decline, drop, insight",3,01_数据指标趋势,"已完成 (PowerPoint 原生 custGeom 形状, Shape Fill 直接改色)",原创设计 · 可商用 · 形状非 SVG · 单色 PowerPoint Shape
DATA-013,,柱状图,BarChart,原创设计·程序化生成,PPT图标语义库·可改色形状,01_数据指标趋势,三根柱子象征对比维度,用于横向对比类业务，如分组数据、月份对比,柱状 / 对比 / 条形 / 分组,"bar, compare, histogram",3,01_数据指标趋势,"已完成 (PowerPoint 原生 custGeom 形状, Shape Fill 直接改色)",原创设计 · 可商用 · 形状非 SVG · 单色 PowerPoint Shape
DATA-014,,柱状图·已验证,BarChartVerified,原创设计·程序化生成,PPT图标语义库·可改色形状,01_数据指标趋势,三根柱子象征对比维度（已验证变体）,用于横向对比类业务，如分组数据、月份对比（已验证场景）,柱状 / 对比 / 条形 / 分组 / 已验证,"bar, compare, histogram, verified",3,01_数据指标趋势,"已完成 (PowerPoint 原生 custGeom 形状, Shape Fill 直接改色)",原创设计 · 可商用 · 形状非 SVG · 单色 PowerPoint Shape
DATA-015,,柱状图·预警,BarChartAlert,原创设计·程序化生成,PPT图标语义库·可改色形状,01_数据指标趋势,三根柱子象征对比维度（预警变体）,用于横向对比类业务，如分组数据、月份对比（预警场景）,柱状 / 对比 / 条形 / 分组 / 预警,"bar, compare, histogram, alert",3,01_数据指标趋势,"已完成 (PowerPoint 原生 custGeom 形状, Shape Fill 直接改色)",原创设计 · 可商用 · 形状非 SVG · 单色 PowerPoint Shape
DATA-016,,柱状图·上升,BarChartUp,原创设计·程序化生成,PPT图标语义库·可改色形状,01_数据指标趋势,三根柱子象征对比维度（上升变体）,用于横向对比类业务，如分组数据、月份对比（上升场景）,柱状 / 对比 / 条形 / 分组 / 上升,"bar, compare, histogram, up",3,01_数据指标趋势,"已完成 (PowerPoint 原生 custGeom 形状, Shape Fill 直接改色)",原创设计 · 可商用 · 形状非 SVG · 单色 PowerPoint Shape
DATA-017,,柱状图·下降,BarChartDown,原创设计·程序化生成,PPT图标语义库·可改色形状,01_数据指标趋势,三根柱子象征对比维度（下降变体）,用于横向对比类业务，如分组数据、月份对比（下降场景）,柱状 / 对比 / 条形 / 分组 / 下降,"bar, compare, histogram, down",3,01_数据指标趋势,"已完成 (PowerPoint 原生 custGeom 形状, Shape Fill 直接改色)",原创设计 · 可商用 · 形状非 SVG · 单色 PowerPoint Shape
DATA-018,,柱状图·洞察,BarChartInsight,原创设计·程序化生成,PPT图标语义库·可改色形状,01_数据指标趋势,三根柱子象征对比维度（洞察变体）,用于横向对比类业务，如分组数据、月份对比（洞察场景）,柱状 / 对比 / 条形 / 分组 / 洞察,"bar, compare, histogram, insight",3,01_数据指标趋势,"已完成 (PowerPoint 原生 custGeom 形状, Shape Fill 直接改色)",原创设计 · 可商用 · 形状非 SVG · 单色 PowerPoint Shape
DATA-019,,多列柱状,BarChart5,原创设计·程序化生成,PPT图标语义库·可改色形状,01_数据指标趋势,多柱表示更多分组细节,适合多维度细分的对比展示,多柱 / 细分 / 对比,"bars, segmented, breakdown",3,01_数据指标趋势,"已完成 (PowerPoint 原生 custGeom 形状, Shape Fill 直接改色)",原创设计 · 可商用 · 形状非 SVG · 单色 PowerPoint Shape
DATA-020,,多列柱状·已验证,BarChart5Verified,原创设计·程序化生成,PPT图标语义库·可改色形状,01_数据指标趋势,多柱表示更多分组细节（已验证变体）,适合多维度细分的对比展示（已验证场景）,多柱 / 细分 / 对比 / 已验证,"bars, segmented, breakdown, verified",3,01_数据指标趋势,"已完成 (PowerPoint 原生 custGeom 形状, Shape Fill 直接改色)",原创设计 · 可商用 · 形状非 SVG · 单色 PowerPoint Shape
DATA-021,,多列柱状·预警,BarChart5Alert,原创设计·程序化生成,PPT图标语义库·可改色形状,01_数据指标趋势,多柱表示更多分组细节（预警变体）,适合多维度细分的对比展示（预警场景）,多柱 / 细分 / 对比 / 预警,"bars, segmented, breakdown, alert",3,01_数据指标趋势,"已完成 (PowerPoint 原生 custGeom 形状, Shape Fill 直接改色)",原创设计 · 可商用 · 形状非 SVG · 单色 PowerPoint Shape
DATA-022,,多列柱状·上升,BarChart5Up,原创设计·程序化生成,PPT图标语义库·可改色形状,01_数据指标趋势,多柱表示更多分组细节（上升变体）,适合多维度细分的对比展示（上升场景）,多柱 / 细分 / 对比 / 上升,"bars, segmented, breakdown, up",3,01_数据指标趋势,"已完成 (PowerPoint 原生 custGeom 形状, Shape Fill 直接改色)",原创设计 · 可商用 · 形状非 SVG · 单色 PowerPoint Shape
DATA-023,,多列柱状·下降,BarChart5Down,原创设计·程序化生成,PPT图标语义库·可改色形状,01_数据指标趋势,多柱表示更多分组细节（下降变体）,适合多维度细分的对比展示（下降场景）,多柱 / 细分 / 对比 / 下降,"bars, segmented, breakdown, down",3,01_数据指标趋势,"已完成 (PowerPoint 原生 custGeom 形状, Shape Fill 直接改色)",原创设计 · 可商用 · 形状非 SVG · 单色 PowerPoint Shape
DATA-024,,多列柱状·洞察,BarChart5Insight,原创设计·程序化生成,PPT图标语义库·可改色形状,01_数据指标趋势,多柱表示更多分组细节（洞察变体）,适合多维度细分的对比展示（洞察场景）,多柱 / 细分 / 对比 / 洞察,"bars, segmented, breakdown, insight",3,01_数据指标趋势,"已完成 (PowerPoint 原生 custGeom 形状, Shape Fill 直接改色)",原创设计 · 可商用 · 形状非 SVG · 单色 PowerPoint Shape
DATA-025,,折线图,LineChart,原创设计·程序化生成,PPT图标语义库·可改色形状,01_数据指标趋势,折线表示时间序列,用于趋势、走势、时序变化,折线 / 趋势 / 时序 / 走势,"line, trend, timeseries",3,01_数据指标趋势,"已完成 (PowerPoint 原生 custGeom 形状, Shape Fill 直接改色)",原创设计 · 可商用 · 形状非 SVG · 单色 PowerPoint Shape
DATA-026,,折线图·已验证,LineChartVerified,原创设计·程序化生成,PPT图标语义库·可改色形状,01_数据指标趋势,折线表示时间序列（已验证变体）,用于趋势、走势、时序变化（已验证场景）,折线 / 趋势 / 时序 / 走势 / 已验证,"line, trend, timeseries, verified",3,01_数据指标趋势,"已完成 (PowerPoint 原生 custGeom 形状, Shape Fill 直接改色)",原创设计 · 可商用 · 形状非 SVG · 单色 PowerPoint Shape
DATA-027,,折线图·预警,LineChartAlert,原创设计·程序化生成,PPT图标语义库·可改色形状,01_数据指标趋势,折线表示时间序列（预警变体）,用于趋势、走势、时序变化（预警场景）,折线 / 趋势 / 时序 / 走势 / 预警,"line, trend, timeseries, alert",3,01_数据指标趋势,"已完成 (PowerPoint 原生 custGeom 形状, Shape Fill 直接改色)",原创设计 · 可商用 · 形状非 SVG · 单色 PowerPoint Shape
DATA-028,,折线图·上升,LineChartUp,原创设计·程序化生成,PPT图标语义库·可改色形状,01_数据指标趋势,折线表示时间序列（上升变体）,用于趋势、走势、时序变化（上升场景）,折线 / 趋势 / 时序 / 走势 / 上升,"line, trend, timeseries, up",3,01_数据指标趋势,"已完成 (PowerPoint 原生 custGeom 形状, Shape Fill 直接改色)",原创设计 · 可商用 · 形状非 SVG · 单色 PowerPoint Shape
DATA-029,,折线图·下降,LineChartDown,原创设计·程序化生成,PPT图标语义库·可改色形状,01_数据指标趋势,折线表示时间序列（下降变体）,用于趋势、走势、时序变化（下降场景）,折线 / 趋势 / 时序 / 走势 / 下降,"line, trend, timeseries, down",3,01_数据指标趋势,"已完成 (PowerPoint 原生 custGeom 形状, Shape Fill 直接改色)",原创设计 · 可商用 · 形状非 SVG · 单色 PowerPoint Shape
DATA-030,,折线图·洞察,LineChartInsight,原创设计·程序化生成,PPT图标语义库·可改色形状,01_数据指标趋势,折线表示时间序列（洞察变体）,用于趋势、走势、时序变化（洞察场景）,折线 / 趋势 / 时序 / 走势 / 洞察,"line, trend, timeseries, insight",3,01_数据指标趋势,"已完成 (PowerPoint 原生 custGeom 形状, Shape Fill 直接改色)",原创设计 · 可商用 · 形状非 SVG · 单色 PowerPoint Shape
DATA-031,,饼图,PieChart,原创设计·程序化生成,PPT图标语义库·可改色形状,01_数据指标趋势,圆环切分表示占比,用于结构占比、份额分布,饼图 / 占比 / 份额 / 结构,"pie, share, distribution",3,01_数据指标趋势,"已完成 (PowerPoint 原生 custGeom 形状, Shape Fill 直接改色)",原创设计 · 可商用 · 形状非 SVG · 单色 PowerPoint Shape
DATA-032,,饼图·已验证,PieChartVerified,原创设计·程序化生成,PPT图标语义库·可改色形状,01_数据指标趋势,圆环切分表示占比（已验证变体）,用于结构占比、份额分布（已验证场景）,饼图 / 占比 / 份额 / 结构 / 已验证,"pie, share, distribution, verified",3,01_数据指标趋势,"已完成 (PowerPoint 原生 custGeom 形状, Shape Fill 直接改色)",原创设计 · 可商用 · 形状非 SVG · 单色 PowerPoint Shape
DATA-033,,饼图·预警,PieChartAlert,原创设计·程序化生成,PPT图标语义库·可改色形状,01_数据指标趋势,圆环切分表示占比（预警变体）,用于结构占比、份额分布（预警场景）,饼图 / 占比 / 份额 / 结构 / 预警,"pie, share, distribution, alert",3,01_数据指标趋势,"已完成 (PowerPoint 原生 custGeom 形状, Shape Fill 直接改色)",原创设计 · 可商用 · 形状非 SVG · 单色 PowerPoint Shape
DATA-034,,饼图·上升,PieChartUp,原创设计·程序化生成,PPT图标语义库·可改色形状,01_数据指标趋势,圆环切分表示占比（上升变体）,用于结构占比、份额分布（上升场景）,饼图 / 占比 / 份额 / 结构 / 上升,"pie, share, distribution, up",3,01_数据指标趋势,"已完成 (PowerPoint 原生 custGeom 形状, Shape Fill 直接改色)",原创设计 · 可商用 · 形状非 SVG · 单色 PowerPoint Shape
DATA-035,,饼图·下降,PieChartDown,原创设计·程序化生成,PPT图标语义库·可改色形状,01_数据指标趋势,圆环切分表示占比（下降变体）,用于结构占比、份额分布（下降场景）,饼图 / 占比 / 份额 / 结构 / 下降,"pie, share, distribution, down",3,01_数据指标趋势,"已完成 (PowerPoint 原生 custGeom 形状, Shape Fill 直接改色)",原创设计 · 可商用 · 形状非 SVG · 单色 PowerPoint Shape
DATA-036,,饼图·洞察,PieChartInsight,原创设计·程序化生成,PPT图标语义库·可改色形状,01_数据指标趋势,圆环切分表示占比（洞察变体）,用于结构占比、份额分布（洞察场景）,饼图 / 占比 / 份额 / 结构 / 洞察,"pie, share, distribution, insight",3,01_数据指标趋势,"已完成 (PowerPoint 原生 custGeom 形状, Shape Fill 直接改色)",原创设计 · 可商用 · 形状非 SVG · 单色 PowerPoint Shape
DATA-037,,仪表盘,Dashboard,原创设计·程序化生成,PPT图标语义库·可改色形状,01_数据指标趋势,速度表象征核心指标,用于综合健康度、KPI驾驶舱,仪表盘 / 驾驶舱 / KPI / 核心指标,"dashboard, gauge, kpi",3,01_数据指标趋势,"已完成 (PowerPoint 原生 custGeom 形状, Shape Fill 直接改色)",原创设计 · 可商用 · 形状非 SVG · 单色 PowerPoint Shape
DATA-038,,仪表盘·已验证,DashboardVerified,原创设计·程序化生成,PPT图标语义库·可改色形状,01_数据指标趋势,速度表象征核心指标（已验证变体）,用于综合健康度、KPI驾驶舱（已验证场景）,仪表盘 / 驾驶舱 / KPI / 核心指标 / 已验证,"dashboard, gauge, kpi, verified",3,01_数据指标趋势,"已完成 (PowerPoint 原生 custGeom 形状, Shape Fill 直接改色)",原创设计 · 可商用 · 形状非 SVG · 单色 PowerPoint Shape
DATA-039,,仪表盘·预警,DashboardAlert,原创设计·程序化生成,PPT图标语义库·可改色形状,01_数据指标趋势,速度表象征核心指标（预警变体）,用于综合健康度、KPI驾驶舱（预警场景）,仪表盘 / 驾驶舱 / KPI / 核心指标 / 预警,"dashboard, gauge, kpi, alert",3,01_数据指标趋势,"已完成 (PowerPoint 原生 custGeom 形状, Shape Fill 直接改色)",原创设计 · 可商用 · 形状非 SVG · 单色 PowerPoint Shape
DATA-040,,仪表盘·上升,DashboardUp,原创设计·程序化生成,PPT图标语义库·可改色形状,01_数据指标趋势,速度表象征核心指标（上升变体）,用于综合健康度、KPI驾驶舱（上升场景）,仪表盘 / 驾驶舱 / KPI / 核心指标 / 上升,"dashboard, gauge, kpi, up",3,01_数据指标趋势,"已完成 (PowerPoint 原生 custGeom 形状, Shape Fill 直接改色)",原创设计 · 可商用 · 形状非 SVG · 单色 PowerPoint Shape
DATA-041,,仪表盘·下降,DashboardDown,原创设计·程序化生成,PPT图标语义库·可改色形状,01_数据指标趋势,速度表象征核心指标（下降变体）,用于综合健康度、KPI驾驶舱（下降场景）,仪表盘 / 驾驶舱 / KPI / 核心指标 / 下降,"dashboard, gauge, kpi, down",4,01_数据指标趋势,"已完成 (PowerPoint 原生 custGeom 形状, Shape Fill 直接改色)",原创设计 · 可商用 · 形状非 SVG · 单色 PowerPoint Shape
DATA-042,,仪表盘·洞察,DashboardInsight,原创设计·程序化生成,PPT图标语义库·可改色形状,01_数据指标趋势,速度表象征核心指标（洞察变体）,用于综合健康度、KPI驾驶舱（洞察场景）,仪表盘 / 驾驶舱 / KPI / 核心指标 / 洞察,"dashboard, gauge, kpi, insight",4,01_数据指标趋势,"已完成 (PowerPoint 原生 custGeom 形状, Shape Fill 直接改色)",原创设计 · 可商用 · 形状非 SVG · 单色 PowerPoint Shape
DATA-043,,指标卡,KpiCard,原创设计·程序化生成,PPT图标语义库·可改色形状,01_数据指标趋势,一张卡片+一个指标+一个箭头,用于看板单卡、首屏KPI,指标卡 / 看板 / 卡片,"kpi, card, metric",4,01_数据指标趋势,"已完成 (PowerPoint 原生 custGeom 形状, Shape Fill 直接改色)",原创设计 · 可商用 · 形状非 SVG · 单色 PowerPoint Shape
DATA-044,,指标卡·已验证,KpiCardVerified,原创设计·程序化生成,PPT图标语义库·可改色形状,01_数据指标趋势,一张卡片+一个指标+一个箭头（已验证变体）,用于看板单卡、首屏KPI（已验证场景）,指标卡 / 看板 / 卡片 / 已验证,"kpi, card, metric, verified",4,01_数据指标趋势,"已完成 (PowerPoint 原生 custGeom 形状, Shape Fill 直接改色)",原创设计 · 可商用 · 形状非 SVG · 单色 PowerPoint Shape
DATA-045,,指标卡·预警,KpiCardAlert,原创设计·程序化生成,PPT图标语义库·可改色形状,01_数据指标趋势,一张卡片+一个指标+一个箭头（预警变体）,用于看板单卡、首屏KPI（预警场景）,指标卡 / 看板 / 卡片 / 预警,"kpi, card, metric, alert",4,01_数据指标趋势,"已完成 (PowerPoint 原生 custGeom 形状, Shape Fill 直接改色)",原创设计 · 可商用 · 形状非 SVG · 单色 PowerPoint Shape
DATA-046,,指标卡·上升,KpiCardUp,原创设计·程序化生成,PPT图标语义库·可改色形状,01_数据指标趋势,一张卡片+一个指标+一个箭头（上升变体）,用于看板单卡、首屏KPI（上升场景）,指标卡 / 看板 / 卡片 / 上升,"kpi, card, metric, up",4,01_数据指标趋势,"已完成 (PowerPoint 原生 custGeom 形状, Shape Fill 直接改色)",原创设计 · 可商用 · 形状非 SVG · 单色 PowerPoint Shape
DATA-047,,指标卡·下降,KpiCardDown,原创设计·程序化生成,PPT图标语义库·可改色形状,01_数据指标趋势,一张卡片+一个指标+一个箭头（下降变体）,用于看板单卡、首屏KPI（下降场景）,指标卡 / 看板 / 卡片 / 下降,"kpi, card, metric, down",4,01_数据指标趋势,"已完成 (PowerPoint 原生 custGeom 形状, Shape Fill 直接改色)",原创设计 · 可商用 · 形状非 SVG · 单色 PowerPoint Shape
DATA-048,,指标卡·洞察,KpiCardInsight,原创设计·程序化生成,PPT图标语义库·可改色形状,01_数据指标趋势,一张卡片+一个指标+一个箭头（洞察变体）,用于看板单卡、首屏KPI（洞察场景）,指标卡 / 看板 / 卡片 / 洞察,"kpi, card, metric, insight",4,01_数据指标趋势,"已完成 (PowerPoint 原生 custGeom 形状, Shape Fill 直接改色)",原创设计 · 可商用 · 形状非 SVG · 单色 PowerPoint Shape
DATA-049,,散点分布,ScatterPlot,原创设计·程序化生成,PPT图标语义库·可改色形状,01_数据指标趋势,离散点图象征样本分布,用于相关性分析、数据探索,散点 / 分布 / 相关性,"scatter, distribution, correlation",4,01_数据指标趋势,"已完成 (PowerPoint 原生 custGeom 形状, Shape Fill 直接改色)",原创设计 · 可商用 · 形状非 SVG · 单色 PowerPoint Shape
DATA-050,,散点分布·已验证,ScatterPlotVerified,原创设计·程序化生成,PPT图标语义库·可改色形状,01_数据指标趋势,离散点图象征样本分布（已验证变体）,用于相关性分析、数据探索（已验证场景）,散点 / 分布 / 相关性 / 已验证,"scatter, distribution, correlation, verified",4,01_数据指标趋势,"已完成 (PowerPoint 原生 custGeom 形状, Shape Fill 直接改色)",原创设计 · 可商用 · 形状非 SVG · 单色 PowerPoint Shape
DATA-051,,散点分布·预警,ScatterPlotAlert,原创设计·程序化生成,PPT图标语义库·可改色形状,01_数据指标趋势,离散点图象征样本分布（预警变体）,用于相关性分析、数据探索（预警场景）,散点 / 分布 / 相关性 / 预警,"scatter, distribution, correlation, alert",4,01_数据指标趋势,"已完成 (PowerPoint 原生 custGeom 形状, Shape Fill 直接改色)",原创设计 · 可商用 · 形状非 SVG · 单色 PowerPoint Shape
DATA-052,,散点分布·上升,ScatterPlotUp,原创设计·程序化生成,PPT图标语义库·可改色形状,01_数据指标趋势,离散点图象征样本分布（上升变体）,用于相关性分析、数据探索（上升场景）,散点 / 分布 / 相关性 / 上升,"scatter, distribution, correlation, up",4,01_数据指标趋势,"已完成 (PowerPoint 原生 custGeom 形状, Shape Fill 直接改色)",原创设计 · 可商用 · 形状非 SVG · 单色 PowerPoint Shape
DATA-053,,散点分布·下降,ScatterPlotDown,原创设计·程序化生成,PPT图标语义库·可改色形状,01_数据指标趋势,离散点图象征样本分布（下降变体）,用于相关性分析、数据探索（下降场景）,散点 / 分布 / 相关性 / 下降,"scatter, distribution, correlation, down",4,01_数据指标趋势,"已完成 (PowerPoint 原生 custGeom 形状, Shape Fill 直接改色)",原创设计 · 可商用 · 形状非 SVG · 单色 PowerPoint Shape
DATA-054,,散点分布·洞察,ScatterPlotInsight,原创设计·程序化生成,PPT图标语义库·可改色形状,01_数据指标趋势,离散点图象征样本分布（洞察变体）,用于相关性分析、数据探索（洞察场景）,散点 / 分布 / 相关性 / 洞察,"scatter, distribution, correlation, insight",4,01_数据指标趋势,"已完成 (PowerPoint 原生 custGeom 形状, Shape Fill 直接改色)",原创设计 · 可商用 · 形状非 SVG · 单色 PowerPoint Shape
DATA-055,,增长曲线,GrowthCurve,原创设计·程序化生成,PPT图标语义库·可改色形状,01_数据指标趋势,S形/J形曲线象征指数增长,用于增长黑客、用户增长、复利场景,增长曲线 / 指数 / 复利,"growth, curve, exponential",4,01_数据指标趋势,"已完成 (PowerPoint 原生 custGeom 形状, Shape Fill 直接改色)",原创设计 · 可商用 · 形状非 SVG · 单色 PowerPoint Shape
DATA-056,,增长曲线·已验证,GrowthCurveVerified,原创设计·程序化生成,PPT图标语义库·可改色形状,01_数据指标趋势,S形/J形曲线象征指数增长（已验证变体）,用于增长黑客、用户增长、复利场景（已验证场景）,增长曲线 / 指数 / 复利 / 已验证,"growth, curve, exponential, verified",4,01_数据指标趋势,"已完成 (PowerPoint 原生 custGeom 形状, Shape Fill 直接改色)",原创设计 · 可商用 · 形状非 SVG · 单色 PowerPoint Shape
DATA-057,,增长曲线·预警,GrowthCurveAlert,原创设计·程序化生成,PPT图标语义库·可改色形状,01_数据指标趋势,S形/J形曲线象征指数增长（预警变体）,用于增长黑客、用户增长、复利场景（预警场景）,增长曲线 / 指数 / 复利 / 预警,"growth, curve, exponential, alert",4,01_数据指标趋势,"已完成 (PowerPoint 原生 custGeom 形状, Shape Fill 直接改色)",原创设计 · 可商用 · 形状非 SVG · 单色 PowerPoint Shape
DATA-058,,增长曲线·上升,GrowthCurveUp,原创设计·程序化生成,PPT图标语义库·可改色形状,01_数据指标趋势,S形/J形曲线象征指数增长（上升变体）,用于增长黑客、用户增长、复利场景（上升场景）,增长曲线 / 指数 / 复利 / 上升,"growth, curve, exponential, up",4,01_数据指标趋势,"已完成 (PowerPoint 原生 custGeom 形状, Shape Fill 直接改色)",原创设计 · 可商用 · 形状非 SVG · 单色 PowerPoint Shape
DATA-059,,增长曲线·下降,GrowthCurveDown,原创设计·程序化生成,PPT图标语义库·可改色形状,01_数据指标趋势,S形/J形曲线象征指数增长（下降变体）,用于增长黑客、用户增长、复利场景（下降场景）,增长曲线 / 指数 / 复利 / 下降,"growth, curve, exponential, down",4,01_数据指标趋势,"已完成 (PowerPoint 原生 custGeom 形状, Shape Fill 直接改色)",原创设计 · 可商用 · 形状非 SVG · 单色 PowerPoint Shape
DATA-060,,增长曲线·洞察,GrowthCurveInsight,原创设计·程序化生成,PPT图标语义库·可改色形状,01_数据指标趋势,S形/J形曲线象征指数增长（洞察变体）,用于增长黑客、用户增长、复利场景（洞察场景）,增长曲线 / 指数 / 复利 / 洞察,"growth, curve, exponential, insight",4,01_数据指标趋势,"已完成 (PowerPoint 原生 custGeom 形状, Shape Fill 直接改色)",原创设计 · 可商用 · 形状非 SVG · 单色 PowerPoint Shape
DATA-061,,目标靶心,Target,原创设计·程序化生成,PPT图标语义库·可改色形状,01_数据指标趋势,靶心象征精准目标,用于OKR、KPI、目标管理,靶心 / 目标 / 精准 / OKR,"target, bullseye, okr",4,01_数据指标趋势,"已完成 (PowerPoint 原生 custGeom 形状, Shape Fill 直接改色)",原创设计 · 可商用 · 形状非 SVG · 单色 PowerPoint Shape
DATA-062,,目标靶心·已验证,TargetVerified,原创设计·程序化生成,PPT图标语义库·可改色形状,01_数据指标趋势,靶心象征精准目标（已验证变体）,用于OKR、KPI、目标管理（已验证场景）,靶心 / 目标 / 精准 / OKR / 已验证,"target, bullseye, okr, verified",4,01_数据指标趋势,"已完成 (PowerPoint 原生 custGeom 形状, Shape Fill 直接改色)",原创设计 · 可商用 · 形状非 SVG · 单色 PowerPoint Shape
DATA-063,,目标靶心·预警,TargetAlert,原创设计·程序化生成,PPT图标语义库·可改色形状,01_数据指标趋势,靶心象征精准目标（预警变体）,用于OKR、KPI、目标管理（预警场景）,靶心 / 目标 / 精准 / OKR / 预警,"target, bullseye, okr, alert",4,01_数据指标趋势,"已完成 (PowerPoint 原生 custGeom 形状, Shape Fill 直接改色)",原创设计 · 可商用 · 形状非 SVG · 单色 PowerPoint Shape
DATA-064,,目标靶心·上升,TargetUp,原创设计·程序化生成,PPT图标语义库·可改色形状,01_数据指标趋势,靶心象征精准目标（上升变体）,用于OKR、KPI、目标管理（上升场景）,靶心 / 目标 / 精准 / OKR / 上升,"target, bullseye, okr, up",4,01_数据指标趋势,"已完成 (PowerPoint 原生 custGeom 形状, Shape Fill 直接改色)",原创设计 · 可商用 · 形状非 SVG · 单色 PowerPoint Shape
DATA-065,,目标靶心·下降,TargetDown,原创设计·程序化生成,PPT图标语义库·可改色形状,01_数据指标趋势,靶心象征精准目标（下降变体）,用于OKR、KPI、目标管理（下降场景）,靶心 / 目标 / 精准 / OKR / 下降,"target, bullseye, okr, down",4,01_数据指标趋势,"已完成 (PowerPoint 原生 custGeom 形状, Shape Fill 直接改色)",原创设计 · 可商用 · 形状非 SVG · 单色 PowerPoint Shape
DATA-066,,目标靶心·洞察,TargetInsight,原创设计·程序化生成,PPT图标语义库·可改色形状,01_数据指标趋势,靶心象征精准目标（洞察变体）,用于OKR、KPI、目标管理（洞察场景）,靶心 / 目标 / 精准 / OKR / 洞察,"target, bullseye, okr, insight",4,01_数据指标趋势,"已完成 (PowerPoint 原生 custGeom 形状, Shape Fill 直接改色)",原创设计 · 可商用 · 形状非 SVG · 单色 PowerPoint Shape
DATA-067,,漏斗数据,DataFunnel,原创设计·程序化生成,PPT图标语义库·可改色形状,01_数据指标趋势,漏斗象征逐层筛选,用于转化漏斗、流量漏斗,漏斗 / 筛选 / 转化,"funnel, filter, conversion",4,01_数据指标趋势,"已完成 (PowerPoint 原生 custGeom 形状, Shape Fill 直接改色)",原创设计 · 可商用 · 形状非 SVG · 单色 PowerPoint Shape
DATA-068,,漏斗数据·已验证,DataFunnelVerified,原创设计·程序化生成,PPT图标语义库·可改色形状,01_数据指标趋势,漏斗象征逐层筛选（已验证变体）,用于转化漏斗、流量漏斗（已验证场景）,漏斗 / 筛选 / 转化 / 已验证,"funnel, filter, conversion, verified",4,01_数据指标趋势,"已完成 (PowerPoint 原生 custGeom 形状, Shape Fill 直接改色)",原创设计 · 可商用 · 形状非 SVG · 单色 PowerPoint Shape
DATA-069,,漏斗数据·预警,DataFunnelAlert,原创设计·程序化生成,PPT图标语义库·可改色形状,01_数据指标趋势,漏斗象征逐层筛选（预警变体）,用于转化漏斗、流量漏斗（预警场景）,漏斗 / 筛选 / 转化 / 预警,"funnel, filter, conversion, alert",4,01_数据指标趋势,"已完成 (PowerPoint 原生 custGeom 形状, Shape Fill 直接改色)",原创设计 · 可商用 · 形状非 SVG · 单色 PowerPoint Shape
DATA-070,,漏斗数据·上升,DataFunnelUp,原创设计·程序化生成,PPT图标语义库·可改色形状,01_数据指标趋势,漏斗象征逐层筛选（上升变体）,用于转化漏斗、流量漏斗（上升场景）,漏斗 / 筛选 / 转化 / 上升,"funnel, filter, conversion, up",4,01_数据指标趋势,"已完成 (PowerPoint 原生 custGeom 形状, Shape Fill 直接改色)",原创设计 · 可商用 · 形状非 SVG · 单色 PowerPoint Shape
DATA-071,,漏斗数据·下降,DataFunnelDown,原创设计·程序化生成,PPT图标语义库·可改色形状,01_数据指标趋势,漏斗象征逐层筛选（下降变体）,用于转化漏斗、流量漏斗（下降场景）,漏斗 / 筛选 / 转化 / 下降,"funnel, filter, conversion, down",4,01_数据指标趋势,"已完成 (PowerPoint 原生 custGeom 形状, Shape Fill 直接改色)",原创设计 · 可商用 · 形状非 SVG · 单色 PowerPoint Shape
DATA-072,,漏斗数据·洞察,DataFunnelInsight,原创设计·程序化生成,PPT图标语义库·可改色形状,01_数据指标趋势,漏斗象征逐层筛选（洞察变体）,用于转化漏斗、流量漏斗（洞察场景）,漏斗 / 筛选 / 转化 / 洞察,"funnel, filter, conversion, insight",4,01_数据指标趋势,"已完成 (PowerPoint 原生 custGeom 形状, Shape Fill 直接改色)",原创设计 · 可商用 · 形状非 SVG · 单色 PowerPoint Shape
DATA-073,,心电脉搏,Pulse,原创设计·程序化生成,PPT图标语义库·可改色形状,01_数据指标趋势,脉冲线象征活跃/异常点,用于实时监控、心跳健康度,脉冲 / 心跳 / 实时 / 活跃,"pulse, heartbeat, live",4,01_数据指标趋势,"已完成 (PowerPoint 原生 custGeom 形状, Shape Fill 直接改色)",原创设计 · 可商用 · 形状非 SVG · 单色 PowerPoint Shape
DATA-074,,心电脉搏·已验证,PulseVerified,原创设计·程序化生成,PPT图标语义库·可改色形状,01_数据指标趋势,脉冲线象征活跃/异常点（已验证变体）,用于实时监控、心跳健康度（已验证场景）,脉冲 / 心跳 / 实时 / 活跃 / 已验证,"pulse, heartbeat, live, verified",4,01_数据指标趋势,"已完成 (PowerPoint 原生 custGeom 形状, Shape Fill 直接改色)",原创设计 · 可商用 · 形状非 SVG · 单色 PowerPoint Shape
DATA-075,,心电脉搏·预警,PulseAlert,原创设计·程序化生成,PPT图标语义库·可改色形状,01_数据指标趋势,脉冲线象征活跃/异常点（预警变体）,用于实时监控、心跳健康度（预警场景）,脉冲 / 心跳 / 实时 / 活跃 / 预警,"pulse, heartbeat, live, alert",4,01_数据指标趋势,"已完成 (PowerPoint 原生 custGeom 形状, Shape Fill 直接改色)",原创设计 · 可商用 · 形状非 SVG · 单色 PowerPoint Shape
DATA-076,,心电脉搏·上升,PulseUp,原创设计·程序化生成,PPT图标语义库·可改色形状,01_数据指标趋势,脉冲线象征活跃/异常点（上升变体）,用于实时监控、心跳健康度（上升场景）,脉冲 / 心跳 / 实时 / 活跃 / 上升,"pulse, heartbeat, live, up",4,01_数据指标趋势,"已完成 (PowerPoint 原生 custGeom 形状, Shape Fill 直接改色)",原创设计 · 可商用 · 形状非 SVG · 单色 PowerPoint Shape
DATA-077,,心电脉搏·下降,PulseDown,原创设计·程序化生成,PPT图标语义库·可改色形状,01_数据指标趋势,脉冲线象征活跃/异常点（下降变体）,用于实时监控、心跳健康度（下降场景）,脉冲 / 心跳 / 实时 / 活跃 / 下降,"pulse, heartbeat, live, down",4,01_数据指标趋势,"已完成 (PowerPoint 原生 custGeom 形状, Shape Fill 直接改色)",原创设计 · 可商用 · 形状非 SVG · 单色 PowerPoint Shape
DATA-078,,心电脉搏·洞察,PulseInsight,原创设计·程序化生成,PPT图标语义库·可改色形状,01_数据指标趋势,脉冲线象征活跃/异常点（洞察变体）,用于实时监控、心跳健康度（洞察场景）,脉冲 / 心跳 / 实时 / 活跃 / 洞察,"pulse, heartbeat, live, insight",4,01_数据指标趋势,"已完成 (PowerPoint 原生 custGeom 形状, Shape Fill 直接改色)",原创设计 · 可商用 · 形状非 SVG · 单色 PowerPoint Shape
DATA-079,,日数据,DailyMetric,原创设计·程序化生成,PPT图标语义库·可改色形状,01_数据指标趋势,日历+点位象征日维度数据,用于日报、按天指标,日报 / 日数据 / 按天,"daily, calendar, day",4,01_数据指标趋势,"已完成 (PowerPoint 原生 custGeom 形状, Shape Fill 直接改色)",原创设计 · 可商用 · 形状非 SVG · 单色 PowerPoint Shape
DATA-080,,日数据·已验证,DailyMetricVerified,原创设计·程序化生成,PPT图标语义库·可改色形状,01_数据指标趋势,日历+点位象征日维度数据（已验证变体）,用于日报、按天指标（已验证场景）,日报 / 日数据 / 按天 / 已验证,"daily, calendar, day, verified",4,01_数据指标趋势,"已完成 (PowerPoint 原生 custGeom 形状, Shape Fill 直接改色)",原创设计 · 可商用 · 形状非 SVG · 单色 PowerPoint Shape
DATA-081,,日数据·预警,DailyMetricAlert,原创设计·程序化生成,PPT图标语义库·可改色形状,01_数据指标趋势,日历+点位象征日维度数据（预警变体）,用于日报、按天指标（预警场景）,日报 / 日数据 / 按天 / 预警,"daily, calendar, day, alert",5,01_数据指标趋势,"已完成 (PowerPoint 原生 custGeom 形状, Shape Fill 直接改色)",原创设计 · 可商用 · 形状非 SVG · 单色 PowerPoint Shape
DATA-082,,日数据·上升,DailyMetricUp,原创设计·程序化生成,PPT图标语义库·可改色形状,01_数据指标趋势,日历+点位象征日维度数据（上升变体）,用于日报、按天指标（上升场景）,日报 / 日数据 / 按天 / 上升,"daily, calendar, day, up",5,01_数据指标趋势,"已完成 (PowerPoint 原生 custGeom 形状, Shape Fill 直接改色)",原创设计 · 可商用 · 形状非 SVG · 单色 PowerPoint Shape
DATA-083,,日数据·下降,DailyMetricDown,原创设计·程序化生成,PPT图标语义库·可改色形状,01_数据指标趋势,日历+点位象征日维度数据（下降变体）,用于日报、按天指标（下降场景）,日报 / 日数据 / 按天 / 下降,"daily, calendar, day, down",5,01_数据指标趋势,"已完成 (PowerPoint 原生 custGeom 形状, Shape Fill 直接改色)",原创设计 · 可商用 · 形状非 SVG · 单色 PowerPoint Shape
DATA-084,,日数据·洞察,DailyMetricInsight,原创设计·程序化生成,PPT图标语义库·可改色形状,01_数据指标趋势,日历+点位象征日维度数据（洞察变体）,用于日报、按天指标（洞察场景）,日报 / 日数据 / 按天 / 洞察,"daily, calendar, day, insight",5,01_数据指标趋势,"已完成 (PowerPoint 原生 custGeom 形状, Shape Fill 直接改色)",原创设计 · 可商用 · 形状非 SVG · 单色 PowerPoint Shape
DATA-085,,排行榜,Ranking,原创设计·程序化生成,PPT图标语义库·可改色形状,01_数据指标趋势,Top榜单的领奖台造型,用于销售排行、人员排名,排行 / Top / 领奖台,"ranking, top, leaderboard",5,01_数据指标趋势,"已完成 (PowerPoint 原生 custGeom 形状, Shape Fill 直接改色)",原创设计 · 可商用 · 形状非 SVG · 单色 PowerPoint Shape
DATA-086,,排行榜·已验证,RankingVerified,原创设计·程序化生成,PPT图标语义库·可改色形状,01_数据指标趋势,Top榜单的领奖台造型（已验证变体）,用于销售排行、人员排名（已验证场景）,排行 / Top / 领奖台 / 已验证,"ranking, top, leaderboard, verified",5,01_数据指标趋势,"已完成 (PowerPoint 原生 custGeom 形状, Shape Fill 直接改色)",原创设计 · 可商用 · 形状非 SVG · 单色 PowerPoint Shape
DATA-087,,排行榜·预警,RankingAlert,原创设计·程序化生成,PPT图标语义库·可改色形状,01_数据指标趋势,Top榜单的领奖台造型（预警变体）,用于销售排行、人员排名（预警场景）,排行 / Top / 领奖台 / 预警,"ranking, top, leaderboard, alert",5,01_数据指标趋势,"已完成 (PowerPoint 原生 custGeom 形状, Shape Fill 直接改色)",原创设计 · 可商用 · 形状非 SVG · 单色 PowerPoint Shape
DATA-088,,排行榜·上升,RankingUp,原创设计·程序化生成,PPT图标语义库·可改色形状,01_数据指标趋势,Top榜单的领奖台造型（上升变体）,用于销售排行、人员排名（上升场景）,排行 / Top / 领奖台 / 上升,"ranking, top, leaderboard, up",5,01_数据指标趋势,"已完成 (PowerPoint 原生 custGeom 形状, Shape Fill 直接改色)",原创设计 · 可商用 · 形状非 SVG · 单色 PowerPoint Shape
TRAIN-001,,课堂教学,Classroom,原创设计·程序化生成,PPT图标语义库·可改色形状,02_员工培训辅导,黑板+座位象征课堂,用于培训课程、内训,课堂 / 教学 / 培训,"classroom, training, lesson",7,02_员工培训辅导,"已完成 (PowerPoint 原生 custGeom 形状, Shape Fill 直接改色)",原创设计 · 可商用 · 形状非 SVG · 单色 PowerPoint Shape
TRAIN-002,,课堂教学·已验证,ClassroomVerified,原创设计·程序化生成,PPT图标语义库·可改色形状,02_员工培训辅导,黑板+座位象征课堂（已验证变体）,用于培训课程、内训（已验证场景）,课堂 / 教学 / 培训 / 已验证,"classroom, training, lesson, verified",7,02_员工培训辅导,"已完成 (PowerPoint 原生 custGeom 形状, Shape Fill 直接改色)",原创设计 · 可商用 · 形状非 SVG · 单色 PowerPoint Shape
TRAIN-003,,课堂教学·新增,ClassroomAdd,原创设计·程序化生成,PPT图标语义库·可改色形状,02_员工培训辅导,黑板+座位象征课堂（新增变体）,用于培训课程、内训（新增场景）,课堂 / 教学 / 培训 / 新增,"classroom, training, lesson, add",7,02_员工培训辅导,"已完成 (PowerPoint 原生 custGeom 形状, Shape Fill 直接改色)",原创设计 · 可商用 · 形状非 SVG · 单色 PowerPoint Shape
TRAIN-004,,课堂教学·重点,ClassroomFeatured,原创设计·程序化生成,PPT图标语义库·可改色形状,02_员工培训辅导,黑板+座位象征课堂（重点变体）,用于培训课程、内训（重点场景）,课堂 / 教学 / 培训 / 重点,"classroom, training, lesson, featured",7,02_员工培训辅导,"已完成 (PowerPoint 原生 custGeom 形状, Shape Fill 直接改色)",原创设计 · 可商用 · 形状非 SVG · 单色 PowerPoint Shape
TRAIN-005,,课堂教学·协同,ClassroomWithPerson,原创设计·程序化生成,PPT图标语义库·可改色形状,02_员工培训辅导,黑板+座位象征课堂（协同变体）,用于培训课程、内训（协同场景）,课堂 / 教学 / 培训 / 协同,"classroom, training, lesson, withperson",7,02_员工培训辅导,"已完成 (PowerPoint 原生 custGeom 形状, Shape Fill 直接改色)",原创设计 · 可商用 · 形状非 SVG · 单色 PowerPoint Shape
TRAIN-006,,课堂教学·智能,ClassroomSmart,原创设计·程序化生成,PPT图标语义库·可改色形状,02_员工培训辅导,黑板+座位象征课堂（智能变体）,用于培训课程、内训（智能场景）,课堂 / 教学 / 培训 / 智能,"classroom, training, lesson, smart",7,02_员工培训辅导,"已完成 (PowerPoint 原生 custGeom 形状, Shape Fill 直接改色)",原创设计 · 可商用 · 形状非 SVG · 单色 PowerPoint Shape
TRAIN-007,,讲师授课,Instructor,原创设计·程序化生成,PPT图标语义库·可改色形状,02_员工培训辅导,讲师在白板前授课,用于讲师/导师场景,讲师 / 导师 / 授课,"instructor, trainer, teach",7,02_员工培训辅导,"已完成 (PowerPoint 原生 custGeom 形状, Shape Fill 直接改色)",原创设计 · 可商用 · 形状非 SVG · 单色 PowerPoint Shape
TRAIN-008,,讲师授课·已验证,InstructorVerified,原创设计·程序化生成,PPT图标语义库·可改色形状,02_员工培训辅导,讲师在白板前授课（已验证变体）,用于讲师/导师场景（已验证场景）,讲师 / 导师 / 授课 / 已验证,"instructor, trainer, teach, verified",7,02_员工培训辅导,"已完成 (PowerPoint 原生 custGeom 形状, Shape Fill 直接改色)",原创设计 · 可商用 · 形状非 SVG · 单色 PowerPoint Shape
TRAIN-009,,讲师授课·新增,InstructorAdd,原创设计·程序化生成,PPT图标语义库·可改色形状,02_员工培训辅导,讲师在白板前授课（新增变体）,用于讲师/导师场景（新增场景）,讲师 / 导师 / 授课 / 新增,"instructor, trainer, teach, add",7,02_员工培训辅导,"已完成 (PowerPoint 原生 custGeom 形状, Shape Fill 直接改色)",原创设计 · 可商用 · 形状非 SVG · 单色 PowerPoint Shape
TRAIN-010,,讲师授课·重点,InstructorFeatured,原创设计·程序化生成,PPT图标语义库·可改色形状,02_员工培训辅导,讲师在白板前授课（重点变体）,用于讲师/导师场景（重点场景）,讲师 / 导师 / 授课 / 重点,"instructor, trainer, teach, featured",7,02_员工培训辅导,"已完成 (PowerPoint 原生 custGeom 形状, Shape Fill 直接改色)",原创设计 · 可商用 · 形状非 SVG · 单色 PowerPoint Shape
TRAIN-011,,讲师授课·协同,InstructorWithPerson,原创设计·程序化生成,PPT图标语义库·可改色形状,02_员工培训辅导,讲师在白板前授课（协同变体）,用于讲师/导师场景（协同场景）,讲师 / 导师 / 授课 / 协同,"instructor, trainer, teach, withperson",7,02_员工培训辅导,"已完成 (PowerPoint 原生 custGeom 形状, Shape Fill 直接改色)",原创设计 · 可商用 · 形状非 SVG · 单色 PowerPoint Shape
TRAIN-012,,讲师授课·智能,InstructorSmart,原创设计·程序化生成,PPT图标语义库·可改色形状,02_员工培训辅导,讲师在白板前授课（智能变体）,用于讲师/导师场景（智能场景）,讲师 / 导师 / 授课 / 智能,"instructor, trainer, teach, smart",7,02_员工培训辅导,"已完成 (PowerPoint 原生 custGeom 形状, Shape Fill 直接改色)",原创设计 · 可商用 · 形状非 SVG · 单色 PowerPoint Shape
TRAIN-013,,师徒辅导,MentorPair,原创设计·程序化生成,PPT图标语义库·可改色形状,02_员工培训辅导,一前一后表示一对一辅导,用于带教、1V1、师徒关系,带教 / 1V1 / 师徒,"mentor, coach, pair",7,02_员工培训辅导,"已完成 (PowerPoint 原生 custGeom 形状, Shape Fill 直接改色)",原创设计 · 可商用 · 形状非 SVG · 单色 PowerPoint Shape
TRAIN-014,,师徒辅导·已验证,MentorPairVerified,原创设计·程序化生成,PPT图标语义库·可改色形状,02_员工培训辅导,一前一后表示一对一辅导（已验证变体）,用于带教、1V1、师徒关系（已验证场景）,带教 / 1V1 / 师徒 / 已验证,"mentor, coach, pair, verified",7,02_员工培训辅导,"已完成 (PowerPoint 原生 custGeom 形状, Shape Fill 直接改色)",原创设计 · 可商用 · 形状非 SVG · 单色 PowerPoint Shape
TRAIN-015,,师徒辅导·新增,MentorPairAdd,原创设计·程序化生成,PPT图标语义库·可改色形状,02_员工培训辅导,一前一后表示一对一辅导（新增变体）,用于带教、1V1、师徒关系（新增场景）,带教 / 1V1 / 师徒 / 新增,"mentor, coach, pair, add",7,02_员工培训辅导,"已完成 (PowerPoint 原生 custGeom 形状, Shape Fill 直接改色)",原创设计 · 可商用 · 形状非 SVG · 单色 PowerPoint Shape
TRAIN-016,,师徒辅导·重点,MentorPairFeatured,原创设计·程序化生成,PPT图标语义库·可改色形状,02_员工培训辅导,一前一后表示一对一辅导（重点变体）,用于带教、1V1、师徒关系（重点场景）,带教 / 1V1 / 师徒 / 重点,"mentor, coach, pair, featured",7,02_员工培训辅导,"已完成 (PowerPoint 原生 custGeom 形状, Shape Fill 直接改色)",原创设计 · 可商用 · 形状非 SVG · 单色 PowerPoint Shape
TRAIN-017,,师徒辅导·协同,MentorPairWithPerson,原创设计·程序化生成,PPT图标语义库·可改色形状,02_员工培训辅导,一前一后表示一对一辅导（协同变体）,用于带教、1V1、师徒关系（协同场景）,带教 / 1V1 / 师徒 / 协同,"mentor, coach, pair, withperson",7,02_员工培训辅导,"已完成 (PowerPoint 原生 custGeom 形状, Shape Fill 直接改色)",原创设计 · 可商用 · 形状非 SVG · 单色 PowerPoint Shape
TRAIN-018,,师徒辅导·智能,MentorPairSmart,原创设计·程序化生成,PPT图标语义库·可改色形状,02_员工培训辅导,一前一后表示一对一辅导（智能变体）,用于带教、1V1、师徒关系（智能场景）,带教 / 1V1 / 师徒 / 智能,"mentor, coach, pair, smart",7,02_员工培训辅导,"已完成 (PowerPoint 原生 custGeom 形状, Shape Fill 直接改色)",原创设计 · 可商用 · 形状非 SVG · 单色 PowerPoint Shape
TRAIN-019,,书本,OpenBook,原创设计·程序化生成,PPT图标语义库·可改色形状,02_员工培训辅导,翻开的书象征学习,用于学习材料、教材,书本 / 教材 / 学习,"book, study, textbook",7,02_员工培训辅导,"已完成 (PowerPoint 原生 custGeom 形状, Shape Fill 直接改色)",原创设计 · 可商用 · 形状非 SVG · 单色 PowerPoint Shape
TRAIN-020,,书本·已验证,OpenBookVerified,原创设计·程序化生成,PPT图标语义库·可改色形状,02_员工培训辅导,翻开的书象征学习（已验证变体）,用于学习材料、教材（已验证场景）,书本 / 教材 / 学习 / 已验证,"book, study, textbook, verified",7,02_员工培训辅导,"已完成 (PowerPoint 原生 custGeom 形状, Shape Fill 直接改色)",原创设计 · 可商用 · 形状非 SVG · 单色 PowerPoint Shape
TRAIN-021,,书本·新增,OpenBookAdd,原创设计·程序化生成,PPT图标语义库·可改色形状,02_员工培训辅导,翻开的书象征学习（新增变体）,用于学习材料、教材（新增场景）,书本 / 教材 / 学习 / 新增,"book, study, textbook, add",7,02_员工培训辅导,"已完成 (PowerPoint 原生 custGeom 形状, Shape Fill 直接改色)",原创设计 · 可商用 · 形状非 SVG · 单色 PowerPoint Shape
TRAIN-022,,书本·重点,OpenBookFeatured,原创设计·程序化生成,PPT图标语义库·可改色形状,02_员工培训辅导,翻开的书象征学习（重点变体）,用于学习材料、教材（重点场景）,书本 / 教材 / 学习 / 重点,"book, study, textbook, featured",7,02_员工培训辅导,"已完成 (PowerPoint 原生 custGeom 形状, Shape Fill 直接改色)",原创设计 · 可商用 · 形状非 SVG · 单色 PowerPoint Shape
TRAIN-023,,书本·协同,OpenBookWithPerson,原创设计·程序化生成,PPT图标语义库·可改色形状,02_员工培训辅导,翻开的书象征学习（协同变体）,用于学习材料、教材（协同场景）,书本 / 教材 / 学习 / 协同,"book, study, textbook, withperson",7,02_员工培训辅导,"已完成 (PowerPoint 原生 custGeom 形状, Shape Fill 直接改色)",原创设计 · 可商用 · 形状非 SVG · 单色 PowerPoint Shape
TRAIN-024,,书本·智能,OpenBookSmart,原创设计·程序化生成,PPT图标语义库·可改色形状,02_员工培训辅导,翻开的书象征学习（智能变体）,用于学习材料、教材（智能场景）,书本 / 教材 / 学习 / 智能,"book, study, textbook, smart",7,02_员工培训辅导,"已完成 (PowerPoint 原生 custGeom 形状, Shape Fill 直接改色)",原创设计 · 可商用 · 形状非 SVG · 单色 PowerPoint Shape
TRAIN-025,,结业证书,Certificate,原创设计·程序化生成,PPT图标语义库·可改色形状,02_员工培训辅导,证书+绶带象征认证,用于结业、考核通过,证书 / 认证 / 结业,"certificate, diploma, cert",7,02_员工培训辅导,"已完成 (PowerPoint 原生 custGeom 形状, Shape Fill 直接改色)",原创设计 · 可商用 · 形状非 SVG · 单色 PowerPoint Shape
TRAIN-026,,结业证书·已验证,CertificateVerified,原创设计·程序化生成,PPT图标语义库·可改色形状,02_员工培训辅导,证书+绶带象征认证（已验证变体）,用于结业、考核通过（已验证场景）,证书 / 认证 / 结业 / 已验证,"certificate, diploma, cert, verified",7,02_员工培训辅导,"已完成 (PowerPoint 原生 custGeom 形状, Shape Fill 直接改色)",原创设计 · 可商用 · 形状非 SVG · 单色 PowerPoint Shape
TRAIN-027,,结业证书·新增,CertificateAdd,原创设计·程序化生成,PPT图标语义库·可改色形状,02_员工培训辅导,证书+绶带象征认证（新增变体）,用于结业、考核通过（新增场景）,证书 / 认证 / 结业 / 新增,"certificate, diploma, cert, add",7,02_员工培训辅导,"已完成 (PowerPoint 原生 custGeom 形状, Shape Fill 直接改色)",原创设计 · 可商用 · 形状非 SVG · 单色 PowerPoint Shape
TRAIN-028,,结业证书·重点,CertificateFeatured,原创设计·程序化生成,PPT图标语义库·可改色形状,02_员工培训辅导,证书+绶带象征认证（重点变体）,用于结业、考核通过（重点场景）,证书 / 认证 / 结业 / 重点,"certificate, diploma, cert, featured",7,02_员工培训辅导,"已完成 (PowerPoint 原生 custGeom 形状, Shape Fill 直接改色)",原创设计 · 可商用 · 形状非 SVG · 单色 PowerPoint Shape
TRAIN-029,,结业证书·协同,CertificateWithPerson,原创设计·程序化生成,PPT图标语义库·可改色形状,02_员工培训辅导,证书+绶带象征认证（协同变体）,用于结业、考核通过（协同场景）,证书 / 认证 / 结业 / 协同,"certificate, diploma, cert, withperson",7,02_员工培训辅导,"已完成 (PowerPoint 原生 custGeom 形状, Shape Fill 直接改色)",原创设计 · 可商用 · 形状非 SVG · 单色 PowerPoint Shape
TRAIN-030,,结业证书·智能,CertificateSmart,原创设计·程序化生成,PPT图标语义库·可改色形状,02_员工培训辅导,证书+绶带象征认证（智能变体）,用于结业、考核通过（智能场景）,证书 / 认证 / 结业 / 智能,"certificate, diploma, cert, smart",7,02_员工培训辅导,"已完成 (PowerPoint 原生 custGeom 形状, Shape Fill 直接改色)",原创设计 · 可商用 · 形状非 SVG · 单色 PowerPoint Shape
TRAIN-031,,灵感想法,IdeaBulb,原创设计·程序化生成,PPT图标语义库·可改色形状,02_员工培训辅导,灯泡象征启发,用于知识点、灵感、创新,灵感 / 想法 / 灯泡,"idea, bulb, insight",7,02_员工培训辅导,"已完成 (PowerPoint 原生 custGeom 形状, Shape Fill 直接改色)",原创设计 · 可商用 · 形状非 SVG · 单色 PowerPoint Shape
TRAIN-032,,灵感想法·已验证,IdeaBulbVerified,原创设计·程序化生成,PPT图标语义库·可改色形状,02_员工培训辅导,灯泡象征启发（已验证变体）,用于知识点、灵感、创新（已验证场景）,灵感 / 想法 / 灯泡 / 已验证,"idea, bulb, insight, verified",7,02_员工培训辅导,"已完成 (PowerPoint 原生 custGeom 形状, Shape Fill 直接改色)",原创设计 · 可商用 · 形状非 SVG · 单色 PowerPoint Shape
TRAIN-033,,灵感想法·新增,IdeaBulbAdd,原创设计·程序化生成,PPT图标语义库·可改色形状,02_员工培训辅导,灯泡象征启发（新增变体）,用于知识点、灵感、创新（新增场景）,灵感 / 想法 / 灯泡 / 新增,"idea, bulb, insight, add",7,02_员工培训辅导,"已完成 (PowerPoint 原生 custGeom 形状, Shape Fill 直接改色)",原创设计 · 可商用 · 形状非 SVG · 单色 PowerPoint Shape
TRAIN-034,,灵感想法·重点,IdeaBulbFeatured,原创设计·程序化生成,PPT图标语义库·可改色形状,02_员工培训辅导,灯泡象征启发（重点变体）,用于知识点、灵感、创新（重点场景）,灵感 / 想法 / 灯泡 / 重点,"idea, bulb, insight, featured",7,02_员工培训辅导,"已完成 (PowerPoint 原生 custGeom 形状, Shape Fill 直接改色)",原创设计 · 可商用 · 形状非 SVG · 单色 PowerPoint Shape
TRAIN-035,,灵感想法·协同,IdeaBulbWithPerson,原创设计·程序化生成,PPT图标语义库·可改色形状,02_员工培训辅导,灯泡象征启发（协同变体）,用于知识点、灵感、创新（协同场景）,灵感 / 想法 / 灯泡 / 协同,"idea, bulb, insight, withperson",7,02_员工培训辅导,"已完成 (PowerPoint 原生 custGeom 形状, Shape Fill 直接改色)",原创设计 · 可商用 · 形状非 SVG · 单色 PowerPoint Shape
TRAIN-036,,灵感想法·智能,IdeaBulbSmart,原创设计·程序化生成,PPT图标语义库·可改色形状,02_员工培训辅导,灯泡象征启发（智能变体）,用于知识点、灵感、创新（智能场景）,灵感 / 想法 / 灯泡 / 智能,"idea, bulb, insight, smart",7,02_员工培训辅导,"已完成 (PowerPoint 原生 custGeom 形状, Shape Fill 直接改色)",原创设计 · 可商用 · 形状非 SVG · 单色 PowerPoint Shape
TRAIN-037,,讲台演讲,Podium,原创设计·程序化生成,PPT图标语义库·可改色形状,02_员工培训辅导,讲台+演讲者,用于演讲、宣讲会,讲台 / 演讲 / 宣讲,"podium, speech, lectern",7,02_员工培训辅导,"已完成 (PowerPoint 原生 custGeom 形状, Shape Fill 直接改色)",原创设计 · 可商用 · 形状非 SVG · 单色 PowerPoint Shape
TRAIN-038,,讲台演讲·已验证,PodiumVerified,原创设计·程序化生成,PPT图标语义库·可改色形状,02_员工培训辅导,讲台+演讲者（已验证变体）,用于演讲、宣讲会（已验证场景）,讲台 / 演讲 / 宣讲 / 已验证,"podium, speech, lectern, verified",7,02_员工培训辅导,"已完成 (PowerPoint 原生 custGeom 形状, Shape Fill 直接改色)",原创设计 · 可商用 · 形状非 SVG · 单色 PowerPoint Shape
TRAIN-039,,讲台演讲·新增,PodiumAdd,原创设计·程序化生成,PPT图标语义库·可改色形状,02_员工培训辅导,讲台+演讲者（新增变体）,用于演讲、宣讲会（新增场景）,讲台 / 演讲 / 宣讲 / 新增,"podium, speech, lectern, add",7,02_员工培训辅导,"已完成 (PowerPoint 原生 custGeom 形状, Shape Fill 直接改色)",原创设计 · 可商用 · 形状非 SVG · 单色 PowerPoint Shape
TRAIN-040,,讲台演讲·重点,PodiumFeatured,原创设计·程序化生成,PPT图标语义库·可改色形状,02_员工培训辅导,讲台+演讲者（重点变体）,用于演讲、宣讲会（重点场景）,讲台 / 演讲 / 宣讲 / 重点,"podium, speech, lectern, featured",7,02_员工培训辅导,"已完成 (PowerPoint 原生 custGeom 形状, Shape Fill 直接改色)",原创设计 · 可商用 · 形状非 SVG · 单色 PowerPoint Shape
TRAIN-041,,讲台演讲·协同,PodiumWithPerson,原创设计·程序化生成,PPT图标语义库·可改色形状,02_员工培训辅导,讲台+演讲者（协同变体）,用于演讲、宣讲会（协同场景）,讲台 / 演讲 / 宣讲 / 协同,"podium, speech, lectern, withperson",8,02_员工培训辅导,"已完成 (PowerPoint 原生 custGeom 形状, Shape Fill 直接改色)",原创设计 · 可商用 · 形状非 SVG · 单色 PowerPoint Shape
TRAIN-042,,讲台演讲·智能,PodiumSmart,原创设计·程序化生成,PPT图标语义库·可改色形状,02_员工培训辅导,讲台+演讲者（智能变体）,用于演讲、宣讲会（智能场景）,讲台 / 演讲 / 宣讲 / 智能,"podium, speech, lectern, smart",8,02_员工培训辅导,"已完成 (PowerPoint 原生 custGeom 形状, Shape Fill 直接改色)",原创设计 · 可商用 · 形状非 SVG · 单色 PowerPoint Shape
TRAIN-043,,视频课程,VideoLesson,原创设计·程序化生成,PPT图标语义库·可改色形状,02_员工培训辅导,播放按钮象征视频学习,用于在线课程、录播,视频 / 课程 / 在线学习,"video, course, lesson",8,02_员工培训辅导,"已完成 (PowerPoint 原生 custGeom 形状, Shape Fill 直接改色)",原创设计 · 可商用 · 形状非 SVG · 单色 PowerPoint Shape
TRAIN-044,,视频课程·已验证,VideoLessonVerified,原创设计·程序化生成,PPT图标语义库·可改色形状,02_员工培训辅导,播放按钮象征视频学习（已验证变体）,用于在线课程、录播（已验证场景）,视频 / 课程 / 在线学习 / 已验证,"video, course, lesson, verified",8,02_员工培训辅导,"已完成 (PowerPoint 原生 custGeom 形状, Shape Fill 直接改色)",原创设计 · 可商用 · 形状非 SVG · 单色 PowerPoint Shape
TRAIN-045,,视频课程·新增,VideoLessonAdd,原创设计·程序化生成,PPT图标语义库·可改色形状,02_员工培训辅导,播放按钮象征视频学习（新增变体）,用于在线课程、录播（新增场景）,视频 / 课程 / 在线学习 / 新增,"video, course, lesson, add",8,02_员工培训辅导,"已完成 (PowerPoint 原生 custGeom 形状, Shape Fill 直接改色)",原创设计 · 可商用 · 形状非 SVG · 单色 PowerPoint Shape
TRAIN-046,,视频课程·重点,VideoLessonFeatured,原创设计·程序化生成,PPT图标语义库·可改色形状,02_员工培训辅导,播放按钮象征视频学习（重点变体）,用于在线课程、录播（重点场景）,视频 / 课程 / 在线学习 / 重点,"video, course, lesson, featured",8,02_员工培训辅导,"已完成 (PowerPoint 原生 custGeom 形状, Shape Fill 直接改色)",原创设计 · 可商用 · 形状非 SVG · 单色 PowerPoint Shape
TRAIN-047,,视频课程·协同,VideoLessonWithPerson,原创设计·程序化生成,PPT图标语义库·可改色形状,02_员工培训辅导,播放按钮象征视频学习（协同变体）,用于在线课程、录播（协同场景）,视频 / 课程 / 在线学习 / 协同,"video, course, lesson, withperson",8,02_员工培训辅导,"已完成 (PowerPoint 原生 custGeom 形状, Shape Fill 直接改色)",原创设计 · 可商用 · 形状非 SVG · 单色 PowerPoint Shape
TRAIN-048,,视频课程·智能,VideoLessonSmart,原创设计·程序化生成,PPT图标语义库·可改色形状,02_员工培训辅导,播放按钮象征视频学习（智能变体）,用于在线课程、录播（智能场景）,视频 / 课程 / 在线学习 / 智能,"video, course, lesson, smart",8,02_员工培训辅导,"已完成 (PowerPoint 原生 custGeom 形状, Shape Fill 直接改色)",原创设计 · 可商用 · 形状非 SVG · 单色 PowerPoint Shape
TRAIN-049,,学习徽章,AwardBadge,原创设计·程序化生成,PPT图标语义库·可改色形状,02_员工培训辅导,勋章+绶带象征学习成就,用于积分徽章、学习成就,徽章 / 勋章 / 成就,"badge, award, medal",8,02_员工培训辅导,"已完成 (PowerPoint 原生 custGeom 形状, Shape Fill 直接改色)",原创设计 · 可商用 · 形状非 SVG · 单色 PowerPoint Shape
TRAIN-050,,学习徽章·已验证,AwardBadgeVerified,原创设计·程序化生成,PPT图标语义库·可改色形状,02_员工培训辅导,勋章+绶带象征学习成就（已验证变体）,用于积分徽章、学习成就（已验证场景）,徽章 / 勋章 / 成就 / 已验证,"badge, award, medal, verified",8,02_员工培训辅导,"已完成 (PowerPoint 原生 custGeom 形状, Shape Fill 直接改色)",原创设计 · 可商用 · 形状非 SVG · 单色 PowerPoint Shape
TRAIN-051,,学习徽章·新增,AwardBadgeAdd,原创设计·程序化生成,PPT图标语义库·可改色形状,02_员工培训辅导,勋章+绶带象征学习成就（新增变体）,用于积分徽章、学习成就（新增场景）,徽章 / 勋章 / 成就 / 新增,"badge, award, medal, add",8,02_员工培训辅导,"已完成 (PowerPoint 原生 custGeom 形状, Shape Fill 直接改色)",原创设计 · 可商用 · 形状非 SVG · 单色 PowerPoint Shape
TRAIN-052,,学习徽章·重点,AwardBadgeFeatured,原创设计·程序化生成,PPT图标语义库·可改色形状,02_员工培训辅导,勋章+绶带象征学习成就（重点变体）,用于积分徽章、学习成就（重点场景）,徽章 / 勋章 / 成就 / 重点,"badge, award, medal, featured",8,02_员工培训辅导,"已完成 (PowerPoint 原生 custGeom 形状, Shape Fill 直接改色)",原创设计 · 可商用 · 形状非 SVG · 单色 PowerPoint Shape
TRAIN-053,,学习徽章·协同,AwardBadgeWithPerson,原创设计·程序化生成,PPT图标语义库·可改色形状,02_员工培训辅导,勋章+绶带象征学习成就（协同变体）,用于积分徽章、学习成就（协同场景）,徽章 / 勋章 / 成就 / 协同,"badge, award, medal, withperson",8,02_员工培训辅导,"已完成 (PowerPoint 原生 custGeom 形状, Shape Fill 直接改色)",原创设计 · 可商用 · 形状非 SVG · 单色 PowerPoint Shape
TRAIN-054,,学习徽章·智能,AwardBadgeSmart,原创设计·程序化生成,PPT图标语义库·可改色形状,02_员工培训辅导,勋章+绶带象征学习成就（智能变体）,用于积分徽章、学习成就（智能场景）,徽章 / 勋章 / 成就 / 智能,"badge, award, medal, smart",8,02_员工培训辅导,"已完成 (PowerPoint 原生 custGeom 形状, Shape Fill 直接改色)",原创设计 · 可商用 · 形状非 SVG · 单色 PowerPoint Shape
TRAIN-055,,考核试卷,ExamPaper,原创设计·程序化生成,PPT图标语义库·可改色形状,02_员工培训辅导,试卷+选项象征考核,用于测验、考核、问卷,试卷 / 考核 / 测验,"exam, test, quiz",8,02_员工培训辅导,"已完成 (PowerPoint 原生 custGeom 形状, Shape Fill 直接改色)",原创设计 · 可商用 · 形状非 SVG · 单色 PowerPoint Shape
TRAIN-056,,考核试卷·已验证,ExamPaperVerified,原创设计·程序化生成,PPT图标语义库·可改色形状,02_员工培训辅导,试卷+选项象征考核（已验证变体）,用于测验、考核、问卷（已验证场景）,试卷 / 考核 / 测验 / 已验证,"exam, test, quiz, verified",8,02_员工培训辅导,"已完成 (PowerPoint 原生 custGeom 形状, Shape Fill 直接改色)",原创设计 · 可商用 · 形状非 SVG · 单色 PowerPoint Shape
TRAIN-057,,考核试卷·新增,ExamPaperAdd,原创设计·程序化生成,PPT图标语义库·可改色形状,02_员工培训辅导,试卷+选项象征考核（新增变体）,用于测验、考核、问卷（新增场景）,试卷 / 考核 / 测验 / 新增,"exam, test, quiz, add",8,02_员工培训辅导,"已完成 (PowerPoint 原生 custGeom 形状, Shape Fill 直接改色)",原创设计 · 可商用 · 形状非 SVG · 单色 PowerPoint Shape
TRAIN-058,,考核试卷·重点,ExamPaperFeatured,原创设计·程序化生成,PPT图标语义库·可改色形状,02_员工培训辅导,试卷+选项象征考核（重点变体）,用于测验、考核、问卷（重点场景）,试卷 / 考核 / 测验 / 重点,"exam, test, quiz, featured",8,02_员工培训辅导,"已完成 (PowerPoint 原生 custGeom 形状, Shape Fill 直接改色)",原创设计 · 可商用 · 形状非 SVG · 单色 PowerPoint Shape
TRAIN-059,,考核试卷·协同,ExamPaperWithPerson,原创设计·程序化生成,PPT图标语义库·可改色形状,02_员工培训辅导,试卷+选项象征考核（协同变体）,用于测验、考核、问卷（协同场景）,试卷 / 考核 / 测验 / 协同,"exam, test, quiz, withperson",8,02_员工培训辅导,"已完成 (PowerPoint 原生 custGeom 形状, Shape Fill 直接改色)",原创设计 · 可商用 · 形状非 SVG · 单色 PowerPoint Shape
TRAIN-060,,考核试卷·智能,ExamPaperSmart,原创设计·程序化生成,PPT图标语义库·可改色形状,02_员工培训辅导,试卷+选项象征考核（智能变体）,用于测验、考核、问卷（智能场景）,试卷 / 考核 / 测验 / 智能,"exam, test, quiz, smart",8,02_员工培训辅导,"已完成 (PowerPoint 原生 custGeom 形状, Shape Fill 直接改色)",原创设计 · 可商用 · 形状非 SVG · 单色 PowerPoint Shape
TRAIN-061,,小组学习,GroupStudy,原创设计·程序化生成,PPT图标语义库·可改色形状,02_员工培训辅导,三人头像象征团队学习,用于小组讨论、共学,小组 / 团队 / 共学,"group, team, study",8,02_员工培训辅导,"已完成 (PowerPoint 原生 custGeom 形状, Shape Fill 直接改色)",原创设计 · 可商用 · 形状非 SVG · 单色 PowerPoint Shape
TRAIN-062,,小组学习·已验证,GroupStudyVerified,原创设计·程序化生成,PPT图标语义库·可改色形状,02_员工培训辅导,三人头像象征团队学习（已验证变体）,用于小组讨论、共学（已验证场景）,小组 / 团队 / 共学 / 已验证,"group, team, study, verified",8,02_员工培训辅导,"已完成 (PowerPoint 原生 custGeom 形状, Shape Fill 直接改色)",原创设计 · 可商用 · 形状非 SVG · 单色 PowerPoint Shape
TRAIN-063,,小组学习·新增,GroupStudyAdd,原创设计·程序化生成,PPT图标语义库·可改色形状,02_员工培训辅导,三人头像象征团队学习（新增变体）,用于小组讨论、共学（新增场景）,小组 / 团队 / 共学 / 新增,"group, team, study, add",8,02_员工培训辅导,"已完成 (PowerPoint 原生 custGeom 形状, Shape Fill 直接改色)",原创设计 · 可商用 · 形状非 SVG · 单色 PowerPoint Shape
TRAIN-064,,小组学习·重点,GroupStudyFeatured,原创设计·程序化生成,PPT图标语义库·可改色形状,02_员工培训辅导,三人头像象征团队学习（重点变体）,用于小组讨论、共学（重点场景）,小组 / 团队 / 共学 / 重点,"group, team, study, featured",8,02_员工培训辅导,"已完成 (PowerPoint 原生 custGeom 形状, Shape Fill 直接改色)",原创设计 · 可商用 · 形状非 SVG · 单色 PowerPoint Shape
TRAIN-065,,小组学习·协同,GroupStudyWithPerson,原创设计·程序化生成,PPT图标语义库·可改色形状,02_员工培训辅导,三人头像象征团队学习（协同变体）,用于小组讨论、共学（协同场景）,小组 / 团队 / 共学 / 协同,"group, team, study, withperson",8,02_员工培训辅导,"已完成 (PowerPoint 原生 custGeom 形状, Shape Fill 直接改色)",原创设计 · 可商用 · 形状非 SVG · 单色 PowerPoint Shape
TRAIN-066,,小组学习·智能,GroupStudySmart,原创设计·程序化生成,PPT图标语义库·可改色形状,02_员工培训辅导,三人头像象征团队学习（智能变体）,用于小组讨论、共学（智能场景）,小组 / 团队 / 共学 / 智能,"group, team, study, smart",8,02_员工培训辅导,"已完成 (PowerPoint 原生 custGeom 形状, Shape Fill 直接改色)",原创设计 · 可商用 · 形状非 SVG · 单色 PowerPoint Shape
TRAIN-067,,脑力,Brain,原创设计·程序化生成,PPT图标语义库·可改色形状,02_员工培训辅导,大脑剪影象征思维,用于学习、思考、AI 训练,大脑 / 思维 / 脑力,"brain, mind, thinking",8,02_员工培训辅导,"已完成 (PowerPoint 原生 custGeom 形状, Shape Fill 直接改色)",原创设计 · 可商用 · 形状非 SVG · 单色 PowerPoint Shape
TRAIN-068,,脑力·已验证,BrainVerified,原创设计·程序化生成,PPT图标语义库·可改色形状,02_员工培训辅导,大脑剪影象征思维（已验证变体）,用于学习、思考、AI 训练（已验证场景）,大脑 / 思维 / 脑力 / 已验证,"brain, mind, thinking, verified",8,02_员工培训辅导,"已完成 (PowerPoint 原生 custGeom 形状, Shape Fill 直接改色)",原创设计 · 可商用 · 形状非 SVG · 单色 PowerPoint Shape
TRAIN-069,,脑力·新增,BrainAdd,原创设计·程序化生成,PPT图标语义库·可改色形状,02_员工培训辅导,大脑剪影象征思维（新增变体）,用于学习、思考、AI 训练（新增场景）,大脑 / 思维 / 脑力 / 新增,"brain, mind, thinking, add",8,02_员工培训辅导,"已完成 (PowerPoint 原生 custGeom 形状, Shape Fill 直接改色)",原创设计 · 可商用 · 形状非 SVG · 单色 PowerPoint Shape
TRAIN-070,,脑力·重点,BrainFeatured,原创设计·程序化生成,PPT图标语义库·可改色形状,02_员工培训辅导,大脑剪影象征思维（重点变体）,用于学习、思考、AI 训练（重点场景）,大脑 / 思维 / 脑力 / 重点,"brain, mind, thinking, featured",8,02_员工培训辅导,"已完成 (PowerPoint 原生 custGeom 形状, Shape Fill 直接改色)",原创设计 · 可商用 · 形状非 SVG · 单色 PowerPoint Shape
TRAIN-071,,脑力·协同,BrainWithPerson,原创设计·程序化生成,PPT图标语义库·可改色形状,02_员工培训辅导,大脑剪影象征思维（协同变体）,用于学习、思考、AI 训练（协同场景）,大脑 / 思维 / 脑力 / 协同,"brain, mind, thinking, withperson",8,02_员工培训辅导,"已完成 (PowerPoint 原生 custGeom 形状, Shape Fill 直接改色)",原创设计 · 可商用 · 形状非 SVG · 单色 PowerPoint Shape
TRAIN-072,,脑力·智能,BrainSmart,原创设计·程序化生成,PPT图标语义库·可改色形状,02_员工培训辅导,大脑剪影象征思维（智能变体）,用于学习、思考、AI 训练（智能场景）,大脑 / 思维 / 脑力 / 智能,"brain, mind, thinking, smart",8,02_员工培训辅导,"已完成 (PowerPoint 原生 custGeom 形状, Shape Fill 直接改色)",原创设计 · 可商用 · 形状非 SVG · 单色 PowerPoint Shape
TRAIN-073,,成长萌芽,Seedling,原创设计·程序化生成,PPT图标语义库·可改色形状,02_员工培训辅导,新芽象征成长,用于新人成长、能力萌芽,成长 / 萌芽 / 新人,"seedling, grow, sprout",8,02_员工培训辅导,"已完成 (PowerPoint 原生 custGeom 形状, Shape Fill 直接改色)",原创设计 · 可商用 · 形状非 SVG · 单色 PowerPoint Shape
TRAIN-074,,成长萌芽·已验证,SeedlingVerified,原创设计·程序化生成,PPT图标语义库·可改色形状,02_员工培训辅导,新芽象征成长（已验证变体）,用于新人成长、能力萌芽（已验证场景）,成长 / 萌芽 / 新人 / 已验证,"seedling, grow, sprout, verified",8,02_员工培训辅导,"已完成 (PowerPoint 原生 custGeom 形状, Shape Fill 直接改色)",原创设计 · 可商用 · 形状非 SVG · 单色 PowerPoint Shape
TRAIN-075,,成长萌芽·新增,SeedlingAdd,原创设计·程序化生成,PPT图标语义库·可改色形状,02_员工培训辅导,新芽象征成长（新增变体）,用于新人成长、能力萌芽（新增场景）,成长 / 萌芽 / 新人 / 新增,"seedling, grow, sprout, add",8,02_员工培训辅导,"已完成 (PowerPoint 原生 custGeom 形状, Shape Fill 直接改色)",原创设计 · 可商用 · 形状非 SVG · 单色 PowerPoint Shape
TRAIN-076,,成长萌芽·重点,SeedlingFeatured,原创设计·程序化生成,PPT图标语义库·可改色形状,02_员工培训辅导,新芽象征成长（重点变体）,用于新人成长、能力萌芽（重点场景）,成长 / 萌芽 / 新人 / 重点,"seedling, grow, sprout, featured",8,02_员工培训辅导,"已完成 (PowerPoint 原生 custGeom 形状, Shape Fill 直接改色)",原创设计 · 可商用 · 形状非 SVG · 单色 PowerPoint Shape
TRAIN-077,,成长萌芽·协同,SeedlingWithPerson,原创设计·程序化生成,PPT图标语义库·可改色形状,02_员工培训辅导,新芽象征成长（协同变体）,用于新人成长、能力萌芽（协同场景）,成长 / 萌芽 / 新人 / 协同,"seedling, grow, sprout, withperson",8,02_员工培训辅导,"已完成 (PowerPoint 原生 custGeom 形状, Shape Fill 直接改色)",原创设计 · 可商用 · 形状非 SVG · 单色 PowerPoint Shape
TRAIN-078,,成长萌芽·智能,SeedlingSmart,原创设计·程序化生成,PPT图标语义库·可改色形状,02_员工培训辅导,新芽象征成长（智能变体）,用于新人成长、能力萌芽（智能场景）,成长 / 萌芽 / 新人 / 智能,"seedling, grow, sprout, smart",8,02_员工培训辅导,"已完成 (PowerPoint 原生 custGeom 形状, Shape Fill 直接改色)",原创设计 · 可商用 · 形状非 SVG · 单色 PowerPoint Shape
TRAIN-079,,知识树,KnowledgeTree,原创设计·程序化生成,PPT图标语义库·可改色形状,02_员工培训辅导,树状结构象征知识体系,用于课程体系、能力树,知识树 / 课程体系 / 能力树,"tree, skill-tree, syllabus",8,02_员工培训辅导,"已完成 (PowerPoint 原生 custGeom 形状, Shape Fill 直接改色)",原创设计 · 可商用 · 形状非 SVG · 单色 PowerPoint Shape
TRAIN-080,,知识树·已验证,KnowledgeTreeVerified,原创设计·程序化生成,PPT图标语义库·可改色形状,02_员工培训辅导,树状结构象征知识体系（已验证变体）,用于课程体系、能力树（已验证场景）,知识树 / 课程体系 / 能力树 / 已验证,"tree, skill-tree, syllabus, verified",8,02_员工培训辅导,"已完成 (PowerPoint 原生 custGeom 形状, Shape Fill 直接改色)",原创设计 · 可商用 · 形状非 SVG · 单色 PowerPoint Shape
TRAIN-081,,知识树·新增,KnowledgeTreeAdd,原创设计·程序化生成,PPT图标语义库·可改色形状,02_员工培训辅导,树状结构象征知识体系（新增变体）,用于课程体系、能力树（新增场景）,知识树 / 课程体系 / 能力树 / 新增,"tree, skill-tree, syllabus, add",9,02_员工培训辅导,"已完成 (PowerPoint 原生 custGeom 形状, Shape Fill 直接改色)",原创设计 · 可商用 · 形状非 SVG · 单色 PowerPoint Shape
TRAIN-082,,知识树·重点,KnowledgeTreeFeatured,原创设计·程序化生成,PPT图标语义库·可改色形状,02_员工培训辅导,树状结构象征知识体系（重点变体）,用于课程体系、能力树（重点场景）,知识树 / 课程体系 / 能力树 / 重点,"tree, skill-tree, syllabus, featured",9,02_员工培训辅导,"已完成 (PowerPoint 原生 custGeom 形状, Shape Fill 直接改色)",原创设计 · 可商用 · 形状非 SVG · 单色 PowerPoint Shape
CUST-001,,对话双方,ChatPair,原创设计·程序化生成,PPT图标语义库·可改色形状,03_客户沟通触达,两个气泡象征双向沟通,用于在线客服、IM对话,对话 / 聊天 / 沟通,"chat, messaging, im",11,03_客户沟通触达,"已完成 (PowerPoint 原生 custGeom 形状, Shape Fill 直接改色)",原创设计 · 可商用 · 形状非 SVG · 单色 PowerPoint Shape
CUST-002,,对话双方·已验证,ChatPairVerified,原创设计·程序化生成,PPT图标语义库·可改色形状,03_客户沟通触达,两个气泡象征双向沟通（已验证变体）,用于在线客服、IM对话（已验证场景）,对话 / 聊天 / 沟通 / 已验证,"chat, messaging, im, verified",11,03_客户沟通触达,"已完成 (PowerPoint 原生 custGeom 形状, Shape Fill 直接改色)",原创设计 · 可商用 · 形状非 SVG · 单色 PowerPoint Shape
CUST-003,,对话双方·新增,ChatPairAdd,原创设计·程序化生成,PPT图标语义库·可改色形状,03_客户沟通触达,两个气泡象征双向沟通（新增变体）,用于在线客服、IM对话（新增场景）,对话 / 聊天 / 沟通 / 新增,"chat, messaging, im, add",11,03_客户沟通触达,"已完成 (PowerPoint 原生 custGeom 形状, Shape Fill 直接改色)",原创设计 · 可商用 · 形状非 SVG · 单色 PowerPoint Shape
CUST-004,,对话双方·协同,ChatPairWithPerson,原创设计·程序化生成,PPT图标语义库·可改色形状,03_客户沟通触达,两个气泡象征双向沟通（协同变体）,用于在线客服、IM对话（协同场景）,对话 / 聊天 / 沟通 / 协同,"chat, messaging, im, withperson",11,03_客户沟通触达,"已完成 (PowerPoint 原生 custGeom 形状, Shape Fill 直接改色)",原创设计 · 可商用 · 形状非 SVG · 单色 PowerPoint Shape
CUST-005,,对话双方·关怀,ChatPairCare,原创设计·程序化生成,PPT图标语义库·可改色形状,03_客户沟通触达,两个气泡象征双向沟通（关怀变体）,用于在线客服、IM对话（关怀场景）,对话 / 聊天 / 沟通 / 关怀,"chat, messaging, im, care",11,03_客户沟通触达,"已完成 (PowerPoint 原生 custGeom 形状, Shape Fill 直接改色)",原创设计 · 可商用 · 形状非 SVG · 单色 PowerPoint Shape
CUST-006,,对话双方·定时,ChatPairScheduled,原创设计·程序化生成,PPT图标语义库·可改色形状,03_客户沟通触达,两个气泡象征双向沟通（定时变体）,用于在线客服、IM对话（定时场景）,对话 / 聊天 / 沟通 / 定时,"chat, messaging, im, scheduled",11,03_客户沟通触达,"已完成 (PowerPoint 原生 custGeom 形状, Shape Fill 直接改色)",原创设计 · 可商用 · 形状非 SVG · 单色 PowerPoint Shape
CUST-007,,电话呼出,PhoneCall,原创设计·程序化生成,PPT图标语义库·可改色形状,03_客户沟通触达,听筒象征电话沟通,用于呼出、电销、客服,电话 / 呼出 / 话务,"call, phone, voice",11,03_客户沟通触达,"已完成 (PowerPoint 原生 custGeom 形状, Shape Fill 直接改色)",原创设计 · 可商用 · 形状非 SVG · 单色 PowerPoint Shape
CUST-008,,电话呼出·已验证,PhoneCallVerified,原创设计·程序化生成,PPT图标语义库·可改色形状,03_客户沟通触达,听筒象征电话沟通（已验证变体）,用于呼出、电销、客服（已验证场景）,电话 / 呼出 / 话务 / 已验证,"call, phone, voice, verified",11,03_客户沟通触达,"已完成 (PowerPoint 原生 custGeom 形状, Shape Fill 直接改色)",原创设计 · 可商用 · 形状非 SVG · 单色 PowerPoint Shape
CUST-009,,电话呼出·新增,PhoneCallAdd,原创设计·程序化生成,PPT图标语义库·可改色形状,03_客户沟通触达,听筒象征电话沟通（新增变体）,用于呼出、电销、客服（新增场景）,电话 / 呼出 / 话务 / 新增,"call, phone, voice, add",11,03_客户沟通触达,"已完成 (PowerPoint 原生 custGeom 形状, Shape Fill 直接改色)",原创设计 · 可商用 · 形状非 SVG · 单色 PowerPoint Shape
CUST-010,,电话呼出·协同,PhoneCallWithPerson,原创设计·程序化生成,PPT图标语义库·可改色形状,03_客户沟通触达,听筒象征电话沟通（协同变体）,用于呼出、电销、客服（协同场景）,电话 / 呼出 / 话务 / 协同,"call, phone, voice, withperson",11,03_客户沟通触达,"已完成 (PowerPoint 原生 custGeom 形状, Shape Fill 直接改色)",原创设计 · 可商用 · 形状非 SVG · 单色 PowerPoint Shape
CUST-011,,电话呼出·关怀,PhoneCallCare,原创设计·程序化生成,PPT图标语义库·可改色形状,03_客户沟通触达,听筒象征电话沟通（关怀变体）,用于呼出、电销、客服（关怀场景）,电话 / 呼出 / 话务 / 关怀,"call, phone, voice, care",11,03_客户沟通触达,"已完成 (PowerPoint 原生 custGeom 形状, Shape Fill 直接改色)",原创设计 · 可商用 · 形状非 SVG · 单色 PowerPoint Shape
CUST-012,,电话呼出·定时,PhoneCallScheduled,原创设计·程序化生成,PPT图标语义库·可改色形状,03_客户沟通触达,听筒象征电话沟通（定时变体）,用于呼出、电销、客服（定时场景）,电话 / 呼出 / 话务 / 定时,"call, phone, voice, scheduled",11,03_客户沟通触达,"已完成 (PowerPoint 原生 custGeom 形状, Shape Fill 直接改色)",原创设计 · 可商用 · 形状非 SVG · 单色 PowerPoint Shape
CUST-013,,邮件信封,Envelope,原创设计·程序化生成,PPT图标语义库·可改色形状,03_客户沟通触达,信封象征邮件触达,用于邮件营销、通知,邮件 / 信封 / EDM,"mail, email, envelope",11,03_客户沟通触达,"已完成 (PowerPoint 原生 custGeom 形状, Shape Fill 直接改色)",原创设计 · 可商用 · 形状非 SVG · 单色 PowerPoint Shape
CUST-014,,邮件信封·已验证,EnvelopeVerified,原创设计·程序化生成,PPT图标语义库·可改色形状,03_客户沟通触达,信封象征邮件触达（已验证变体）,用于邮件营销、通知（已验证场景）,邮件 / 信封 / EDM / 已验证,"mail, email, envelope, verified",11,03_客户沟通触达,"已完成 (PowerPoint 原生 custGeom 形状, Shape Fill 直接改色)",原创设计 · 可商用 · 形状非 SVG · 单色 PowerPoint Shape
CUST-015,,邮件信封·新增,EnvelopeAdd,原创设计·程序化生成,PPT图标语义库·可改色形状,03_客户沟通触达,信封象征邮件触达（新增变体）,用于邮件营销、通知（新增场景）,邮件 / 信封 / EDM / 新增,"mail, email, envelope, add",11,03_客户沟通触达,"已完成 (PowerPoint 原生 custGeom 形状, Shape Fill 直接改色)",原创设计 · 可商用 · 形状非 SVG · 单色 PowerPoint Shape
CUST-016,,邮件信封·协同,EnvelopeWithPerson,原创设计·程序化生成,PPT图标语义库·可改色形状,03_客户沟通触达,信封象征邮件触达（协同变体）,用于邮件营销、通知（协同场景）,邮件 / 信封 / EDM / 协同,"mail, email, envelope, withperson",11,03_客户沟通触达,"已完成 (PowerPoint 原生 custGeom 形状, Shape Fill 直接改色)",原创设计 · 可商用 · 形状非 SVG · 单色 PowerPoint Shape
CUST-017,,邮件信封·关怀,EnvelopeCare,原创设计·程序化生成,PPT图标语义库·可改色形状,03_客户沟通触达,信封象征邮件触达（关怀变体）,用于邮件营销、通知（关怀场景）,邮件 / 信封 / EDM / 关怀,"mail, email, envelope, care",11,03_客户沟通触达,"已完成 (PowerPoint 原生 custGeom 形状, Shape Fill 直接改色)",原创设计 · 可商用 · 形状非 SVG · 单色 PowerPoint Shape
CUST-018,,邮件信封·定时,EnvelopeScheduled,原创设计·程序化生成,PPT图标语义库·可改色形状,03_客户沟通触达,信封象征邮件触达（定时变体）,用于邮件营销、通知（定时场景）,邮件 / 信封 / EDM / 定时,"mail, email, envelope, scheduled",11,03_客户沟通触达,"已完成 (PowerPoint 原生 custGeom 形状, Shape Fill 直接改色)",原创设计 · 可商用 · 形状非 SVG · 单色 PowerPoint Shape
CUST-019,,短信,SmsMessage,原创设计·程序化生成,PPT图标语义库·可改色形状,03_客户沟通触达,气泡+省略号象征短消息,用于短信、IM 通知,短信 / 消息 / SMS,"sms, message, text",11,03_客户沟通触达,"已完成 (PowerPoint 原生 custGeom 形状, Shape Fill 直接改色)",原创设计 · 可商用 · 形状非 SVG · 单色 PowerPoint Shape
CUST-020,,短信·已验证,SmsMessageVerified,原创设计·程序化生成,PPT图标语义库·可改色形状,03_客户沟通触达,气泡+省略号象征短消息（已验证变体）,用于短信、IM 通知（已验证场景）,短信 / 消息 / SMS / 已验证,"sms, message, text, verified",11,03_客户沟通触达,"已完成 (PowerPoint 原生 custGeom 形状, Shape Fill 直接改色)",原创设计 · 可商用 · 形状非 SVG · 单色 PowerPoint Shape
CUST-021,,短信·新增,SmsMessageAdd,原创设计·程序化生成,PPT图标语义库·可改色形状,03_客户沟通触达,气泡+省略号象征短消息（新增变体）,用于短信、IM 通知（新增场景）,短信 / 消息 / SMS / 新增,"sms, message, text, add",11,03_客户沟通触达,"已完成 (PowerPoint 原生 custGeom 形状, Shape Fill 直接改色)",原创设计 · 可商用 · 形状非 SVG · 单色 PowerPoint Shape
CUST-022,,短信·协同,SmsMessageWithPerson,原创设计·程序化生成,PPT图标语义库·可改色形状,03_客户沟通触达,气泡+省略号象征短消息（协同变体）,用于短信、IM 通知（协同场景）,短信 / 消息 / SMS / 协同,"sms, message, text, withperson",11,03_客户沟通触达,"已完成 (PowerPoint 原生 custGeom 形状, Shape Fill 直接改色)",原创设计 · 可商用 · 形状非 SVG · 单色 PowerPoint Shape
CUST-023,,短信·关怀,SmsMessageCare,原创设计·程序化生成,PPT图标语义库·可改色形状,03_客户沟通触达,气泡+省略号象征短消息（关怀变体）,用于短信、IM 通知（关怀场景）,短信 / 消息 / SMS / 关怀,"sms, message, text, care",11,03_客户沟通触达,"已完成 (PowerPoint 原生 custGeom 形状, Shape Fill 直接改色)",原创设计 · 可商用 · 形状非 SVG · 单色 PowerPoint Shape
CUST-024,,短信·定时,SmsMessageScheduled,原创设计·程序化生成,PPT图标语义库·可改色形状,03_客户沟通触达,气泡+省略号象征短消息（定时变体）,用于短信、IM 通知（定时场景）,短信 / 消息 / SMS / 定时,"sms, message, text, scheduled",11,03_客户沟通触达,"已完成 (PowerPoint 原生 custGeom 形状, Shape Fill 直接改色)",原创设计 · 可商用 · 形状非 SVG · 单色 PowerPoint Shape
CUST-025,,视频通话,VideoCall,原创设计·程序化生成,PPT图标语义库·可改色形状,03_客户沟通触达,摄像机外形象征视频会议,用于视频会议、远程沟通,视频 / 通话 / 会议,"video, call, meeting",11,03_客户沟通触达,"已完成 (PowerPoint 原生 custGeom 形状, Shape Fill 直接改色)",原创设计 · 可商用 · 形状非 SVG · 单色 PowerPoint Shape
CUST-026,,视频通话·已验证,VideoCallVerified,原创设计·程序化生成,PPT图标语义库·可改色形状,03_客户沟通触达,摄像机外形象征视频会议（已验证变体）,用于视频会议、远程沟通（已验证场景）,视频 / 通话 / 会议 / 已验证,"video, call, meeting, verified",11,03_客户沟通触达,"已完成 (PowerPoint 原生 custGeom 形状, Shape Fill 直接改色)",原创设计 · 可商用 · 形状非 SVG · 单色 PowerPoint Shape
CUST-027,,视频通话·新增,VideoCallAdd,原创设计·程序化生成,PPT图标语义库·可改色形状,03_客户沟通触达,摄像机外形象征视频会议（新增变体）,用于视频会议、远程沟通（新增场景）,视频 / 通话 / 会议 / 新增,"video, call, meeting, add",11,03_客户沟通触达,"已完成 (PowerPoint 原生 custGeom 形状, Shape Fill 直接改色)",原创设计 · 可商用 · 形状非 SVG · 单色 PowerPoint Shape
CUST-028,,视频通话·协同,VideoCallWithPerson,原创设计·程序化生成,PPT图标语义库·可改色形状,03_客户沟通触达,摄像机外形象征视频会议（协同变体）,用于视频会议、远程沟通（协同场景）,视频 / 通话 / 会议 / 协同,"video, call, meeting, withperson",11,03_客户沟通触达,"已完成 (PowerPoint 原生 custGeom 形状, Shape Fill 直接改色)",原创设计 · 可商用 · 形状非 SVG · 单色 PowerPoint Shape
CUST-029,,视频通话·关怀,VideoCallCare,原创设计·程序化生成,PPT图标语义库·可改色形状,03_客户沟通触达,摄像机外形象征视频会议（关怀变体）,用于视频会议、远程沟通（关怀场景）,视频 / 通话 / 会议 / 关怀,"video, call, meeting, care",11,03_客户沟通触达,"已完成 (PowerPoint 原生 custGeom 形状, Shape Fill 直接改色)",原创设计 · 可商用 · 形状非 SVG · 单色 PowerPoint Shape
CUST-030,,视频通话·定时,VideoCallScheduled,原创设计·程序化生成,PPT图标语义库·可改色形状,03_客户沟通触达,摄像机外形象征视频会议（定时变体）,用于视频会议、远程沟通（定时场景）,视频 / 通话 / 会议 / 定时,"video, call, meeting, scheduled",11,03_客户沟通触达,"已完成 (PowerPoint 原生 custGeom 形状, Shape Fill 直接改色)",原创设计 · 可商用 · 形状非 SVG · 单色 PowerPoint Shape
CUST-031,,客服耳机,Headset,原创设计·程序化生成,PPT图标语义库·可改色形状,03_客户沟通触达,耳麦象征客服坐席,用于客服中心、坐席,客服 / 耳机 / 坐席,"headset, support, agent",11,03_客户沟通触达,"已完成 (PowerPoint 原生 custGeom 形状, Shape Fill 直接改色)",原创设计 · 可商用 · 形状非 SVG · 单色 PowerPoint Shape
CUST-032,,客服耳机·已验证,HeadsetVerified,原创设计·程序化生成,PPT图标语义库·可改色形状,03_客户沟通触达,耳麦象征客服坐席（已验证变体）,用于客服中心、坐席（已验证场景）,客服 / 耳机 / 坐席 / 已验证,"headset, support, agent, verified",11,03_客户沟通触达,"已完成 (PowerPoint 原生 custGeom 形状, Shape Fill 直接改色)",原创设计 · 可商用 · 形状非 SVG · 单色 PowerPoint Shape
CUST-033,,客服耳机·新增,HeadsetAdd,原创设计·程序化生成,PPT图标语义库·可改色形状,03_客户沟通触达,耳麦象征客服坐席（新增变体）,用于客服中心、坐席（新增场景）,客服 / 耳机 / 坐席 / 新增,"headset, support, agent, add",11,03_客户沟通触达,"已完成 (PowerPoint 原生 custGeom 形状, Shape Fill 直接改色)",原创设计 · 可商用 · 形状非 SVG · 单色 PowerPoint Shape
CUST-034,,客服耳机·协同,HeadsetWithPerson,原创设计·程序化生成,PPT图标语义库·可改色形状,03_客户沟通触达,耳麦象征客服坐席（协同变体）,用于客服中心、坐席（协同场景）,客服 / 耳机 / 坐席 / 协同,"headset, support, agent, withperson",11,03_客户沟通触达,"已完成 (PowerPoint 原生 custGeom 形状, Shape Fill 直接改色)",原创设计 · 可商用 · 形状非 SVG · 单色 PowerPoint Shape
CUST-035,,客服耳机·关怀,HeadsetCare,原创设计·程序化生成,PPT图标语义库·可改色形状,03_客户沟通触达,耳麦象征客服坐席（关怀变体）,用于客服中心、坐席（关怀场景）,客服 / 耳机 / 坐席 / 关怀,"headset, support, agent, care",11,03_客户沟通触达,"已完成 (PowerPoint 原生 custGeom 形状, Shape Fill 直接改色)",原创设计 · 可商用 · 形状非 SVG · 单色 PowerPoint Shape
CUST-036,,客服耳机·定时,HeadsetScheduled,原创设计·程序化生成,PPT图标语义库·可改色形状,03_客户沟通触达,耳麦象征客服坐席（定时变体）,用于客服中心、坐席（定时场景）,客服 / 耳机 / 坐席 / 定时,"headset, support, agent, scheduled",11,03_客户沟通触达,"已完成 (PowerPoint 原生 custGeom 形状, Shape Fill 直接改色)",原创设计 · 可商用 · 形状非 SVG · 单色 PowerPoint Shape
CUST-037,,营销喇叭,Megaphone,原创设计·程序化生成,PPT图标语义库·可改色形状,03_客户沟通触达,扩音器象征传播,用于活动宣传、营销触达,营销 / 宣传 / 扩音,"megaphone, promote, broadcast",11,03_客户沟通触达,"已完成 (PowerPoint 原生 custGeom 形状, Shape Fill 直接改色)",原创设计 · 可商用 · 形状非 SVG · 单色 PowerPoint Shape
CUST-038,,营销喇叭·已验证,MegaphoneVerified,原创设计·程序化生成,PPT图标语义库·可改色形状,03_客户沟通触达,扩音器象征传播（已验证变体）,用于活动宣传、营销触达（已验证场景）,营销 / 宣传 / 扩音 / 已验证,"megaphone, promote, broadcast, verified",11,03_客户沟通触达,"已完成 (PowerPoint 原生 custGeom 形状, Shape Fill 直接改色)",原创设计 · 可商用 · 形状非 SVG · 单色 PowerPoint Shape
CUST-039,,营销喇叭·新增,MegaphoneAdd,原创设计·程序化生成,PPT图标语义库·可改色形状,03_客户沟通触达,扩音器象征传播（新增变体）,用于活动宣传、营销触达（新增场景）,营销 / 宣传 / 扩音 / 新增,"megaphone, promote, broadcast, add",11,03_客户沟通触达,"已完成 (PowerPoint 原生 custGeom 形状, Shape Fill 直接改色)",原创设计 · 可商用 · 形状非 SVG · 单色 PowerPoint Shape
CUST-040,,营销喇叭·协同,MegaphoneWithPerson,原创设计·程序化生成,PPT图标语义库·可改色形状,03_客户沟通触达,扩音器象征传播（协同变体）,用于活动宣传、营销触达（协同场景）,营销 / 宣传 / 扩音 / 协同,"megaphone, promote, broadcast, withperson",11,03_客户沟通触达,"已完成 (PowerPoint 原生 custGeom 形状, Shape Fill 直接改色)",原创设计 · 可商用 · 形状非 SVG · 单色 PowerPoint Shape
CUST-041,,营销喇叭·关怀,MegaphoneCare,原创设计·程序化生成,PPT图标语义库·可改色形状,03_客户沟通触达,扩音器象征传播（关怀变体）,用于活动宣传、营销触达（关怀场景）,营销 / 宣传 / 扩音 / 关怀,"megaphone, promote, broadcast, care",12,03_客户沟通触达,"已完成 (PowerPoint 原生 custGeom 形状, Shape Fill 直接改色)",原创设计 · 可商用 · 形状非 SVG · 单色 PowerPoint Shape
CUST-042,,营销喇叭·定时,MegaphoneScheduled,原创设计·程序化生成,PPT图标语义库·可改色形状,03_客户沟通触达,扩音器象征传播（定时变体）,用于活动宣传、营销触达（定时场景）,营销 / 宣传 / 扩音 / 定时,"megaphone, promote, broadcast, scheduled",12,03_客户沟通触达,"已完成 (PowerPoint 原生 custGeom 形状, Shape Fill 直接改色)",原创设计 · 可商用 · 形状非 SVG · 单色 PowerPoint Shape
CUST-043,,客户头像,CustomerFace,原创设计·程序化生成,PPT图标语义库·可改色形状,03_客户沟通触达,用户头像象征客户主体,用于客户档案、个人中心,客户 / 用户 / 头像,"user, customer, profile",12,03_客户沟通触达,"已完成 (PowerPoint 原生 custGeom 形状, Shape Fill 直接改色)",原创设计 · 可商用 · 形状非 SVG · 单色 PowerPoint Shape
CUST-044,,客户头像·已验证,CustomerFaceVerified,原创设计·程序化生成,PPT图标语义库·可改色形状,03_客户沟通触达,用户头像象征客户主体（已验证变体）,用于客户档案、个人中心（已验证场景）,客户 / 用户 / 头像 / 已验证,"user, customer, profile, verified",12,03_客户沟通触达,"已完成 (PowerPoint 原生 custGeom 形状, Shape Fill 直接改色)",原创设计 · 可商用 · 形状非 SVG · 单色 PowerPoint Shape
CUST-045,,客户头像·新增,CustomerFaceAdd,原创设计·程序化生成,PPT图标语义库·可改色形状,03_客户沟通触达,用户头像象征客户主体（新增变体）,用于客户档案、个人中心（新增场景）,客户 / 用户 / 头像 / 新增,"user, customer, profile, add",12,03_客户沟通触达,"已完成 (PowerPoint 原生 custGeom 形状, Shape Fill 直接改色)",原创设计 · 可商用 · 形状非 SVG · 单色 PowerPoint Shape
CUST-046,,客户头像·协同,CustomerFaceWithPerson,原创设计·程序化生成,PPT图标语义库·可改色形状,03_客户沟通触达,用户头像象征客户主体（协同变体）,用于客户档案、个人中心（协同场景）,客户 / 用户 / 头像 / 协同,"user, customer, profile, withperson",12,03_客户沟通触达,"已完成 (PowerPoint 原生 custGeom 形状, Shape Fill 直接改色)",原创设计 · 可商用 · 形状非 SVG · 单色 PowerPoint Shape
CUST-047,,客户头像·关怀,CustomerFaceCare,原创设计·程序化生成,PPT图标语义库·可改色形状,03_客户沟通触达,用户头像象征客户主体（关怀变体）,用于客户档案、个人中心（关怀场景）,客户 / 用户 / 头像 / 关怀,"user, customer, profile, care",12,03_客户沟通触达,"已完成 (PowerPoint 原生 custGeom 形状, Shape Fill 直接改色)",原创设计 · 可商用 · 形状非 SVG · 单色 PowerPoint Shape
CUST-048,,客户头像·定时,CustomerFaceScheduled,原创设计·程序化生成,PPT图标语义库·可改色形状,03_客户沟通触达,用户头像象征客户主体（定时变体）,用于客户档案、个人中心（定时场景）,客户 / 用户 / 头像 / 定时,"user, customer, profile, scheduled",12,03_客户沟通触达,"已完成 (PowerPoint 原生 custGeom 形状, Shape Fill 直接改色)",原创设计 · 可商用 · 形状非 SVG · 单色 PowerPoint Shape
CUST-049,,通讯录,ContactBook,原创设计·程序化生成,PPT图标语义库·可改色形状,03_客户沟通触达,联系人列表象征CRM,用于客户档案、联系人,通讯录 / 联系人 / CRM,"contacts, address-book, crm",12,03_客户沟通触达,"已完成 (PowerPoint 原生 custGeom 形状, Shape Fill 直接改色)",原创设计 · 可商用 · 形状非 SVG · 单色 PowerPoint Shape
CUST-050,,通讯录·已验证,ContactBookVerified,原创设计·程序化生成,PPT图标语义库·可改色形状,03_客户沟通触达,联系人列表象征CRM（已验证变体）,用于客户档案、联系人（已验证场景）,通讯录 / 联系人 / CRM / 已验证,"contacts, address-book, crm, verified",12,03_客户沟通触达,"已完成 (PowerPoint 原生 custGeom 形状, Shape Fill 直接改色)",原创设计 · 可商用 · 形状非 SVG · 单色 PowerPoint Shape
CUST-051,,通讯录·新增,ContactBookAdd,原创设计·程序化生成,PPT图标语义库·可改色形状,03_客户沟通触达,联系人列表象征CRM（新增变体）,用于客户档案、联系人（新增场景）,通讯录 / 联系人 / CRM / 新增,"contacts, address-book, crm, add",12,03_客户沟通触达,"已完成 (PowerPoint 原生 custGeom 形状, Shape Fill 直接改色)",原创设计 · 可商用 · 形状非 SVG · 单色 PowerPoint Shape
CUST-052,,通讯录·协同,ContactBookWithPerson,原创设计·程序化生成,PPT图标语义库·可改色形状,03_客户沟通触达,联系人列表象征CRM（协同变体）,用于客户档案、联系人（协同场景）,通讯录 / 联系人 / CRM / 协同,"contacts, address-book, crm, withperson",12,03_客户沟通触达,"已完成 (PowerPoint 原生 custGeom 形状, Shape Fill 直接改色)",原创设计 · 可商用 · 形状非 SVG · 单色 PowerPoint Shape
CUST-053,,通讯录·关怀,ContactBookCare,原创设计·程序化生成,PPT图标语义库·可改色形状,03_客户沟通触达,联系人列表象征CRM（关怀变体）,用于客户档案、联系人（关怀场景）,通讯录 / 联系人 / CRM / 关怀,"contacts, address-book, crm, care",12,03_客户沟通触达,"已完成 (PowerPoint 原生 custGeom 形状, Shape Fill 直接改色)",原创设计 · 可商用 · 形状非 SVG · 单色 PowerPoint Shape
CUST-054,,通讯录·定时,ContactBookScheduled,原创设计·程序化生成,PPT图标语义库·可改色形状,03_客户沟通触达,联系人列表象征CRM（定时变体）,用于客户档案、联系人（定时场景）,通讯录 / 联系人 / CRM / 定时,"contacts, address-book, crm, scheduled",12,03_客户沟通触达,"已完成 (PowerPoint 原生 custGeom 形状, Shape Fill 直接改色)",原创设计 · 可商用 · 形状非 SVG · 单色 PowerPoint Shape
CUST-055,,会议安排,MeetingCalendar,原创设计·程序化生成,PPT图标语义库·可改色形状,03_客户沟通触达,日历+联络人象征会议,用于客户拜访、会议预约,会议 / 拜访 / 约见,"meeting, appointment, visit",12,03_客户沟通触达,"已完成 (PowerPoint 原生 custGeom 形状, Shape Fill 直接改色)",原创设计 · 可商用 · 形状非 SVG · 单色 PowerPoint Shape
CUST-056,,会议安排·已验证,MeetingCalendarVerified,原创设计·程序化生成,PPT图标语义库·可改色形状,03_客户沟通触达,日历+联络人象征会议（已验证变体）,用于客户拜访、会议预约（已验证场景）,会议 / 拜访 / 约见 / 已验证,"meeting, appointment, visit, verified",12,03_客户沟通触达,"已完成 (PowerPoint 原生 custGeom 形状, Shape Fill 直接改色)",原创设计 · 可商用 · 形状非 SVG · 单色 PowerPoint Shape
CUST-057,,会议安排·新增,MeetingCalendarAdd,原创设计·程序化生成,PPT图标语义库·可改色形状,03_客户沟通触达,日历+联络人象征会议（新增变体）,用于客户拜访、会议预约（新增场景）,会议 / 拜访 / 约见 / 新增,"meeting, appointment, visit, add",12,03_客户沟通触达,"已完成 (PowerPoint 原生 custGeom 形状, Shape Fill 直接改色)",原创设计 · 可商用 · 形状非 SVG · 单色 PowerPoint Shape
CUST-058,,会议安排·协同,MeetingCalendarWithPerson,原创设计·程序化生成,PPT图标语义库·可改色形状,03_客户沟通触达,日历+联络人象征会议（协同变体）,用于客户拜访、会议预约（协同场景）,会议 / 拜访 / 约见 / 协同,"meeting, appointment, visit, withperson",12,03_客户沟通触达,"已完成 (PowerPoint 原生 custGeom 形状, Shape Fill 直接改色)",原创设计 · 可商用 · 形状非 SVG · 单色 PowerPoint Shape
CUST-059,,会议安排·关怀,MeetingCalendarCare,原创设计·程序化生成,PPT图标语义库·可改色形状,03_客户沟通触达,日历+联络人象征会议（关怀变体）,用于客户拜访、会议预约（关怀场景）,会议 / 拜访 / 约见 / 关怀,"meeting, appointment, visit, care",12,03_客户沟通触达,"已完成 (PowerPoint 原生 custGeom 形状, Shape Fill 直接改色)",原创设计 · 可商用 · 形状非 SVG · 单色 PowerPoint Shape
CUST-060,,会议安排·定时,MeetingCalendarScheduled,原创设计·程序化生成,PPT图标语义库·可改色形状,03_客户沟通触达,日历+联络人象征会议（定时变体）,用于客户拜访、会议预约（定时场景）,会议 / 拜访 / 约见 / 定时,"meeting, appointment, visit, scheduled",12,03_客户沟通触达,"已完成 (PowerPoint 原生 custGeom 形状, Shape Fill 直接改色)",原创设计 · 可商用 · 形状非 SVG · 单色 PowerPoint Shape
CUST-061,,广播信号,Broadcast,原创设计·程序化生成,PPT图标语义库·可改色形状,03_客户沟通触达,信号波象征广撒触达,用于群发、广播、推送,广播 / 推送 / 群发,"broadcast, push, blast",12,03_客户沟通触达,"已完成 (PowerPoint 原生 custGeom 形状, Shape Fill 直接改色)",原创设计 · 可商用 · 形状非 SVG · 单色 PowerPoint Shape
CUST-062,,广播信号·已验证,BroadcastVerified,原创设计·程序化生成,PPT图标语义库·可改色形状,03_客户沟通触达,信号波象征广撒触达（已验证变体）,用于群发、广播、推送（已验证场景）,广播 / 推送 / 群发 / 已验证,"broadcast, push, blast, verified",12,03_客户沟通触达,"已完成 (PowerPoint 原生 custGeom 形状, Shape Fill 直接改色)",原创设计 · 可商用 · 形状非 SVG · 单色 PowerPoint Shape
CUST-063,,广播信号·新增,BroadcastAdd,原创设计·程序化生成,PPT图标语义库·可改色形状,03_客户沟通触达,信号波象征广撒触达（新增变体）,用于群发、广播、推送（新增场景）,广播 / 推送 / 群发 / 新增,"broadcast, push, blast, add",12,03_客户沟通触达,"已完成 (PowerPoint 原生 custGeom 形状, Shape Fill 直接改色)",原创设计 · 可商用 · 形状非 SVG · 单色 PowerPoint Shape
CUST-064,,广播信号·协同,BroadcastWithPerson,原创设计·程序化生成,PPT图标语义库·可改色形状,03_客户沟通触达,信号波象征广撒触达（协同变体）,用于群发、广播、推送（协同场景）,广播 / 推送 / 群发 / 协同,"broadcast, push, blast, withperson",12,03_客户沟通触达,"已完成 (PowerPoint 原生 custGeom 形状, Shape Fill 直接改色)",原创设计 · 可商用 · 形状非 SVG · 单色 PowerPoint Shape
CUST-065,,广播信号·关怀,BroadcastCare,原创设计·程序化生成,PPT图标语义库·可改色形状,03_客户沟通触达,信号波象征广撒触达（关怀变体）,用于群发、广播、推送（关怀场景）,广播 / 推送 / 群发 / 关怀,"broadcast, push, blast, care",12,03_客户沟通触达,"已完成 (PowerPoint 原生 custGeom 形状, Shape Fill 直接改色)",原创设计 · 可商用 · 形状非 SVG · 单色 PowerPoint Shape
CUST-066,,广播信号·定时,BroadcastScheduled,原创设计·程序化生成,PPT图标语义库·可改色形状,03_客户沟通触达,信号波象征广撒触达（定时变体）,用于群发、广播、推送（定时场景）,广播 / 推送 / 群发 / 定时,"broadcast, push, blast, scheduled",12,03_客户沟通触达,"已完成 (PowerPoint 原生 custGeom 形状, Shape Fill 直接改色)",原创设计 · 可商用 · 形状非 SVG · 单色 PowerPoint Shape
CUST-067,,提醒通知,Notification,原创设计·程序化生成,PPT图标语义库·可改色形状,03_客户沟通触达,铃铛象征实时提醒,用于站内信、推送,提醒 / 通知 / 铃铛,"notification, bell, alert",12,03_客户沟通触达,"已完成 (PowerPoint 原生 custGeom 形状, Shape Fill 直接改色)",原创设计 · 可商用 · 形状非 SVG · 单色 PowerPoint Shape
CUST-068,,提醒通知·已验证,NotificationVerified,原创设计·程序化生成,PPT图标语义库·可改色形状,03_客户沟通触达,铃铛象征实时提醒（已验证变体）,用于站内信、推送（已验证场景）,提醒 / 通知 / 铃铛 / 已验证,"notification, bell, alert, verified",12,03_客户沟通触达,"已完成 (PowerPoint 原生 custGeom 形状, Shape Fill 直接改色)",原创设计 · 可商用 · 形状非 SVG · 单色 PowerPoint Shape
CUST-069,,提醒通知·新增,NotificationAdd,原创设计·程序化生成,PPT图标语义库·可改色形状,03_客户沟通触达,铃铛象征实时提醒（新增变体）,用于站内信、推送（新增场景）,提醒 / 通知 / 铃铛 / 新增,"notification, bell, alert, add",12,03_客户沟通触达,"已完成 (PowerPoint 原生 custGeom 形状, Shape Fill 直接改色)",原创设计 · 可商用 · 形状非 SVG · 单色 PowerPoint Shape
CUST-070,,提醒通知·协同,NotificationWithPerson,原创设计·程序化生成,PPT图标语义库·可改色形状,03_客户沟通触达,铃铛象征实时提醒（协同变体）,用于站内信、推送（协同场景）,提醒 / 通知 / 铃铛 / 协同,"notification, bell, alert, withperson",12,03_客户沟通触达,"已完成 (PowerPoint 原生 custGeom 形状, Shape Fill 直接改色)",原创设计 · 可商用 · 形状非 SVG · 单色 PowerPoint Shape
CUST-071,,提醒通知·关怀,NotificationCare,原创设计·程序化生成,PPT图标语义库·可改色形状,03_客户沟通触达,铃铛象征实时提醒（关怀变体）,用于站内信、推送（关怀场景）,提醒 / 通知 / 铃铛 / 关怀,"notification, bell, alert, care",12,03_客户沟通触达,"已完成 (PowerPoint 原生 custGeom 形状, Shape Fill 直接改色)",原创设计 · 可商用 · 形状非 SVG · 单色 PowerPoint Shape
CUST-072,,提醒通知·定时,NotificationScheduled,原创设计·程序化生成,PPT图标语义库·可改色形状,03_客户沟通触达,铃铛象征实时提醒（定时变体）,用于站内信、推送（定时场景）,提醒 / 通知 / 铃铛 / 定时,"notification, bell, alert, scheduled",12,03_客户沟通触达,"已完成 (PowerPoint 原生 custGeom 形状, Shape Fill 直接改色)",原创设计 · 可商用 · 形状非 SVG · 单色 PowerPoint Shape
CUST-073,,收件箱,Mailbox,原创设计·程序化生成,PPT图标语义库·可改色形状,03_客户沟通触达,邮筒象征收件入口,用于收件箱、待处理,收件箱 / 邮筒 / 待办,"inbox, mailbox, incoming",12,03_客户沟通触达,"已完成 (PowerPoint 原生 custGeom 形状, Shape Fill 直接改色)",原创设计 · 可商用 · 形状非 SVG · 单色 PowerPoint Shape
CUST-074,,收件箱·已验证,MailboxVerified,原创设计·程序化生成,PPT图标语义库·可改色形状,03_客户沟通触达,邮筒象征收件入口（已验证变体）,用于收件箱、待处理（已验证场景）,收件箱 / 邮筒 / 待办 / 已验证,"inbox, mailbox, incoming, verified",12,03_客户沟通触达,"已完成 (PowerPoint 原生 custGeom 形状, Shape Fill 直接改色)",原创设计 · 可商用 · 形状非 SVG · 单色 PowerPoint Shape
CUST-075,,收件箱·新增,MailboxAdd,原创设计·程序化生成,PPT图标语义库·可改色形状,03_客户沟通触达,邮筒象征收件入口（新增变体）,用于收件箱、待处理（新增场景）,收件箱 / 邮筒 / 待办 / 新增,"inbox, mailbox, incoming, add",12,03_客户沟通触达,"已完成 (PowerPoint 原生 custGeom 形状, Shape Fill 直接改色)",原创设计 · 可商用 · 形状非 SVG · 单色 PowerPoint Shape
CUST-076,,收件箱·协同,MailboxWithPerson,原创设计·程序化生成,PPT图标语义库·可改色形状,03_客户沟通触达,邮筒象征收件入口（协同变体）,用于收件箱、待处理（协同场景）,收件箱 / 邮筒 / 待办 / 协同,"inbox, mailbox, incoming, withperson",12,03_客户沟通触达,"已完成 (PowerPoint 原生 custGeom 形状, Shape Fill 直接改色)",原创设计 · 可商用 · 形状非 SVG · 单色 PowerPoint Shape
CUST-077,,收件箱·关怀,MailboxCare,原创设计·程序化生成,PPT图标语义库·可改色形状,03_客户沟通触达,邮筒象征收件入口（关怀变体）,用于收件箱、待处理（关怀场景）,收件箱 / 邮筒 / 待办 / 关怀,"inbox, mailbox, incoming, care",12,03_客户沟通触达,"已完成 (PowerPoint 原生 custGeom 形状, Shape Fill 直接改色)",原创设计 · 可商用 · 形状非 SVG · 单色 PowerPoint Shape
CUST-078,,收件箱·定时,MailboxScheduled,原创设计·程序化生成,PPT图标语义库·可改色形状,03_客户沟通触达,邮筒象征收件入口（定时变体）,用于收件箱、待处理（定时场景）,收件箱 / 邮筒 / 待办 / 定时,"inbox, mailbox, incoming, scheduled",12,03_客户沟通触达,"已完成 (PowerPoint 原生 custGeom 形状, Shape Fill 直接改色)",原创设计 · 可商用 · 形状非 SVG · 单色 PowerPoint Shape
CUST-079,,客户触点,Touchpoint,原创设计·程序化生成,PPT图标语义库·可改色形状,03_客户沟通触达,同心圆象征触达层级,用于触点策略、覆盖度,触点 / 触达 / 覆盖,"touchpoint, reach, coverage",12,03_客户沟通触达,"已完成 (PowerPoint 原生 custGeom 形状, Shape Fill 直接改色)",原创设计 · 可商用 · 形状非 SVG · 单色 PowerPoint Shape
CUST-080,,客户触点·已验证,TouchpointVerified,原创设计·程序化生成,PPT图标语义库·可改色形状,03_客户沟通触达,同心圆象征触达层级（已验证变体）,用于触点策略、覆盖度（已验证场景）,触点 / 触达 / 覆盖 / 已验证,"touchpoint, reach, coverage, verified",12,03_客户沟通触达,"已完成 (PowerPoint 原生 custGeom 形状, Shape Fill 直接改色)",原创设计 · 可商用 · 形状非 SVG · 单色 PowerPoint Shape
CUST-081,,客户触点·新增,TouchpointAdd,原创设计·程序化生成,PPT图标语义库·可改色形状,03_客户沟通触达,同心圆象征触达层级（新增变体）,用于触点策略、覆盖度（新增场景）,触点 / 触达 / 覆盖 / 新增,"touchpoint, reach, coverage, add",13,03_客户沟通触达,"已完成 (PowerPoint 原生 custGeom 形状, Shape Fill 直接改色)",原创设计 · 可商用 · 形状非 SVG · 单色 PowerPoint Shape
CUST-082,,客户触点·协同,TouchpointWithPerson,原创设计·程序化生成,PPT图标语义库·可改色形状,03_客户沟通触达,同心圆象征触达层级（协同变体）,用于触点策略、覆盖度（协同场景）,触点 / 触达 / 覆盖 / 协同,"touchpoint, reach, coverage, withperson",13,03_客户沟通触达,"已完成 (PowerPoint 原生 custGeom 形状, Shape Fill 直接改色)",原创设计 · 可商用 · 形状非 SVG · 单色 PowerPoint Shape
CUST-083,,客户触点·关怀,TouchpointCare,原创设计·程序化生成,PPT图标语义库·可改色形状,03_客户沟通触达,同心圆象征触达层级（关怀变体）,用于触点策略、覆盖度（关怀场景）,触点 / 触达 / 覆盖 / 关怀,"touchpoint, reach, coverage, care",13,03_客户沟通触达,"已完成 (PowerPoint 原生 custGeom 形状, Shape Fill 直接改色)",原创设计 · 可商用 · 形状非 SVG · 单色 PowerPoint Shape
SALE-001,,购物车,ShoppingCart,原创设计·程序化生成,PPT图标语义库·可改色形状,04_服销增长转化,购物车象征下单,用于电商下单、购买,购物车 / 下单 / 购买,"cart, order, buy",15,04_服销增长转化,"已完成 (PowerPoint 原生 custGeom 形状, Shape Fill 直接改色)",原创设计 · 可商用 · 形状非 SVG · 单色 PowerPoint Shape
SALE-002,,购物车·已验证,ShoppingCartVerified,原创设计·程序化生成,PPT图标语义库·可改色形状,04_服销增长转化,购物车象征下单（已验证变体）,用于电商下单、购买（已验证场景）,购物车 / 下单 / 购买 / 已验证,"cart, order, buy, verified",15,04_服销增长转化,"已完成 (PowerPoint 原生 custGeom 形状, Shape Fill 直接改色)",原创设计 · 可商用 · 形状非 SVG · 单色 PowerPoint Shape
SALE-003,,购物车·新增,ShoppingCartAdd,原创设计·程序化生成,PPT图标语义库·可改色形状,04_服销增长转化,购物车象征下单（新增变体）,用于电商下单、购买（新增场景）,购物车 / 下单 / 购买 / 新增,"cart, order, buy, add",15,04_服销增长转化,"已完成 (PowerPoint 原生 custGeom 形状, Shape Fill 直接改色)",原创设计 · 可商用 · 形状非 SVG · 单色 PowerPoint Shape
SALE-004,,购物车·上升,ShoppingCartUp,原创设计·程序化生成,PPT图标语义库·可改色形状,04_服销增长转化,购物车象征下单（上升变体）,用于电商下单、购买（上升场景）,购物车 / 下单 / 购买 / 上升,"cart, order, buy, up",15,04_服销增长转化,"已完成 (PowerPoint 原生 custGeom 形状, Shape Fill 直接改色)",原创设计 · 可商用 · 形状非 SVG · 单色 PowerPoint Shape
SALE-005,,购物车·下降,ShoppingCartDown,原创设计·程序化生成,PPT图标语义库·可改色形状,04_服销增长转化,购物车象征下单（下降变体）,用于电商下单、购买（下降场景）,购物车 / 下单 / 购买 / 下降,"cart, order, buy, down",15,04_服销增长转化,"已完成 (PowerPoint 原生 custGeom 形状, Shape Fill 直接改色)",原创设计 · 可商用 · 形状非 SVG · 单色 PowerPoint Shape
SALE-006,,购物车·重点,ShoppingCartFeatured,原创设计·程序化生成,PPT图标语义库·可改色形状,04_服销增长转化,购物车象征下单（重点变体）,用于电商下单、购买（重点场景）,购物车 / 下单 / 购买 / 重点,"cart, order, buy, featured",15,04_服销增长转化,"已完成 (PowerPoint 原生 custGeom 形状, Shape Fill 直接改色)",原创设计 · 可商用 · 形状非 SVG · 单色 PowerPoint Shape
SALE-007,,钱袋,MoneyBag,原创设计·程序化生成,PPT图标语义库·可改色形状,04_服销增长转化,钱袋+￥象征收入,用于营收、入账,收入 / 营收 / 钱袋,"money, revenue, income",15,04_服销增长转化,"已完成 (PowerPoint 原生 custGeom 形状, Shape Fill 直接改色)",原创设计 · 可商用 · 形状非 SVG · 单色 PowerPoint Shape
SALE-008,,钱袋·已验证,MoneyBagVerified,原创设计·程序化生成,PPT图标语义库·可改色形状,04_服销增长转化,钱袋+￥象征收入（已验证变体）,用于营收、入账（已验证场景）,收入 / 营收 / 钱袋 / 已验证,"money, revenue, income, verified",15,04_服销增长转化,"已完成 (PowerPoint 原生 custGeom 形状, Shape Fill 直接改色)",原创设计 · 可商用 · 形状非 SVG · 单色 PowerPoint Shape
SALE-009,,钱袋·新增,MoneyBagAdd,原创设计·程序化生成,PPT图标语义库·可改色形状,04_服销增长转化,钱袋+￥象征收入（新增变体）,用于营收、入账（新增场景）,收入 / 营收 / 钱袋 / 新增,"money, revenue, income, add",15,04_服销增长转化,"已完成 (PowerPoint 原生 custGeom 形状, Shape Fill 直接改色)",原创设计 · 可商用 · 形状非 SVG · 单色 PowerPoint Shape
SALE-010,,钱袋·上升,MoneyBagUp,原创设计·程序化生成,PPT图标语义库·可改色形状,04_服销增长转化,钱袋+￥象征收入（上升变体）,用于营收、入账（上升场景）,收入 / 营收 / 钱袋 / 上升,"money, revenue, income, up",15,04_服销增长转化,"已完成 (PowerPoint 原生 custGeom 形状, Shape Fill 直接改色)",原创设计 · 可商用 · 形状非 SVG · 单色 PowerPoint Shape
SALE-011,,钱袋·下降,MoneyBagDown,原创设计·程序化生成,PPT图标语义库·可改色形状,04_服销增长转化,钱袋+￥象征收入（下降变体）,用于营收、入账（下降场景）,收入 / 营收 / 钱袋 / 下降,"money, revenue, income, down",15,04_服销增长转化,"已完成 (PowerPoint 原生 custGeom 形状, Shape Fill 直接改色)",原创设计 · 可商用 · 形状非 SVG · 单色 PowerPoint Shape
SALE-012,,钱袋·重点,MoneyBagFeatured,原创设计·程序化生成,PPT图标语义库·可改色形状,04_服销增长转化,钱袋+￥象征收入（重点变体）,用于营收、入账（重点场景）,收入 / 营收 / 钱袋 / 重点,"money, revenue, income, featured",15,04_服销增长转化,"已完成 (PowerPoint 原生 custGeom 形状, Shape Fill 直接改色)",原创设计 · 可商用 · 形状非 SVG · 单色 PowerPoint Shape
SALE-013,,金币堆,CoinStack,原创设计·程序化生成,PPT图标语义库·可改色形状,04_服销增长转化,金币堆象征积累,用于营收累计、积分,金币 / 积累 / 积分,"coin, stack, points",15,04_服销增长转化,"已完成 (PowerPoint 原生 custGeom 形状, Shape Fill 直接改色)",原创设计 · 可商用 · 形状非 SVG · 单色 PowerPoint Shape
SALE-014,,金币堆·已验证,CoinStackVerified,原创设计·程序化生成,PPT图标语义库·可改色形状,04_服销增长转化,金币堆象征积累（已验证变体）,用于营收累计、积分（已验证场景）,金币 / 积累 / 积分 / 已验证,"coin, stack, points, verified",15,04_服销增长转化,"已完成 (PowerPoint 原生 custGeom 形状, Shape Fill 直接改色)",原创设计 · 可商用 · 形状非 SVG · 单色 PowerPoint Shape
SALE-015,,金币堆·新增,CoinStackAdd,原创设计·程序化生成,PPT图标语义库·可改色形状,04_服销增长转化,金币堆象征积累（新增变体）,用于营收累计、积分（新增场景）,金币 / 积累 / 积分 / 新增,"coin, stack, points, add",15,04_服销增长转化,"已完成 (PowerPoint 原生 custGeom 形状, Shape Fill 直接改色)",原创设计 · 可商用 · 形状非 SVG · 单色 PowerPoint Shape
SALE-016,,金币堆·上升,CoinStackUp,原创设计·程序化生成,PPT图标语义库·可改色形状,04_服销增长转化,金币堆象征积累（上升变体）,用于营收累计、积分（上升场景）,金币 / 积累 / 积分 / 上升,"coin, stack, points, up",15,04_服销增长转化,"已完成 (PowerPoint 原生 custGeom 形状, Shape Fill 直接改色)",原创设计 · 可商用 · 形状非 SVG · 单色 PowerPoint Shape
SALE-017,,金币堆·下降,CoinStackDown,原创设计·程序化生成,PPT图标语义库·可改色形状,04_服销增长转化,金币堆象征积累（下降变体）,用于营收累计、积分（下降场景）,金币 / 积累 / 积分 / 下降,"coin, stack, points, down",15,04_服销增长转化,"已完成 (PowerPoint 原生 custGeom 形状, Shape Fill 直接改色)",原创设计 · 可商用 · 形状非 SVG · 单色 PowerPoint Shape
SALE-018,,金币堆·重点,CoinStackFeatured,原创设计·程序化生成,PPT图标语义库·可改色形状,04_服销增长转化,金币堆象征积累（重点变体）,用于营收累计、积分（重点场景）,金币 / 积累 / 积分 / 重点,"coin, stack, points, featured",15,04_服销增长转化,"已完成 (PowerPoint 原生 custGeom 形状, Shape Fill 直接改色)",原创设计 · 可商用 · 形状非 SVG · 单色 PowerPoint Shape
SALE-019,,增长向上,GrowthArrow,原创设计·程序化生成,PPT图标语义库·可改色形状,04_服销增长转化,曲线箭头+底线象征业绩增长,用于业绩、GMV,业绩增长 / 向上 / GMV,"sales, growth, gmv",15,04_服销增长转化,"已完成 (PowerPoint 原生 custGeom 形状, Shape Fill 直接改色)",原创设计 · 可商用 · 形状非 SVG · 单色 PowerPoint Shape
SALE-020,,增长向上·已验证,GrowthArrowVerified,原创设计·程序化生成,PPT图标语义库·可改色形状,04_服销增长转化,曲线箭头+底线象征业绩增长（已验证变体）,用于业绩、GMV（已验证场景）,业绩增长 / 向上 / GMV / 已验证,"sales, growth, gmv, verified",15,04_服销增长转化,"已完成 (PowerPoint 原生 custGeom 形状, Shape Fill 直接改色)",原创设计 · 可商用 · 形状非 SVG · 单色 PowerPoint Shape
SALE-021,,增长向上·新增,GrowthArrowAdd,原创设计·程序化生成,PPT图标语义库·可改色形状,04_服销增长转化,曲线箭头+底线象征业绩增长（新增变体）,用于业绩、GMV（新增场景）,业绩增长 / 向上 / GMV / 新增,"sales, growth, gmv, add",15,04_服销增长转化,"已完成 (PowerPoint 原生 custGeom 形状, Shape Fill 直接改色)",原创设计 · 可商用 · 形状非 SVG · 单色 PowerPoint Shape
SALE-022,,增长向上·上升,GrowthArrowUp,原创设计·程序化生成,PPT图标语义库·可改色形状,04_服销增长转化,曲线箭头+底线象征业绩增长（上升变体）,用于业绩、GMV（上升场景）,业绩增长 / 向上 / GMV / 上升,"sales, growth, gmv, up",15,04_服销增长转化,"已完成 (PowerPoint 原生 custGeom 形状, Shape Fill 直接改色)",原创设计 · 可商用 · 形状非 SVG · 单色 PowerPoint Shape
SALE-023,,增长向上·下降,GrowthArrowDown,原创设计·程序化生成,PPT图标语义库·可改色形状,04_服销增长转化,曲线箭头+底线象征业绩增长（下降变体）,用于业绩、GMV（下降场景）,业绩增长 / 向上 / GMV / 下降,"sales, growth, gmv, down",15,04_服销增长转化,"已完成 (PowerPoint 原生 custGeom 形状, Shape Fill 直接改色)",原创设计 · 可商用 · 形状非 SVG · 单色 PowerPoint Shape
SALE-024,,增长向上·重点,GrowthArrowFeatured,原创设计·程序化生成,PPT图标语义库·可改色形状,04_服销增长转化,曲线箭头+底线象征业绩增长（重点变体）,用于业绩、GMV（重点场景）,业绩增长 / 向上 / GMV / 重点,"sales, growth, gmv, featured",15,04_服销增长转化,"已完成 (PowerPoint 原生 custGeom 形状, Shape Fill 直接改色)",原创设计 · 可商用 · 形状非 SVG · 单色 PowerPoint Shape
SALE-025,,握手成交,Handshake,原创设计·程序化生成,PPT图标语义库·可改色形状,04_服销增长转化,握手象征达成,用于签约、合作,握手 / 成交 / 签约,"handshake, deal, agreement",15,04_服销增长转化,"已完成 (PowerPoint 原生 custGeom 形状, Shape Fill 直接改色)",原创设计 · 可商用 · 形状非 SVG · 单色 PowerPoint Shape
SALE-026,,握手成交·已验证,HandshakeVerified,原创设计·程序化生成,PPT图标语义库·可改色形状,04_服销增长转化,握手象征达成（已验证变体）,用于签约、合作（已验证场景）,握手 / 成交 / 签约 / 已验证,"handshake, deal, agreement, verified",15,04_服销增长转化,"已完成 (PowerPoint 原生 custGeom 形状, Shape Fill 直接改色)",原创设计 · 可商用 · 形状非 SVG · 单色 PowerPoint Shape
SALE-027,,握手成交·新增,HandshakeAdd,原创设计·程序化生成,PPT图标语义库·可改色形状,04_服销增长转化,握手象征达成（新增变体）,用于签约、合作（新增场景）,握手 / 成交 / 签约 / 新增,"handshake, deal, agreement, add",15,04_服销增长转化,"已完成 (PowerPoint 原生 custGeom 形状, Shape Fill 直接改色)",原创设计 · 可商用 · 形状非 SVG · 单色 PowerPoint Shape
SALE-028,,握手成交·上升,HandshakeUp,原创设计·程序化生成,PPT图标语义库·可改色形状,04_服销增长转化,握手象征达成（上升变体）,用于签约、合作（上升场景）,握手 / 成交 / 签约 / 上升,"handshake, deal, agreement, up",15,04_服销增长转化,"已完成 (PowerPoint 原生 custGeom 形状, Shape Fill 直接改色)",原创设计 · 可商用 · 形状非 SVG · 单色 PowerPoint Shape
SALE-029,,握手成交·下降,HandshakeDown,原创设计·程序化生成,PPT图标语义库·可改色形状,04_服销增长转化,握手象征达成（下降变体）,用于签约、合作（下降场景）,握手 / 成交 / 签约 / 下降,"handshake, deal, agreement, down",15,04_服销增长转化,"已完成 (PowerPoint 原生 custGeom 形状, Shape Fill 直接改色)",原创设计 · 可商用 · 形状非 SVG · 单色 PowerPoint Shape
SALE-030,,握手成交·重点,HandshakeFeatured,原创设计·程序化生成,PPT图标语义库·可改色形状,04_服销增长转化,握手象征达成（重点变体）,用于签约、合作（重点场景）,握手 / 成交 / 签约 / 重点,"handshake, deal, agreement, featured",15,04_服销增长转化,"已完成 (PowerPoint 原生 custGeom 形状, Shape Fill 直接改色)",原创设计 · 可商用 · 形状非 SVG · 单色 PowerPoint Shape
SALE-031,,签约合同,ContractSigned,原创设计·程序化生成,PPT图标语义库·可改色形状,04_服销增长转化,合同+签字象征签约,用于签约率、订单达成,合同 / 签约 / 订单,"contract, agreement, signed",15,04_服销增长转化,"已完成 (PowerPoint 原生 custGeom 形状, Shape Fill 直接改色)",原创设计 · 可商用 · 形状非 SVG · 单色 PowerPoint Shape
SALE-032,,签约合同·已验证,ContractSignedVerified,原创设计·程序化生成,PPT图标语义库·可改色形状,04_服销增长转化,合同+签字象征签约（已验证变体）,用于签约率、订单达成（已验证场景）,合同 / 签约 / 订单 / 已验证,"contract, agreement, signed, verified",15,04_服销增长转化,"已完成 (PowerPoint 原生 custGeom 形状, Shape Fill 直接改色)",原创设计 · 可商用 · 形状非 SVG · 单色 PowerPoint Shape
SALE-033,,签约合同·新增,ContractSignedAdd,原创设计·程序化生成,PPT图标语义库·可改色形状,04_服销增长转化,合同+签字象征签约（新增变体）,用于签约率、订单达成（新增场景）,合同 / 签约 / 订单 / 新增,"contract, agreement, signed, add",15,04_服销增长转化,"已完成 (PowerPoint 原生 custGeom 形状, Shape Fill 直接改色)",原创设计 · 可商用 · 形状非 SVG · 单色 PowerPoint Shape
SALE-034,,签约合同·上升,ContractSignedUp,原创设计·程序化生成,PPT图标语义库·可改色形状,04_服销增长转化,合同+签字象征签约（上升变体）,用于签约率、订单达成（上升场景）,合同 / 签约 / 订单 / 上升,"contract, agreement, signed, up",15,04_服销增长转化,"已完成 (PowerPoint 原生 custGeom 形状, Shape Fill 直接改色)",原创设计 · 可商用 · 形状非 SVG · 单色 PowerPoint Shape
SALE-035,,签约合同·下降,ContractSignedDown,原创设计·程序化生成,PPT图标语义库·可改色形状,04_服销增长转化,合同+签字象征签约（下降变体）,用于签约率、订单达成（下降场景）,合同 / 签约 / 订单 / 下降,"contract, agreement, signed, down",15,04_服销增长转化,"已完成 (PowerPoint 原生 custGeom 形状, Shape Fill 直接改色)",原创设计 · 可商用 · 形状非 SVG · 单色 PowerPoint Shape
SALE-036,,签约合同·重点,ContractSignedFeatured,原创设计·程序化生成,PPT图标语义库·可改色形状,04_服销增长转化,合同+签字象征签约（重点变体）,用于签约率、订单达成（重点场景）,合同 / 签约 / 订单 / 重点,"contract, agreement, signed, featured",15,04_服销增长转化,"已完成 (PowerPoint 原生 custGeom 形状, Shape Fill 直接改色)",原创设计 · 可商用 · 形状非 SVG · 单色 PowerPoint Shape
SALE-037,,销售漏斗,SalesFunnel,原创设计·程序化生成,PPT图标语义库·可改色形状,04_服销增长转化,漏斗象征销售线索,用于销售漏斗、Pipeline,销售漏斗 / 线索 / Pipeline,"funnel, pipeline, leads",15,04_服销增长转化,"已完成 (PowerPoint 原生 custGeom 形状, Shape Fill 直接改色)",原创设计 · 可商用 · 形状非 SVG · 单色 PowerPoint Shape
SALE-038,,销售漏斗·已验证,SalesFunnelVerified,原创设计·程序化生成,PPT图标语义库·可改色形状,04_服销增长转化,漏斗象征销售线索（已验证变体）,用于销售漏斗、Pipeline（已验证场景）,销售漏斗 / 线索 / Pipeline / 已验证,"funnel, pipeline, leads, verified",15,04_服销增长转化,"已完成 (PowerPoint 原生 custGeom 形状, Shape Fill 直接改色)",原创设计 · 可商用 · 形状非 SVG · 单色 PowerPoint Shape
SALE-039,,销售漏斗·新增,SalesFunnelAdd,原创设计·程序化生成,PPT图标语义库·可改色形状,04_服销增长转化,漏斗象征销售线索（新增变体）,用于销售漏斗、Pipeline（新增场景）,销售漏斗 / 线索 / Pipeline / 新增,"funnel, pipeline, leads, add",15,04_服销增长转化,"已完成 (PowerPoint 原生 custGeom 形状, Shape Fill 直接改色)",原创设计 · 可商用 · 形状非 SVG · 单色 PowerPoint Shape
SALE-040,,销售漏斗·上升,SalesFunnelUp,原创设计·程序化生成,PPT图标语义库·可改色形状,04_服销增长转化,漏斗象征销售线索（上升变体）,用于销售漏斗、Pipeline（上升场景）,销售漏斗 / 线索 / Pipeline / 上升,"funnel, pipeline, leads, up",15,04_服销增长转化,"已完成 (PowerPoint 原生 custGeom 形状, Shape Fill 直接改色)",原创设计 · 可商用 · 形状非 SVG · 单色 PowerPoint Shape
SALE-041,,销售漏斗·下降,SalesFunnelDown,原创设计·程序化生成,PPT图标语义库·可改色形状,04_服销增长转化,漏斗象征销售线索（下降变体）,用于销售漏斗、Pipeline（下降场景）,销售漏斗 / 线索 / Pipeline / 下降,"funnel, pipeline, leads, down",16,04_服销增长转化,"已完成 (PowerPoint 原生 custGeom 形状, Shape Fill 直接改色)",原创设计 · 可商用 · 形状非 SVG · 单色 PowerPoint Shape
SALE-042,,销售漏斗·重点,SalesFunnelFeatured,原创设计·程序化生成,PPT图标语义库·可改色形状,04_服销增长转化,漏斗象征销售线索（重点变体）,用于销售漏斗、Pipeline（重点场景）,销售漏斗 / 线索 / Pipeline / 重点,"funnel, pipeline, leads, featured",16,04_服销增长转化,"已完成 (PowerPoint 原生 custGeom 形状, Shape Fill 直接改色)",原创设计 · 可商用 · 形状非 SVG · 单色 PowerPoint Shape
SALE-043,,转化,Conversion,原创设计·程序化生成,PPT图标语义库·可改色形状,04_服销增长转化,圆变方象征状态转换,用于转化率、状态扭转,转化 / 转换 / 扭转,"conversion, convert, transform",16,04_服销增长转化,"已完成 (PowerPoint 原生 custGeom 形状, Shape Fill 直接改色)",原创设计 · 可商用 · 形状非 SVG · 单色 PowerPoint Shape
SALE-044,,转化·已验证,ConversionVerified,原创设计·程序化生成,PPT图标语义库·可改色形状,04_服销增长转化,圆变方象征状态转换（已验证变体）,用于转化率、状态扭转（已验证场景）,转化 / 转换 / 扭转 / 已验证,"conversion, convert, transform, verified",16,04_服销增长转化,"已完成 (PowerPoint 原生 custGeom 形状, Shape Fill 直接改色)",原创设计 · 可商用 · 形状非 SVG · 单色 PowerPoint Shape
SALE-045,,转化·新增,ConversionAdd,原创设计·程序化生成,PPT图标语义库·可改色形状,04_服销增长转化,圆变方象征状态转换（新增变体）,用于转化率、状态扭转（新增场景）,转化 / 转换 / 扭转 / 新增,"conversion, convert, transform, add",16,04_服销增长转化,"已完成 (PowerPoint 原生 custGeom 形状, Shape Fill 直接改色)",原创设计 · 可商用 · 形状非 SVG · 单色 PowerPoint Shape
SALE-046,,转化·上升,ConversionUp,原创设计·程序化生成,PPT图标语义库·可改色形状,04_服销增长转化,圆变方象征状态转换（上升变体）,用于转化率、状态扭转（上升场景）,转化 / 转换 / 扭转 / 上升,"conversion, convert, transform, up",16,04_服销增长转化,"已完成 (PowerPoint 原生 custGeom 形状, Shape Fill 直接改色)",原创设计 · 可商用 · 形状非 SVG · 单色 PowerPoint Shape
SALE-047,,转化·下降,ConversionDown,原创设计·程序化生成,PPT图标语义库·可改色形状,04_服销增长转化,圆变方象征状态转换（下降变体）,用于转化率、状态扭转（下降场景）,转化 / 转换 / 扭转 / 下降,"conversion, convert, transform, down",16,04_服销增长转化,"已完成 (PowerPoint 原生 custGeom 形状, Shape Fill 直接改色)",原创设计 · 可商用 · 形状非 SVG · 单色 PowerPoint Shape
SALE-048,,转化·重点,ConversionFeatured,原创设计·程序化生成,PPT图标语义库·可改色形状,04_服销增长转化,圆变方象征状态转换（重点变体）,用于转化率、状态扭转（重点场景）,转化 / 转换 / 扭转 / 重点,"conversion, convert, transform, featured",16,04_服销增长转化,"已完成 (PowerPoint 原生 custGeom 形状, Shape Fill 直接改色)",原创设计 · 可商用 · 形状非 SVG · 单色 PowerPoint Shape
SALE-049,,折扣标签,DiscountTag,原创设计·程序化生成,PPT图标语义库·可改色形状,04_服销增长转化,标签+%象征促销,用于活动、促销,折扣 / 促销 / 标签,"discount, promo, tag",16,04_服销增长转化,"已完成 (PowerPoint 原生 custGeom 形状, Shape Fill 直接改色)",原创设计 · 可商用 · 形状非 SVG · 单色 PowerPoint Shape
SALE-050,,折扣标签·已验证,DiscountTagVerified,原创设计·程序化生成,PPT图标语义库·可改色形状,04_服销增长转化,标签+%象征促销（已验证变体）,用于活动、促销（已验证场景）,折扣 / 促销 / 标签 / 已验证,"discount, promo, tag, verified",16,04_服销增长转化,"已完成 (PowerPoint 原生 custGeom 形状, Shape Fill 直接改色)",原创设计 · 可商用 · 形状非 SVG · 单色 PowerPoint Shape
SALE-051,,折扣标签·新增,DiscountTagAdd,原创设计·程序化生成,PPT图标语义库·可改色形状,04_服销增长转化,标签+%象征促销（新增变体）,用于活动、促销（新增场景）,折扣 / 促销 / 标签 / 新增,"discount, promo, tag, add",16,04_服销增长转化,"已完成 (PowerPoint 原生 custGeom 形状, Shape Fill 直接改色)",原创设计 · 可商用 · 形状非 SVG · 单色 PowerPoint Shape
SALE-052,,折扣标签·上升,DiscountTagUp,原创设计·程序化生成,PPT图标语义库·可改色形状,04_服销增长转化,标签+%象征促销（上升变体）,用于活动、促销（上升场景）,折扣 / 促销 / 标签 / 上升,"discount, promo, tag, up",16,04_服销增长转化,"已完成 (PowerPoint 原生 custGeom 形状, Shape Fill 直接改色)",原创设计 · 可商用 · 形状非 SVG · 单色 PowerPoint Shape
SALE-053,,折扣标签·下降,DiscountTagDown,原创设计·程序化生成,PPT图标语义库·可改色形状,04_服销增长转化,标签+%象征促销（下降变体）,用于活动、促销（下降场景）,折扣 / 促销 / 标签 / 下降,"discount, promo, tag, down",16,04_服销增长转化,"已完成 (PowerPoint 原生 custGeom 形状, Shape Fill 直接改色)",原创设计 · 可商用 · 形状非 SVG · 单色 PowerPoint Shape
SALE-054,,折扣标签·重点,DiscountTagFeatured,原创设计·程序化生成,PPT图标语义库·可改色形状,04_服销增长转化,标签+%象征促销（重点变体）,用于活动、促销（重点场景）,折扣 / 促销 / 标签 / 重点,"discount, promo, tag, featured",16,04_服销增长转化,"已完成 (PowerPoint 原生 custGeom 形状, Shape Fill 直接改色)",原创设计 · 可商用 · 形状非 SVG · 单色 PowerPoint Shape
SALE-055,,VIP皇冠,VipCrown,原创设计·程序化生成,PPT图标语义库·可改色形状,04_服销增长转化,皇冠象征高价值客户,用于VIP、KA客户,VIP / 皇冠 / 高价值,"vip, crown, premium",16,04_服销增长转化,"已完成 (PowerPoint 原生 custGeom 形状, Shape Fill 直接改色)",原创设计 · 可商用 · 形状非 SVG · 单色 PowerPoint Shape
SALE-056,,VIP皇冠·已验证,VipCrownVerified,原创设计·程序化生成,PPT图标语义库·可改色形状,04_服销增长转化,皇冠象征高价值客户（已验证变体）,用于VIP、KA客户（已验证场景）,VIP / 皇冠 / 高价值 / 已验证,"vip, crown, premium, verified",16,04_服销增长转化,"已完成 (PowerPoint 原生 custGeom 形状, Shape Fill 直接改色)",原创设计 · 可商用 · 形状非 SVG · 单色 PowerPoint Shape
SALE-057,,VIP皇冠·新增,VipCrownAdd,原创设计·程序化生成,PPT图标语义库·可改色形状,04_服销增长转化,皇冠象征高价值客户（新增变体）,用于VIP、KA客户（新增场景）,VIP / 皇冠 / 高价值 / 新增,"vip, crown, premium, add",16,04_服销增长转化,"已完成 (PowerPoint 原生 custGeom 形状, Shape Fill 直接改色)",原创设计 · 可商用 · 形状非 SVG · 单色 PowerPoint Shape
SALE-058,,VIP皇冠·上升,VipCrownUp,原创设计·程序化生成,PPT图标语义库·可改色形状,04_服销增长转化,皇冠象征高价值客户（上升变体）,用于VIP、KA客户（上升场景）,VIP / 皇冠 / 高价值 / 上升,"vip, crown, premium, up",16,04_服销增长转化,"已完成 (PowerPoint 原生 custGeom 形状, Shape Fill 直接改色)",原创设计 · 可商用 · 形状非 SVG · 单色 PowerPoint Shape
SALE-059,,VIP皇冠·下降,VipCrownDown,原创设计·程序化生成,PPT图标语义库·可改色形状,04_服销增长转化,皇冠象征高价值客户（下降变体）,用于VIP、KA客户（下降场景）,VIP / 皇冠 / 高价值 / 下降,"vip, crown, premium, down",16,04_服销增长转化,"已完成 (PowerPoint 原生 custGeom 形状, Shape Fill 直接改色)",原创设计 · 可商用 · 形状非 SVG · 单色 PowerPoint Shape
SALE-060,,VIP皇冠·重点,VipCrownFeatured,原创设计·程序化生成,PPT图标语义库·可改色形状,04_服销增长转化,皇冠象征高价值客户（重点变体）,用于VIP、KA客户（重点场景）,VIP / 皇冠 / 高价值 / 重点,"vip, crown, premium, featured",16,04_服销增长转化,"已完成 (PowerPoint 原生 custGeom 形状, Shape Fill 直接改色)",原创设计 · 可商用 · 形状非 SVG · 单色 PowerPoint Shape
SALE-061,,门店,Storefront,原创设计·程序化生成,PPT图标语义库·可改色形状,04_服销增长转化,门店外立面象征线下网点,用于门店、网点,门店 / 网点 / 门头,"store, shop, branch",16,04_服销增长转化,"已完成 (PowerPoint 原生 custGeom 形状, Shape Fill 直接改色)",原创设计 · 可商用 · 形状非 SVG · 单色 PowerPoint Shape
SALE-062,,门店·已验证,StorefrontVerified,原创设计·程序化生成,PPT图标语义库·可改色形状,04_服销增长转化,门店外立面象征线下网点（已验证变体）,用于门店、网点（已验证场景）,门店 / 网点 / 门头 / 已验证,"store, shop, branch, verified",16,04_服销增长转化,"已完成 (PowerPoint 原生 custGeom 形状, Shape Fill 直接改色)",原创设计 · 可商用 · 形状非 SVG · 单色 PowerPoint Shape
SALE-063,,门店·新增,StorefrontAdd,原创设计·程序化生成,PPT图标语义库·可改色形状,04_服销增长转化,门店外立面象征线下网点（新增变体）,用于门店、网点（新增场景）,门店 / 网点 / 门头 / 新增,"store, shop, branch, add",16,04_服销增长转化,"已完成 (PowerPoint 原生 custGeom 形状, Shape Fill 直接改色)",原创设计 · 可商用 · 形状非 SVG · 单色 PowerPoint Shape
SALE-064,,门店·上升,StorefrontUp,原创设计·程序化生成,PPT图标语义库·可改色形状,04_服销增长转化,门店外立面象征线下网点（上升变体）,用于门店、网点（上升场景）,门店 / 网点 / 门头 / 上升,"store, shop, branch, up",16,04_服销增长转化,"已完成 (PowerPoint 原生 custGeom 形状, Shape Fill 直接改色)",原创设计 · 可商用 · 形状非 SVG · 单色 PowerPoint Shape
SALE-065,,门店·下降,StorefrontDown,原创设计·程序化生成,PPT图标语义库·可改色形状,04_服销增长转化,门店外立面象征线下网点（下降变体）,用于门店、网点（下降场景）,门店 / 网点 / 门头 / 下降,"store, shop, branch, down",16,04_服销增长转化,"已完成 (PowerPoint 原生 custGeom 形状, Shape Fill 直接改色)",原创设计 · 可商用 · 形状非 SVG · 单色 PowerPoint Shape
SALE-066,,门店·重点,StorefrontFeatured,原创设计·程序化生成,PPT图标语义库·可改色形状,04_服销增长转化,门店外立面象征线下网点（重点变体）,用于门店、网点（重点场景）,门店 / 网点 / 门头 / 重点,"store, shop, branch, featured",16,04_服销增长转化,"已完成 (PowerPoint 原生 custGeom 形状, Shape Fill 直接改色)",原创设计 · 可商用 · 形状非 SVG · 单色 PowerPoint Shape
SALE-067,,商品包装,ProductBox,原创设计·程序化生成,PPT图标语义库·可改色形状,04_服销增长转化,立体盒子象征SKU,用于商品、SKU,商品 / SKU / 包装盒,"product, sku, package",16,04_服销增长转化,"已完成 (PowerPoint 原生 custGeom 形状, Shape Fill 直接改色)",原创设计 · 可商用 · 形状非 SVG · 单色 PowerPoint Shape
SALE-068,,商品包装·已验证,ProductBoxVerified,原创设计·程序化生成,PPT图标语义库·可改色形状,04_服销增长转化,立体盒子象征SKU（已验证变体）,用于商品、SKU（已验证场景）,商品 / SKU / 包装盒 / 已验证,"product, sku, package, verified",16,04_服销增长转化,"已完成 (PowerPoint 原生 custGeom 形状, Shape Fill 直接改色)",原创设计 · 可商用 · 形状非 SVG · 单色 PowerPoint Shape
SALE-069,,商品包装·新增,ProductBoxAdd,原创设计·程序化生成,PPT图标语义库·可改色形状,04_服销增长转化,立体盒子象征SKU（新增变体）,用于商品、SKU（新增场景）,商品 / SKU / 包装盒 / 新增,"product, sku, package, add",16,04_服销增长转化,"已完成 (PowerPoint 原生 custGeom 形状, Shape Fill 直接改色)",原创设计 · 可商用 · 形状非 SVG · 单色 PowerPoint Shape
SALE-070,,商品包装·上升,ProductBoxUp,原创设计·程序化生成,PPT图标语义库·可改色形状,04_服销增长转化,立体盒子象征SKU（上升变体）,用于商品、SKU（上升场景）,商品 / SKU / 包装盒 / 上升,"product, sku, package, up",16,04_服销增长转化,"已完成 (PowerPoint 原生 custGeom 形状, Shape Fill 直接改色)",原创设计 · 可商用 · 形状非 SVG · 单色 PowerPoint Shape
SALE-071,,商品包装·下降,ProductBoxDown,原创设计·程序化生成,PPT图标语义库·可改色形状,04_服销增长转化,立体盒子象征SKU（下降变体）,用于商品、SKU（下降场景）,商品 / SKU / 包装盒 / 下降,"product, sku, package, down",16,04_服销增长转化,"已完成 (PowerPoint 原生 custGeom 形状, Shape Fill 直接改色)",原创设计 · 可商用 · 形状非 SVG · 单色 PowerPoint Shape
SALE-072,,商品包装·重点,ProductBoxFeatured,原创设计·程序化生成,PPT图标语义库·可改色形状,04_服销增长转化,立体盒子象征SKU（重点变体）,用于商品、SKU（重点场景）,商品 / SKU / 包装盒 / 重点,"product, sku, package, featured",16,04_服销增长转化,"已完成 (PowerPoint 原生 custGeom 形状, Shape Fill 直接改色)",原创设计 · 可商用 · 形状非 SVG · 单色 PowerPoint Shape
SALE-073,,钱包,Wallet,原创设计·程序化生成,PPT图标语义库·可改色形状,04_服销增长转化,钱包象征支付场景,用于支付、账户,钱包 / 支付 / 账户,"wallet, pay, account",16,04_服销增长转化,"已完成 (PowerPoint 原生 custGeom 形状, Shape Fill 直接改色)",原创设计 · 可商用 · 形状非 SVG · 单色 PowerPoint Shape
SALE-074,,钱包·已验证,WalletVerified,原创设计·程序化生成,PPT图标语义库·可改色形状,04_服销增长转化,钱包象征支付场景（已验证变体）,用于支付、账户（已验证场景）,钱包 / 支付 / 账户 / 已验证,"wallet, pay, account, verified",16,04_服销增长转化,"已完成 (PowerPoint 原生 custGeom 形状, Shape Fill 直接改色)",原创设计 · 可商用 · 形状非 SVG · 单色 PowerPoint Shape
SALE-075,,钱包·新增,WalletAdd,原创设计·程序化生成,PPT图标语义库·可改色形状,04_服销增长转化,钱包象征支付场景（新增变体）,用于支付、账户（新增场景）,钱包 / 支付 / 账户 / 新增,"wallet, pay, account, add",16,04_服销增长转化,"已完成 (PowerPoint 原生 custGeom 形状, Shape Fill 直接改色)",原创设计 · 可商用 · 形状非 SVG · 单色 PowerPoint Shape
SALE-076,,钱包·上升,WalletUp,原创设计·程序化生成,PPT图标语义库·可改色形状,04_服销增长转化,钱包象征支付场景（上升变体）,用于支付、账户（上升场景）,钱包 / 支付 / 账户 / 上升,"wallet, pay, account, up",16,04_服销增长转化,"已完成 (PowerPoint 原生 custGeom 形状, Shape Fill 直接改色)",原创设计 · 可商用 · 形状非 SVG · 单色 PowerPoint Shape
SALE-077,,钱包·下降,WalletDown,原创设计·程序化生成,PPT图标语义库·可改色形状,04_服销增长转化,钱包象征支付场景（下降变体）,用于支付、账户（下降场景）,钱包 / 支付 / 账户 / 下降,"wallet, pay, account, down",16,04_服销增长转化,"已完成 (PowerPoint 原生 custGeom 形状, Shape Fill 直接改色)",原创设计 · 可商用 · 形状非 SVG · 单色 PowerPoint Shape
SALE-078,,钱包·重点,WalletFeatured,原创设计·程序化生成,PPT图标语义库·可改色形状,04_服销增长转化,钱包象征支付场景（重点变体）,用于支付、账户（重点场景）,钱包 / 支付 / 账户 / 重点,"wallet, pay, account, featured",16,04_服销增长转化,"已完成 (PowerPoint 原生 custGeom 形状, Shape Fill 直接改色)",原创设计 · 可商用 · 形状非 SVG · 单色 PowerPoint Shape
SALE-079,,天平,BalanceScale,原创设计·程序化生成,PPT图标语义库·可改色形状,04_服销增长转化,天平象征价值/取舍,用于成本收益、对比,天平 / 对比 / 成本收益,"balance, scale, compare",16,04_服销增长转化,"已完成 (PowerPoint 原生 custGeom 形状, Shape Fill 直接改色)",原创设计 · 可商用 · 形状非 SVG · 单色 PowerPoint Shape
SALE-080,,天平·已验证,BalanceScaleVerified,原创设计·程序化生成,PPT图标语义库·可改色形状,04_服销增长转化,天平象征价值/取舍（已验证变体）,用于成本收益、对比（已验证场景）,天平 / 对比 / 成本收益 / 已验证,"balance, scale, compare, verified",16,04_服销增长转化,"已完成 (PowerPoint 原生 custGeom 形状, Shape Fill 直接改色)",原创设计 · 可商用 · 形状非 SVG · 单色 PowerPoint Shape
SALE-081,,天平·新增,BalanceScaleAdd,原创设计·程序化生成,PPT图标语义库·可改色形状,04_服销增长转化,天平象征价值/取舍（新增变体）,用于成本收益、对比（新增场景）,天平 / 对比 / 成本收益 / 新增,"balance, scale, compare, add",17,04_服销增长转化,"已完成 (PowerPoint 原生 custGeom 形状, Shape Fill 直接改色)",原创设计 · 可商用 · 形状非 SVG · 单色 PowerPoint Shape
SALE-082,,天平·上升,BalanceScaleUp,原创设计·程序化生成,PPT图标语义库·可改色形状,04_服销增长转化,天平象征价值/取舍（上升变体）,用于成本收益、对比（上升场景）,天平 / 对比 / 成本收益 / 上升,"balance, scale, compare, up",17,04_服销增长转化,"已完成 (PowerPoint 原生 custGeom 形状, Shape Fill 直接改色)",原创设计 · 可商用 · 形状非 SVG · 单色 PowerPoint Shape
SALE-083,,天平·下降,BalanceScaleDown,原创设计·程序化生成,PPT图标语义库·可改色形状,04_服销增长转化,天平象征价值/取舍（下降变体）,用于成本收益、对比（下降场景）,天平 / 对比 / 成本收益 / 下降,"balance, scale, compare, down",17,04_服销增长转化,"已完成 (PowerPoint 原生 custGeom 形状, Shape Fill 直接改色)",原创设计 · 可商用 · 形状非 SVG · 单色 PowerPoint Shape
RISK-001,,盾牌防护,Shield,原创设计·程序化生成,PPT图标语义库·可改色形状,05_风险合规管控,盾牌象征防护,用于安全、风控总盾,盾牌 / 防护 / 安全,"shield, protect, guard",19,05_风险合规管控,"已完成 (PowerPoint 原生 custGeom 形状, Shape Fill 直接改色)",原创设计 · 可商用 · 形状非 SVG · 单色 PowerPoint Shape
RISK-002,,盾牌防护·预警,ShieldAlert,原创设计·程序化生成,PPT图标语义库·可改色形状,05_风险合规管控,盾牌象征防护（预警变体）,用于安全、风控总盾（预警场景）,盾牌 / 防护 / 安全 / 预警,"shield, protect, guard, alert",19,05_风险合规管控,"已完成 (PowerPoint 原生 custGeom 形状, Shape Fill 直接改色)",原创设计 · 可商用 · 形状非 SVG · 单色 PowerPoint Shape
RISK-003,,盾牌防护·加锁,ShieldLocked,原创设计·程序化生成,PPT图标语义库·可改色形状,05_风险合规管控,盾牌象征防护（加锁变体）,用于安全、风控总盾（加锁场景）,盾牌 / 防护 / 安全 / 加锁,"shield, protect, guard, locked",19,05_风险合规管控,"已完成 (PowerPoint 原生 custGeom 形状, Shape Fill 直接改色)",原创设计 · 可商用 · 形状非 SVG · 单色 PowerPoint Shape
RISK-004,,盾牌防护·洞察,ShieldInsight,原创设计·程序化生成,PPT图标语义库·可改色形状,05_风险合规管控,盾牌象征防护（洞察变体）,用于安全、风控总盾（洞察场景）,盾牌 / 防护 / 安全 / 洞察,"shield, protect, guard, insight",19,05_风险合规管控,"已完成 (PowerPoint 原生 custGeom 形状, Shape Fill 直接改色)",原创设计 · 可商用 · 形状非 SVG · 单色 PowerPoint Shape
RISK-005,,盾牌防护·已验证,ShieldVerified,原创设计·程序化生成,PPT图标语义库·可改色形状,05_风险合规管控,盾牌象征防护（已验证变体）,用于安全、风控总盾（已验证场景）,盾牌 / 防护 / 安全 / 已验证,"shield, protect, guard, verified",19,05_风险合规管控,"已完成 (PowerPoint 原生 custGeom 形状, Shape Fill 直接改色)",原创设计 · 可商用 · 形状非 SVG · 单色 PowerPoint Shape
RISK-006,,盾牌防护·失效,ShieldRejected,原创设计·程序化生成,PPT图标语义库·可改色形状,05_风险合规管控,盾牌象征防护（失效变体）,用于安全、风控总盾（失效场景）,盾牌 / 防护 / 安全 / 失效,"shield, protect, guard, rejected",19,05_风险合规管控,"已完成 (PowerPoint 原生 custGeom 形状, Shape Fill 直接改色)",原创设计 · 可商用 · 形状非 SVG · 单色 PowerPoint Shape
RISK-007,,加锁,Lock,原创设计·程序化生成,PPT图标语义库·可改色形状,05_风险合规管控,锁象征访问控制,用于权限、加密,加锁 / 权限 / 加密,"lock, secure, access",19,05_风险合规管控,"已完成 (PowerPoint 原生 custGeom 形状, Shape Fill 直接改色)",原创设计 · 可商用 · 形状非 SVG · 单色 PowerPoint Shape
RISK-008,,加锁·预警,LockAlert,原创设计·程序化生成,PPT图标语义库·可改色形状,05_风险合规管控,锁象征访问控制（预警变体）,用于权限、加密（预警场景）,加锁 / 权限 / 加密 / 预警,"lock, secure, access, alert",19,05_风险合规管控,"已完成 (PowerPoint 原生 custGeom 形状, Shape Fill 直接改色)",原创设计 · 可商用 · 形状非 SVG · 单色 PowerPoint Shape
RISK-009,,加锁·加锁,LockLocked,原创设计·程序化生成,PPT图标语义库·可改色形状,05_风险合规管控,锁象征访问控制（加锁变体）,用于权限、加密（加锁场景）,加锁 / 权限 / 加密 / 加锁,"lock, secure, access, locked",19,05_风险合规管控,"已完成 (PowerPoint 原生 custGeom 形状, Shape Fill 直接改色)",原创设计 · 可商用 · 形状非 SVG · 单色 PowerPoint Shape
RISK-010,,加锁·洞察,LockInsight,原创设计·程序化生成,PPT图标语义库·可改色形状,05_风险合规管控,锁象征访问控制（洞察变体）,用于权限、加密（洞察场景）,加锁 / 权限 / 加密 / 洞察,"lock, secure, access, insight",19,05_风险合规管控,"已完成 (PowerPoint 原生 custGeom 形状, Shape Fill 直接改色)",原创设计 · 可商用 · 形状非 SVG · 单色 PowerPoint Shape
RISK-011,,加锁·已验证,LockVerified,原创设计·程序化生成,PPT图标语义库·可改色形状,05_风险合规管控,锁象征访问控制（已验证变体）,用于权限、加密（已验证场景）,加锁 / 权限 / 加密 / 已验证,"lock, secure, access, verified",19,05_风险合规管控,"已完成 (PowerPoint 原生 custGeom 形状, Shape Fill 直接改色)",原创设计 · 可商用 · 形状非 SVG · 单色 PowerPoint Shape
RISK-012,,加锁·失效,LockRejected,原创设计·程序化生成,PPT图标语义库·可改色形状,05_风险合规管控,锁象征访问控制（失效变体）,用于权限、加密（失效场景）,加锁 / 权限 / 加密 / 失效,"lock, secure, access, rejected",19,05_风险合规管控,"已完成 (PowerPoint 原生 custGeom 形状, Shape Fill 直接改色)",原创设计 · 可商用 · 形状非 SVG · 单色 PowerPoint Shape
RISK-013,,警告三角,AlertTriangle,原创设计·程序化生成,PPT图标语义库·可改色形状,05_风险合规管控,三角+!是国际通用预警标识,用于异常、预警,警告 / 预警 / 三角,"alert, warning, exclaim",19,05_风险合规管控,"已完成 (PowerPoint 原生 custGeom 形状, Shape Fill 直接改色)",原创设计 · 可商用 · 形状非 SVG · 单色 PowerPoint Shape
RISK-014,,警告三角·预警,AlertTriangleAlert,原创设计·程序化生成,PPT图标语义库·可改色形状,05_风险合规管控,三角+!是国际通用预警标识（预警变体）,用于异常、预警（预警场景）,警告 / 预警 / 三角 / 预警,"alert, warning, exclaim, alert",19,05_风险合规管控,"已完成 (PowerPoint 原生 custGeom 形状, Shape Fill 直接改色)",原创设计 · 可商用 · 形状非 SVG · 单色 PowerPoint Shape
RISK-015,,警告三角·加锁,AlertTriangleLocked,原创设计·程序化生成,PPT图标语义库·可改色形状,05_风险合规管控,三角+!是国际通用预警标识（加锁变体）,用于异常、预警（加锁场景）,警告 / 预警 / 三角 / 加锁,"alert, warning, exclaim, locked",19,05_风险合规管控,"已完成 (PowerPoint 原生 custGeom 形状, Shape Fill 直接改色)",原创设计 · 可商用 · 形状非 SVG · 单色 PowerPoint Shape
RISK-016,,警告三角·洞察,AlertTriangleInsight,原创设计·程序化生成,PPT图标语义库·可改色形状,05_风险合规管控,三角+!是国际通用预警标识（洞察变体）,用于异常、预警（洞察场景）,警告 / 预警 / 三角 / 洞察,"alert, warning, exclaim, insight",19,05_风险合规管控,"已完成 (PowerPoint 原生 custGeom 形状, Shape Fill 直接改色)",原创设计 · 可商用 · 形状非 SVG · 单色 PowerPoint Shape
RISK-017,,警告三角·已验证,AlertTriangleVerified,原创设计·程序化生成,PPT图标语义库·可改色形状,05_风险合规管控,三角+!是国际通用预警标识（已验证变体）,用于异常、预警（已验证场景）,警告 / 预警 / 三角 / 已验证,"alert, warning, exclaim, verified",19,05_风险合规管控,"已完成 (PowerPoint 原生 custGeom 形状, Shape Fill 直接改色)",原创设计 · 可商用 · 形状非 SVG · 单色 PowerPoint Shape
RISK-018,,警告三角·失效,AlertTriangleRejected,原创设计·程序化生成,PPT图标语义库·可改色形状,05_风险合规管控,三角+!是国际通用预警标识（失效变体）,用于异常、预警（失效场景）,警告 / 预警 / 三角 / 失效,"alert, warning, exclaim, rejected",19,05_风险合规管控,"已完成 (PowerPoint 原生 custGeom 形状, Shape Fill 直接改色)",原创设计 · 可商用 · 形状非 SVG · 单色 PowerPoint Shape
RISK-019,,审计清单,AuditClipboard,原创设计·程序化生成,PPT图标语义库·可改色形状,05_风险合规管控,审计单象征核查记录,用于稽核、审计,审计 / 稽核 / 核查,"audit, check, review",19,05_风险合规管控,"已完成 (PowerPoint 原生 custGeom 形状, Shape Fill 直接改色)",原创设计 · 可商用 · 形状非 SVG · 单色 PowerPoint Shape
RISK-020,,审计清单·预警,AuditClipboardAlert,原创设计·程序化生成,PPT图标语义库·可改色形状,05_风险合规管控,审计单象征核查记录（预警变体）,用于稽核、审计（预警场景）,审计 / 稽核 / 核查 / 预警,"audit, check, review, alert",19,05_风险合规管控,"已完成 (PowerPoint 原生 custGeom 形状, Shape Fill 直接改色)",原创设计 · 可商用 · 形状非 SVG · 单色 PowerPoint Shape
RISK-021,,审计清单·加锁,AuditClipboardLocked,原创设计·程序化生成,PPT图标语义库·可改色形状,05_风险合规管控,审计单象征核查记录（加锁变体）,用于稽核、审计（加锁场景）,审计 / 稽核 / 核查 / 加锁,"audit, check, review, locked",19,05_风险合规管控,"已完成 (PowerPoint 原生 custGeom 形状, Shape Fill 直接改色)",原创设计 · 可商用 · 形状非 SVG · 单色 PowerPoint Shape
RISK-022,,审计清单·洞察,AuditClipboardInsight,原创设计·程序化生成,PPT图标语义库·可改色形状,05_风险合规管控,审计单象征核查记录（洞察变体）,用于稽核、审计（洞察场景）,审计 / 稽核 / 核查 / 洞察,"audit, check, review, insight",19,05_风险合规管控,"已完成 (PowerPoint 原生 custGeom 形状, Shape Fill 直接改色)",原创设计 · 可商用 · 形状非 SVG · 单色 PowerPoint Shape
RISK-023,,审计清单·已验证,AuditClipboardVerified,原创设计·程序化生成,PPT图标语义库·可改色形状,05_风险合规管控,审计单象征核查记录（已验证变体）,用于稽核、审计（已验证场景）,审计 / 稽核 / 核查 / 已验证,"audit, check, review, verified",19,05_风险合规管控,"已完成 (PowerPoint 原生 custGeom 形状, Shape Fill 直接改色)",原创设计 · 可商用 · 形状非 SVG · 单色 PowerPoint Shape
RISK-024,,审计清单·失效,AuditClipboardRejected,原创设计·程序化生成,PPT图标语义库·可改色形状,05_风险合规管控,审计单象征核查记录（失效变体）,用于稽核、审计（失效场景）,审计 / 稽核 / 核查 / 失效,"audit, check, review, rejected",19,05_风险合规管控,"已完成 (PowerPoint 原生 custGeom 形状, Shape Fill 直接改色)",原创设计 · 可商用 · 形状非 SVG · 单色 PowerPoint Shape
RISK-025,,天平公正,JusticeScale,原创设计·程序化生成,PPT图标语义库·可改色形状,05_风险合规管控,天平象征公正/合规,用于合规、法务,合规 / 法务 / 公正,"compliance, legal, justice",19,05_风险合规管控,"已完成 (PowerPoint 原生 custGeom 形状, Shape Fill 直接改色)",原创设计 · 可商用 · 形状非 SVG · 单色 PowerPoint Shape
RISK-026,,天平公正·预警,JusticeScaleAlert,原创设计·程序化生成,PPT图标语义库·可改色形状,05_风险合规管控,天平象征公正/合规（预警变体）,用于合规、法务（预警场景）,合规 / 法务 / 公正 / 预警,"compliance, legal, justice, alert",19,05_风险合规管控,"已完成 (PowerPoint 原生 custGeom 形状, Shape Fill 直接改色)",原创设计 · 可商用 · 形状非 SVG · 单色 PowerPoint Shape
RISK-027,,天平公正·加锁,JusticeScaleLocked,原创设计·程序化生成,PPT图标语义库·可改色形状,05_风险合规管控,天平象征公正/合规（加锁变体）,用于合规、法务（加锁场景）,合规 / 法务 / 公正 / 加锁,"compliance, legal, justice, locked",19,05_风险合规管控,"已完成 (PowerPoint 原生 custGeom 形状, Shape Fill 直接改色)",原创设计 · 可商用 · 形状非 SVG · 单色 PowerPoint Shape
RISK-028,,天平公正·洞察,JusticeScaleInsight,原创设计·程序化生成,PPT图标语义库·可改色形状,05_风险合规管控,天平象征公正/合规（洞察变体）,用于合规、法务（洞察场景）,合规 / 法务 / 公正 / 洞察,"compliance, legal, justice, insight",19,05_风险合规管控,"已完成 (PowerPoint 原生 custGeom 形状, Shape Fill 直接改色)",原创设计 · 可商用 · 形状非 SVG · 单色 PowerPoint Shape
RISK-029,,天平公正·已验证,JusticeScaleVerified,原创设计·程序化生成,PPT图标语义库·可改色形状,05_风险合规管控,天平象征公正/合规（已验证变体）,用于合规、法务（已验证场景）,合规 / 法务 / 公正 / 已验证,"compliance, legal, justice, verified",19,05_风险合规管控,"已完成 (PowerPoint 原生 custGeom 形状, Shape Fill 直接改色)",原创设计 · 可商用 · 形状非 SVG · 单色 PowerPoint Shape
RISK-030,,天平公正·失效,JusticeScaleRejected,原创设计·程序化生成,PPT图标语义库·可改色形状,05_风险合规管控,天平象征公正/合规（失效变体）,用于合规、法务（失效场景）,合规 / 法务 / 公正 / 失效,"compliance, legal, justice, rejected",19,05_风险合规管控,"已完成 (PowerPoint 原生 custGeom 形状, Shape Fill 直接改色)",原创设计 · 可商用 · 形状非 SVG · 单色 PowerPoint Shape
RISK-031,,审查放大镜,MagnifierInspect,原创设计·程序化生成,PPT图标语义库·可改色形状,05_风险合规管控,放大镜象征审查,用于风险扫描、审查,审查 / 放大镜 / 扫描,"inspect, scan, review",19,05_风险合规管控,"已完成 (PowerPoint 原生 custGeom 形状, Shape Fill 直接改色)",原创设计 · 可商用 · 形状非 SVG · 单色 PowerPoint Shape
RISK-032,,审查放大镜·预警,MagnifierInspectAlert,原创设计·程序化生成,PPT图标语义库·可改色形状,05_风险合规管控,放大镜象征审查（预警变体）,用于风险扫描、审查（预警场景）,审查 / 放大镜 / 扫描 / 预警,"inspect, scan, review, alert",19,05_风险合规管控,"已完成 (PowerPoint 原生 custGeom 形状, Shape Fill 直接改色)",原创设计 · 可商用 · 形状非 SVG · 单色 PowerPoint Shape
RISK-033,,审查放大镜·加锁,MagnifierInspectLocked,原创设计·程序化生成,PPT图标语义库·可改色形状,05_风险合规管控,放大镜象征审查（加锁变体）,用于风险扫描、审查（加锁场景）,审查 / 放大镜 / 扫描 / 加锁,"inspect, scan, review, locked",19,05_风险合规管控,"已完成 (PowerPoint 原生 custGeom 形状, Shape Fill 直接改色)",原创设计 · 可商用 · 形状非 SVG · 单色 PowerPoint Shape
RISK-034,,审查放大镜·洞察,MagnifierInspectInsight,原创设计·程序化生成,PPT图标语义库·可改色形状,05_风险合规管控,放大镜象征审查（洞察变体）,用于风险扫描、审查（洞察场景）,审查 / 放大镜 / 扫描 / 洞察,"inspect, scan, review, insight",19,05_风险合规管控,"已完成 (PowerPoint 原生 custGeom 形状, Shape Fill 直接改色)",原创设计 · 可商用 · 形状非 SVG · 单色 PowerPoint Shape
RISK-035,,审查放大镜·已验证,MagnifierInspectVerified,原创设计·程序化生成,PPT图标语义库·可改色形状,05_风险合规管控,放大镜象征审查（已验证变体）,用于风险扫描、审查（已验证场景）,审查 / 放大镜 / 扫描 / 已验证,"inspect, scan, review, verified",19,05_风险合规管控,"已完成 (PowerPoint 原生 custGeom 形状, Shape Fill 直接改色)",原创设计 · 可商用 · 形状非 SVG · 单色 PowerPoint Shape
RISK-036,,审查放大镜·失效,MagnifierInspectRejected,原创设计·程序化生成,PPT图标语义库·可改色形状,05_风险合规管控,放大镜象征审查（失效变体）,用于风险扫描、审查（失效场景）,审查 / 放大镜 / 扫描 / 失效,"inspect, scan, review, rejected",19,05_风险合规管控,"已完成 (PowerPoint 原生 custGeom 形状, Shape Fill 直接改色)",原创设计 · 可商用 · 形状非 SVG · 单色 PowerPoint Shape
RISK-037,,指纹识别,Fingerprint,原创设计·程序化生成,PPT图标语义库·可改色形状,05_风险合规管控,指纹象征身份认证,用于实名、生物识别,指纹 / 实名 / 生物识别,"fingerprint, biometric, id",19,05_风险合规管控,"已完成 (PowerPoint 原生 custGeom 形状, Shape Fill 直接改色)",原创设计 · 可商用 · 形状非 SVG · 单色 PowerPoint Shape
RISK-038,,指纹识别·预警,FingerprintAlert,原创设计·程序化生成,PPT图标语义库·可改色形状,05_风险合规管控,指纹象征身份认证（预警变体）,用于实名、生物识别（预警场景）,指纹 / 实名 / 生物识别 / 预警,"fingerprint, biometric, id, alert",19,05_风险合规管控,"已完成 (PowerPoint 原生 custGeom 形状, Shape Fill 直接改色)",原创设计 · 可商用 · 形状非 SVG · 单色 PowerPoint Shape
RISK-039,,指纹识别·加锁,FingerprintLocked,原创设计·程序化生成,PPT图标语义库·可改色形状,05_风险合规管控,指纹象征身份认证（加锁变体）,用于实名、生物识别（加锁场景）,指纹 / 实名 / 生物识别 / 加锁,"fingerprint, biometric, id, locked",19,05_风险合规管控,"已完成 (PowerPoint 原生 custGeom 形状, Shape Fill 直接改色)",原创设计 · 可商用 · 形状非 SVG · 单色 PowerPoint Shape
RISK-040,,指纹识别·洞察,FingerprintInsight,原创设计·程序化生成,PPT图标语义库·可改色形状,05_风险合规管控,指纹象征身份认证（洞察变体）,用于实名、生物识别（洞察场景）,指纹 / 实名 / 生物识别 / 洞察,"fingerprint, biometric, id, insight",19,05_风险合规管控,"已完成 (PowerPoint 原生 custGeom 形状, Shape Fill 直接改色)",原创设计 · 可商用 · 形状非 SVG · 单色 PowerPoint Shape
RISK-041,,指纹识别·已验证,FingerprintVerified,原创设计·程序化生成,PPT图标语义库·可改色形状,05_风险合规管控,指纹象征身份认证（已验证变体）,用于实名、生物识别（已验证场景）,指纹 / 实名 / 生物识别 / 已验证,"fingerprint, biometric, id, verified",20,05_风险合规管控,"已完成 (PowerPoint 原生 custGeom 形状, Shape Fill 直接改色)",原创设计 · 可商用 · 形状非 SVG · 单色 PowerPoint Shape
RISK-042,,指纹识别·失效,FingerprintRejected,原创设计·程序化生成,PPT图标语义库·可改色形状,05_风险合规管控,指纹象征身份认证（失效变体）,用于实名、生物识别（失效场景）,指纹 / 实名 / 生物识别 / 失效,"fingerprint, biometric, id, rejected",20,05_风险合规管控,"已完成 (PowerPoint 原生 custGeom 形状, Shape Fill 直接改色)",原创设计 · 可商用 · 形状非 SVG · 单色 PowerPoint Shape
RISK-043,,法槌,Gavel,原创设计·程序化生成,PPT图标语义库·可改色形状,05_风险合规管控,法槌象征裁定,用于合规裁定、规则,法槌 / 裁定 / 规则,"gavel, ruling, rule",20,05_风险合规管控,"已完成 (PowerPoint 原生 custGeom 形状, Shape Fill 直接改色)",原创设计 · 可商用 · 形状非 SVG · 单色 PowerPoint Shape
RISK-044,,法槌·预警,GavelAlert,原创设计·程序化生成,PPT图标语义库·可改色形状,05_风险合规管控,法槌象征裁定（预警变体）,用于合规裁定、规则（预警场景）,法槌 / 裁定 / 规则 / 预警,"gavel, ruling, rule, alert",20,05_风险合规管控,"已完成 (PowerPoint 原生 custGeom 形状, Shape Fill 直接改色)",原创设计 · 可商用 · 形状非 SVG · 单色 PowerPoint Shape
RISK-045,,法槌·加锁,GavelLocked,原创设计·程序化生成,PPT图标语义库·可改色形状,05_风险合规管控,法槌象征裁定（加锁变体）,用于合规裁定、规则（加锁场景）,法槌 / 裁定 / 规则 / 加锁,"gavel, ruling, rule, locked",20,05_风险合规管控,"已完成 (PowerPoint 原生 custGeom 形状, Shape Fill 直接改色)",原创设计 · 可商用 · 形状非 SVG · 单色 PowerPoint Shape
RISK-046,,法槌·洞察,GavelInsight,原创设计·程序化生成,PPT图标语义库·可改色形状,05_风险合规管控,法槌象征裁定（洞察变体）,用于合规裁定、规则（洞察场景）,法槌 / 裁定 / 规则 / 洞察,"gavel, ruling, rule, insight",20,05_风险合规管控,"已完成 (PowerPoint 原生 custGeom 形状, Shape Fill 直接改色)",原创设计 · 可商用 · 形状非 SVG · 单色 PowerPoint Shape
RISK-047,,法槌·已验证,GavelVerified,原创设计·程序化生成,PPT图标语义库·可改色形状,05_风险合规管控,法槌象征裁定（已验证变体）,用于合规裁定、规则（已验证场景）,法槌 / 裁定 / 规则 / 已验证,"gavel, ruling, rule, verified",20,05_风险合规管控,"已完成 (PowerPoint 原生 custGeom 形状, Shape Fill 直接改色)",原创设计 · 可商用 · 形状非 SVG · 单色 PowerPoint Shape
RISK-048,,法槌·失效,GavelRejected,原创设计·程序化生成,PPT图标语义库·可改色形状,05_风险合规管控,法槌象征裁定（失效变体）,用于合规裁定、规则（失效场景）,法槌 / 裁定 / 规则 / 失效,"gavel, ruling, rule, rejected",20,05_风险合规管控,"已完成 (PowerPoint 原生 custGeom 形状, Shape Fill 直接改色)",原创设计 · 可商用 · 形状非 SVG · 单色 PowerPoint Shape
RISK-049,,灭火器,FireExtinguisher,原创设计·程序化生成,PPT图标语义库·可改色形状,05_风险合规管控,灭火器象征应急处置,用于应急、突发处理,灭火器 / 应急 / 突发,"emergency, incident, fire",20,05_风险合规管控,"已完成 (PowerPoint 原生 custGeom 形状, Shape Fill 直接改色)",原创设计 · 可商用 · 形状非 SVG · 单色 PowerPoint Shape
RISK-050,,灭火器·预警,FireExtinguisherAlert,原创设计·程序化生成,PPT图标语义库·可改色形状,05_风险合规管控,灭火器象征应急处置（预警变体）,用于应急、突发处理（预警场景）,灭火器 / 应急 / 突发 / 预警,"emergency, incident, fire, alert",20,05_风险合规管控,"已完成 (PowerPoint 原生 custGeom 形状, Shape Fill 直接改色)",原创设计 · 可商用 · 形状非 SVG · 单色 PowerPoint Shape
RISK-051,,灭火器·加锁,FireExtinguisherLocked,原创设计·程序化生成,PPT图标语义库·可改色形状,05_风险合规管控,灭火器象征应急处置（加锁变体）,用于应急、突发处理（加锁场景）,灭火器 / 应急 / 突发 / 加锁,"emergency, incident, fire, locked",20,05_风险合规管控,"已完成 (PowerPoint 原生 custGeom 形状, Shape Fill 直接改色)",原创设计 · 可商用 · 形状非 SVG · 单色 PowerPoint Shape
RISK-052,,灭火器·洞察,FireExtinguisherInsight,原创设计·程序化生成,PPT图标语义库·可改色形状,05_风险合规管控,灭火器象征应急处置（洞察变体）,用于应急、突发处理（洞察场景）,灭火器 / 应急 / 突发 / 洞察,"emergency, incident, fire, insight",20,05_风险合规管控,"已完成 (PowerPoint 原生 custGeom 形状, Shape Fill 直接改色)",原创设计 · 可商用 · 形状非 SVG · 单色 PowerPoint Shape
RISK-053,,灭火器·已验证,FireExtinguisherVerified,原创设计·程序化生成,PPT图标语义库·可改色形状,05_风险合规管控,灭火器象征应急处置（已验证变体）,用于应急、突发处理（已验证场景）,灭火器 / 应急 / 突发 / 已验证,"emergency, incident, fire, verified",20,05_风险合规管控,"已完成 (PowerPoint 原生 custGeom 形状, Shape Fill 直接改色)",原创设计 · 可商用 · 形状非 SVG · 单色 PowerPoint Shape
RISK-054,,灭火器·失效,FireExtinguisherRejected,原创设计·程序化生成,PPT图标语义库·可改色形状,05_风险合规管控,灭火器象征应急处置（失效变体）,用于应急、突发处理（失效场景）,灭火器 / 应急 / 突发 / 失效,"emergency, incident, fire, rejected",20,05_风险合规管控,"已完成 (PowerPoint 原生 custGeom 形状, Shape Fill 直接改色)",原创设计 · 可商用 · 形状非 SVG · 单色 PowerPoint Shape
RISK-055,,警报,Siren,原创设计·程序化生成,PPT图标语义库·可改色形状,05_风险合规管控,警灯象征报警,用于风险警报,警报 / 警灯 / 报警,"siren, alarm, alert",20,05_风险合规管控,"已完成 (PowerPoint 原生 custGeom 形状, Shape Fill 直接改色)",原创设计 · 可商用 · 形状非 SVG · 单色 PowerPoint Shape
RISK-056,,警报·预警,SirenAlert,原创设计·程序化生成,PPT图标语义库·可改色形状,05_风险合规管控,警灯象征报警（预警变体）,用于风险警报（预警场景）,警报 / 警灯 / 报警 / 预警,"siren, alarm, alert, alert",20,05_风险合规管控,"已完成 (PowerPoint 原生 custGeom 形状, Shape Fill 直接改色)",原创设计 · 可商用 · 形状非 SVG · 单色 PowerPoint Shape
RISK-057,,警报·加锁,SirenLocked,原创设计·程序化生成,PPT图标语义库·可改色形状,05_风险合规管控,警灯象征报警（加锁变体）,用于风险警报（加锁场景）,警报 / 警灯 / 报警 / 加锁,"siren, alarm, alert, locked",20,05_风险合规管控,"已完成 (PowerPoint 原生 custGeom 形状, Shape Fill 直接改色)",原创设计 · 可商用 · 形状非 SVG · 单色 PowerPoint Shape
RISK-058,,警报·洞察,SirenInsight,原创设计·程序化生成,PPT图标语义库·可改色形状,05_风险合规管控,警灯象征报警（洞察变体）,用于风险警报（洞察场景）,警报 / 警灯 / 报警 / 洞察,"siren, alarm, alert, insight",20,05_风险合规管控,"已完成 (PowerPoint 原生 custGeom 形状, Shape Fill 直接改色)",原创设计 · 可商用 · 形状非 SVG · 单色 PowerPoint Shape
RISK-059,,警报·已验证,SirenVerified,原创设计·程序化生成,PPT图标语义库·可改色形状,05_风险合规管控,警灯象征报警（已验证变体）,用于风险警报（已验证场景）,警报 / 警灯 / 报警 / 已验证,"siren, alarm, alert, verified",20,05_风险合规管控,"已完成 (PowerPoint 原生 custGeom 形状, Shape Fill 直接改色)",原创设计 · 可商用 · 形状非 SVG · 单色 PowerPoint Shape
RISK-060,,警报·失效,SirenRejected,原创设计·程序化生成,PPT图标语义库·可改色形状,05_风险合规管控,警灯象征报警（失效变体）,用于风险警报（失效场景）,警报 / 警灯 / 报警 / 失效,"siren, alarm, alert, rejected",20,05_风险合规管控,"已完成 (PowerPoint 原生 custGeom 形状, Shape Fill 直接改色)",原创设计 · 可商用 · 形状非 SVG · 单色 PowerPoint Shape
RISK-061,,审查之眼,EyeInspect,原创设计·程序化生成,PPT图标语义库·可改色形状,05_风险合规管控,眼睛象征监督,用于监督、可视化,监督 / 可视化 / 审查,"watch, monitor, supervise",20,05_风险合规管控,"已完成 (PowerPoint 原生 custGeom 形状, Shape Fill 直接改色)",原创设计 · 可商用 · 形状非 SVG · 单色 PowerPoint Shape
RISK-062,,审查之眼·预警,EyeInspectAlert,原创设计·程序化生成,PPT图标语义库·可改色形状,05_风险合规管控,眼睛象征监督（预警变体）,用于监督、可视化（预警场景）,监督 / 可视化 / 审查 / 预警,"watch, monitor, supervise, alert",20,05_风险合规管控,"已完成 (PowerPoint 原生 custGeom 形状, Shape Fill 直接改色)",原创设计 · 可商用 · 形状非 SVG · 单色 PowerPoint Shape
RISK-063,,审查之眼·加锁,EyeInspectLocked,原创设计·程序化生成,PPT图标语义库·可改色形状,05_风险合规管控,眼睛象征监督（加锁变体）,用于监督、可视化（加锁场景）,监督 / 可视化 / 审查 / 加锁,"watch, monitor, supervise, locked",20,05_风险合规管控,"已完成 (PowerPoint 原生 custGeom 形状, Shape Fill 直接改色)",原创设计 · 可商用 · 形状非 SVG · 单色 PowerPoint Shape
RISK-064,,审查之眼·洞察,EyeInspectInsight,原创设计·程序化生成,PPT图标语义库·可改色形状,05_风险合规管控,眼睛象征监督（洞察变体）,用于监督、可视化（洞察场景）,监督 / 可视化 / 审查 / 洞察,"watch, monitor, supervise, insight",20,05_风险合规管控,"已完成 (PowerPoint 原生 custGeom 形状, Shape Fill 直接改色)",原创设计 · 可商用 · 形状非 SVG · 单色 PowerPoint Shape
RISK-065,,审查之眼·已验证,EyeInspectVerified,原创设计·程序化生成,PPT图标语义库·可改色形状,05_风险合规管控,眼睛象征监督（已验证变体）,用于监督、可视化（已验证场景）,监督 / 可视化 / 审查 / 已验证,"watch, monitor, supervise, verified",20,05_风险合规管控,"已完成 (PowerPoint 原生 custGeom 形状, Shape Fill 直接改色)",原创设计 · 可商用 · 形状非 SVG · 单色 PowerPoint Shape
RISK-066,,审查之眼·失效,EyeInspectRejected,原创设计·程序化生成,PPT图标语义库·可改色形状,05_风险合规管控,眼睛象征监督（失效变体）,用于监督、可视化（失效场景）,监督 / 可视化 / 审查 / 失效,"watch, monitor, supervise, rejected",20,05_风险合规管控,"已完成 (PowerPoint 原生 custGeom 形状, Shape Fill 直接改色)",原创设计 · 可商用 · 形状非 SVG · 单色 PowerPoint Shape
RISK-067,,监控屏,MonitorScreen,原创设计·程序化生成,PPT图标语义库·可改色形状,05_风险合规管控,屏幕+曲线象征监控大屏,用于风控大屏,监控 / 大屏 / 实时,"monitor, screen, console",20,05_风险合规管控,"已完成 (PowerPoint 原生 custGeom 形状, Shape Fill 直接改色)",原创设计 · 可商用 · 形状非 SVG · 单色 PowerPoint Shape
RISK-068,,监控屏·预警,MonitorScreenAlert,原创设计·程序化生成,PPT图标语义库·可改色形状,05_风险合规管控,屏幕+曲线象征监控大屏（预警变体）,用于风控大屏（预警场景）,监控 / 大屏 / 实时 / 预警,"monitor, screen, console, alert",20,05_风险合规管控,"已完成 (PowerPoint 原生 custGeom 形状, Shape Fill 直接改色)",原创设计 · 可商用 · 形状非 SVG · 单色 PowerPoint Shape
RISK-069,,监控屏·加锁,MonitorScreenLocked,原创设计·程序化生成,PPT图标语义库·可改色形状,05_风险合规管控,屏幕+曲线象征监控大屏（加锁变体）,用于风控大屏（加锁场景）,监控 / 大屏 / 实时 / 加锁,"monitor, screen, console, locked",20,05_风险合规管控,"已完成 (PowerPoint 原生 custGeom 形状, Shape Fill 直接改色)",原创设计 · 可商用 · 形状非 SVG · 单色 PowerPoint Shape
RISK-070,,监控屏·洞察,MonitorScreenInsight,原创设计·程序化生成,PPT图标语义库·可改色形状,05_风险合规管控,屏幕+曲线象征监控大屏（洞察变体）,用于风控大屏（洞察场景）,监控 / 大屏 / 实时 / 洞察,"monitor, screen, console, insight",20,05_风险合规管控,"已完成 (PowerPoint 原生 custGeom 形状, Shape Fill 直接改色)",原创设计 · 可商用 · 形状非 SVG · 单色 PowerPoint Shape
RISK-071,,监控屏·已验证,MonitorScreenVerified,原创设计·程序化生成,PPT图标语义库·可改色形状,05_风险合规管控,屏幕+曲线象征监控大屏（已验证变体）,用于风控大屏（已验证场景）,监控 / 大屏 / 实时 / 已验证,"monitor, screen, console, verified",20,05_风险合规管控,"已完成 (PowerPoint 原生 custGeom 形状, Shape Fill 直接改色)",原创设计 · 可商用 · 形状非 SVG · 单色 PowerPoint Shape
RISK-072,,监控屏·失效,MonitorScreenRejected,原创设计·程序化生成,PPT图标语义库·可改色形状,05_风险合规管控,屏幕+曲线象征监控大屏（失效变体）,用于风控大屏（失效场景）,监控 / 大屏 / 实时 / 失效,"monitor, screen, console, rejected",20,05_风险合规管控,"已完成 (PowerPoint 原生 custGeom 形状, Shape Fill 直接改色)",原创设计 · 可商用 · 形状非 SVG · 单色 PowerPoint Shape
RISK-073,,印章,SealStamp,原创设计·程序化生成,PPT图标语义库·可改色形状,05_风险合规管控,印章象征官方批准,用于官方文件、批准,印章 / 公章 / 批准,"seal, stamp, approved",20,05_风险合规管控,"已完成 (PowerPoint 原生 custGeom 形状, Shape Fill 直接改色)",原创设计 · 可商用 · 形状非 SVG · 单色 PowerPoint Shape
RISK-074,,印章·预警,SealStampAlert,原创设计·程序化生成,PPT图标语义库·可改色形状,05_风险合规管控,印章象征官方批准（预警变体）,用于官方文件、批准（预警场景）,印章 / 公章 / 批准 / 预警,"seal, stamp, approved, alert",20,05_风险合规管控,"已完成 (PowerPoint 原生 custGeom 形状, Shape Fill 直接改色)",原创设计 · 可商用 · 形状非 SVG · 单色 PowerPoint Shape
RISK-075,,印章·加锁,SealStampLocked,原创设计·程序化生成,PPT图标语义库·可改色形状,05_风险合规管控,印章象征官方批准（加锁变体）,用于官方文件、批准（加锁场景）,印章 / 公章 / 批准 / 加锁,"seal, stamp, approved, locked",20,05_风险合规管控,"已完成 (PowerPoint 原生 custGeom 形状, Shape Fill 直接改色)",原创设计 · 可商用 · 形状非 SVG · 单色 PowerPoint Shape
RISK-076,,印章·洞察,SealStampInsight,原创设计·程序化生成,PPT图标语义库·可改色形状,05_风险合规管控,印章象征官方批准（洞察变体）,用于官方文件、批准（洞察场景）,印章 / 公章 / 批准 / 洞察,"seal, stamp, approved, insight",20,05_风险合规管控,"已完成 (PowerPoint 原生 custGeom 形状, Shape Fill 直接改色)",原创设计 · 可商用 · 形状非 SVG · 单色 PowerPoint Shape
RISK-077,,印章·已验证,SealStampVerified,原创设计·程序化生成,PPT图标语义库·可改色形状,05_风险合规管控,印章象征官方批准（已验证变体）,用于官方文件、批准（已验证场景）,印章 / 公章 / 批准 / 已验证,"seal, stamp, approved, verified",20,05_风险合规管控,"已完成 (PowerPoint 原生 custGeom 形状, Shape Fill 直接改色)",原创设计 · 可商用 · 形状非 SVG · 单色 PowerPoint Shape
RISK-078,,印章·失效,SealStampRejected,原创设计·程序化生成,PPT图标语义库·可改色形状,05_风险合规管控,印章象征官方批准（失效变体）,用于官方文件、批准（失效场景）,印章 / 公章 / 批准 / 失效,"seal, stamp, approved, rejected",20,05_风险合规管控,"已完成 (PowerPoint 原生 custGeom 形状, Shape Fill 直接改色)",原创设计 · 可商用 · 形状非 SVG · 单色 PowerPoint Shape
RISK-079,,制度文档,PolicyDoc,原创设计·程序化生成,PPT图标语义库·可改色形状,05_风险合规管控,文档+绶带象征制度,用于制度、规章,制度 / 规章 / 政策,"policy, regulation, rule",20,05_风险合规管控,"已完成 (PowerPoint 原生 custGeom 形状, Shape Fill 直接改色)",原创设计 · 可商用 · 形状非 SVG · 单色 PowerPoint Shape
RISK-080,,制度文档·预警,PolicyDocAlert,原创设计·程序化生成,PPT图标语义库·可改色形状,05_风险合规管控,文档+绶带象征制度（预警变体）,用于制度、规章（预警场景）,制度 / 规章 / 政策 / 预警,"policy, regulation, rule, alert",20,05_风险合规管控,"已完成 (PowerPoint 原生 custGeom 形状, Shape Fill 直接改色)",原创设计 · 可商用 · 形状非 SVG · 单色 PowerPoint Shape
RISK-081,,制度文档·加锁,PolicyDocLocked,原创设计·程序化生成,PPT图标语义库·可改色形状,05_风险合规管控,文档+绶带象征制度（加锁变体）,用于制度、规章（加锁场景）,制度 / 规章 / 政策 / 加锁,"policy, regulation, rule, locked",21,05_风险合规管控,"已完成 (PowerPoint 原生 custGeom 形状, Shape Fill 直接改色)",原创设计 · 可商用 · 形状非 SVG · 单色 PowerPoint Shape
RISK-082,,制度文档·洞察,PolicyDocInsight,原创设计·程序化生成,PPT图标语义库·可改色形状,05_风险合规管控,文档+绶带象征制度（洞察变体）,用于制度、规章（洞察场景）,制度 / 规章 / 政策 / 洞察,"policy, regulation, rule, insight",21,05_风险合规管控,"已完成 (PowerPoint 原生 custGeom 形状, Shape Fill 直接改色)",原创设计 · 可商用 · 形状非 SVG · 单色 PowerPoint Shape
RISK-083,,制度文档·已验证,PolicyDocVerified,原创设计·程序化生成,PPT图标语义库·可改色形状,05_风险合规管控,文档+绶带象征制度（已验证变体）,用于制度、规章（已验证场景）,制度 / 规章 / 政策 / 已验证,"policy, regulation, rule, verified",21,05_风险合规管控,"已完成 (PowerPoint 原生 custGeom 形状, Shape Fill 直接改色)",原创设计 · 可商用 · 形状非 SVG · 单色 PowerPoint Shape
FLOW-001,,流程节点,FlowNode,原创设计·程序化生成,PPT图标语义库·可改色形状,06_流程机制闭环,两节点+连线象征流程片段,用于流程图、节点,流程 / 节点 / 步骤,"flow, node, step",23,06_流程机制闭环,"已完成 (PowerPoint 原生 custGeom 形状, Shape Fill 直接改色)",原创设计 · 可商用 · 形状非 SVG · 单色 PowerPoint Shape
FLOW-002,,流程节点·已验证,FlowNodeVerified,原创设计·程序化生成,PPT图标语义库·可改色形状,06_流程机制闭环,两节点+连线象征流程片段（已验证变体）,用于流程图、节点（已验证场景）,流程 / 节点 / 步骤 / 已验证,"flow, node, step, verified",23,06_流程机制闭环,"已完成 (PowerPoint 原生 custGeom 形状, Shape Fill 直接改色)",原创设计 · 可商用 · 形状非 SVG · 单色 PowerPoint Shape
FLOW-003,,流程节点·同步,FlowNodeSync,原创设计·程序化生成,PPT图标语义库·可改色形状,06_流程机制闭环,两节点+连线象征流程片段（同步变体）,用于流程图、节点（同步场景）,流程 / 节点 / 步骤 / 同步,"flow, node, step, sync",23,06_流程机制闭环,"已完成 (PowerPoint 原生 custGeom 形状, Shape Fill 直接改色)",原创设计 · 可商用 · 形状非 SVG · 单色 PowerPoint Shape
FLOW-004,,流程节点·新增,FlowNodeAdd,原创设计·程序化生成,PPT图标语义库·可改色形状,06_流程机制闭环,两节点+连线象征流程片段（新增变体）,用于流程图、节点（新增场景）,流程 / 节点 / 步骤 / 新增,"flow, node, step, add",23,06_流程机制闭环,"已完成 (PowerPoint 原生 custGeom 形状, Shape Fill 直接改色)",原创设计 · 可商用 · 形状非 SVG · 单色 PowerPoint Shape
FLOW-005,,流程节点·可配置,FlowNodeConfigurable,原创设计·程序化生成,PPT图标语义库·可改色形状,06_流程机制闭环,两节点+连线象征流程片段（可配置变体）,用于流程图、节点（可配置场景）,流程 / 节点 / 步骤 / 可配置,"flow, node, step, configurable",23,06_流程机制闭环,"已完成 (PowerPoint 原生 custGeom 形状, Shape Fill 直接改色)",原创设计 · 可商用 · 形状非 SVG · 单色 PowerPoint Shape
FLOW-006,,流程节点·定时,FlowNodeScheduled,原创设计·程序化生成,PPT图标语义库·可改色形状,06_流程机制闭环,两节点+连线象征流程片段（定时变体）,用于流程图、节点（定时场景）,流程 / 节点 / 步骤 / 定时,"flow, node, step, scheduled",23,06_流程机制闭环,"已完成 (PowerPoint 原生 custGeom 形状, Shape Fill 直接改色)",原创设计 · 可商用 · 形状非 SVG · 单色 PowerPoint Shape
FLOW-007,,闭环循环,CycleLoop,原创设计·程序化生成,PPT图标语义库·可改色形状,06_流程机制闭环,循环箭头象征闭环,用于PDCA、迭代,闭环 / 循环 / PDCA,"cycle, loop, pdca",23,06_流程机制闭环,"已完成 (PowerPoint 原生 custGeom 形状, Shape Fill 直接改色)",原创设计 · 可商用 · 形状非 SVG · 单色 PowerPoint Shape
FLOW-008,,闭环循环·已验证,CycleLoopVerified,原创设计·程序化生成,PPT图标语义库·可改色形状,06_流程机制闭环,循环箭头象征闭环（已验证变体）,用于PDCA、迭代（已验证场景）,闭环 / 循环 / PDCA / 已验证,"cycle, loop, pdca, verified",23,06_流程机制闭环,"已完成 (PowerPoint 原生 custGeom 形状, Shape Fill 直接改色)",原创设计 · 可商用 · 形状非 SVG · 单色 PowerPoint Shape
FLOW-009,,闭环循环·同步,CycleLoopSync,原创设计·程序化生成,PPT图标语义库·可改色形状,06_流程机制闭环,循环箭头象征闭环（同步变体）,用于PDCA、迭代（同步场景）,闭环 / 循环 / PDCA / 同步,"cycle, loop, pdca, sync",23,06_流程机制闭环,"已完成 (PowerPoint 原生 custGeom 形状, Shape Fill 直接改色)",原创设计 · 可商用 · 形状非 SVG · 单色 PowerPoint Shape
FLOW-010,,闭环循环·新增,CycleLoopAdd,原创设计·程序化生成,PPT图标语义库·可改色形状,06_流程机制闭环,循环箭头象征闭环（新增变体）,用于PDCA、迭代（新增场景）,闭环 / 循环 / PDCA / 新增,"cycle, loop, pdca, add",23,06_流程机制闭环,"已完成 (PowerPoint 原生 custGeom 形状, Shape Fill 直接改色)",原创设计 · 可商用 · 形状非 SVG · 单色 PowerPoint Shape
FLOW-011,,闭环循环·可配置,CycleLoopConfigurable,原创设计·程序化生成,PPT图标语义库·可改色形状,06_流程机制闭环,循环箭头象征闭环（可配置变体）,用于PDCA、迭代（可配置场景）,闭环 / 循环 / PDCA / 可配置,"cycle, loop, pdca, configurable",23,06_流程机制闭环,"已完成 (PowerPoint 原生 custGeom 形状, Shape Fill 直接改色)",原创设计 · 可商用 · 形状非 SVG · 单色 PowerPoint Shape
FLOW-012,,闭环循环·定时,CycleLoopScheduled,原创设计·程序化生成,PPT图标语义库·可改色形状,06_流程机制闭环,循环箭头象征闭环（定时变体）,用于PDCA、迭代（定时场景）,闭环 / 循环 / PDCA / 定时,"cycle, loop, pdca, scheduled",23,06_流程机制闭环,"已完成 (PowerPoint 原生 custGeom 形状, Shape Fill 直接改色)",原创设计 · 可商用 · 形状非 SVG · 单色 PowerPoint Shape
FLOW-013,,刷新,Refresh,原创设计·程序化生成,PPT图标语义库·可改色形状,06_流程机制闭环,双向刷新象征更新,用于刷新、同步,刷新 / 同步 / 更新,"refresh, sync, update",23,06_流程机制闭环,"已完成 (PowerPoint 原生 custGeom 形状, Shape Fill 直接改色)",原创设计 · 可商用 · 形状非 SVG · 单色 PowerPoint Shape
FLOW-014,,刷新·已验证,RefreshVerified,原创设计·程序化生成,PPT图标语义库·可改色形状,06_流程机制闭环,双向刷新象征更新（已验证变体）,用于刷新、同步（已验证场景）,刷新 / 同步 / 更新 / 已验证,"refresh, sync, update, verified",23,06_流程机制闭环,"已完成 (PowerPoint 原生 custGeom 形状, Shape Fill 直接改色)",原创设计 · 可商用 · 形状非 SVG · 单色 PowerPoint Shape
FLOW-015,,刷新·同步,RefreshSync,原创设计·程序化生成,PPT图标语义库·可改色形状,06_流程机制闭环,双向刷新象征更新（同步变体）,用于刷新、同步（同步场景）,刷新 / 同步 / 更新 / 同步,"refresh, sync, update, sync",23,06_流程机制闭环,"已完成 (PowerPoint 原生 custGeom 形状, Shape Fill 直接改色)",原创设计 · 可商用 · 形状非 SVG · 单色 PowerPoint Shape
FLOW-016,,刷新·新增,RefreshAdd,原创设计·程序化生成,PPT图标语义库·可改色形状,06_流程机制闭环,双向刷新象征更新（新增变体）,用于刷新、同步（新增场景）,刷新 / 同步 / 更新 / 新增,"refresh, sync, update, add",23,06_流程机制闭环,"已完成 (PowerPoint 原生 custGeom 形状, Shape Fill 直接改色)",原创设计 · 可商用 · 形状非 SVG · 单色 PowerPoint Shape
FLOW-017,,刷新·可配置,RefreshConfigurable,原创设计·程序化生成,PPT图标语义库·可改色形状,06_流程机制闭环,双向刷新象征更新（可配置变体）,用于刷新、同步（可配置场景）,刷新 / 同步 / 更新 / 可配置,"refresh, sync, update, configurable",23,06_流程机制闭环,"已完成 (PowerPoint 原生 custGeom 形状, Shape Fill 直接改色)",原创设计 · 可商用 · 形状非 SVG · 单色 PowerPoint Shape
FLOW-018,,刷新·定时,RefreshScheduled,原创设计·程序化生成,PPT图标语义库·可改色形状,06_流程机制闭环,双向刷新象征更新（定时变体）,用于刷新、同步（定时场景）,刷新 / 同步 / 更新 / 定时,"refresh, sync, update, scheduled",23,06_流程机制闭环,"已完成 (PowerPoint 原生 custGeom 形状, Shape Fill 直接改色)",原创设计 · 可商用 · 形状非 SVG · 单色 PowerPoint Shape
FLOW-019,,交换,Swap,原创设计·程序化生成,PPT图标语义库·可改色形状,06_流程机制闭环,对向箭头象征互换,用于换岗、互换,交换 / 互换 / 换岗,"swap, exchange, switch",23,06_流程机制闭环,"已完成 (PowerPoint 原生 custGeom 形状, Shape Fill 直接改色)",原创设计 · 可商用 · 形状非 SVG · 单色 PowerPoint Shape
FLOW-020,,交换·已验证,SwapVerified,原创设计·程序化生成,PPT图标语义库·可改色形状,06_流程机制闭环,对向箭头象征互换（已验证变体）,用于换岗、互换（已验证场景）,交换 / 互换 / 换岗 / 已验证,"swap, exchange, switch, verified",23,06_流程机制闭环,"已完成 (PowerPoint 原生 custGeom 形状, Shape Fill 直接改色)",原创设计 · 可商用 · 形状非 SVG · 单色 PowerPoint Shape
FLOW-021,,交换·同步,SwapSync,原创设计·程序化生成,PPT图标语义库·可改色形状,06_流程机制闭环,对向箭头象征互换（同步变体）,用于换岗、互换（同步场景）,交换 / 互换 / 换岗 / 同步,"swap, exchange, switch, sync",23,06_流程机制闭环,"已完成 (PowerPoint 原生 custGeom 形状, Shape Fill 直接改色)",原创设计 · 可商用 · 形状非 SVG · 单色 PowerPoint Shape
FLOW-022,,交换·新增,SwapAdd,原创设计·程序化生成,PPT图标语义库·可改色形状,06_流程机制闭环,对向箭头象征互换（新增变体）,用于换岗、互换（新增场景）,交换 / 互换 / 换岗 / 新增,"swap, exchange, switch, add",23,06_流程机制闭环,"已完成 (PowerPoint 原生 custGeom 形状, Shape Fill 直接改色)",原创设计 · 可商用 · 形状非 SVG · 单色 PowerPoint Shape
FLOW-023,,交换·可配置,SwapConfigurable,原创设计·程序化生成,PPT图标语义库·可改色形状,06_流程机制闭环,对向箭头象征互换（可配置变体）,用于换岗、互换（可配置场景）,交换 / 互换 / 换岗 / 可配置,"swap, exchange, switch, configurable",23,06_流程机制闭环,"已完成 (PowerPoint 原生 custGeom 形状, Shape Fill 直接改色)",原创设计 · 可商用 · 形状非 SVG · 单色 PowerPoint Shape
FLOW-024,,交换·定时,SwapScheduled,原创设计·程序化生成,PPT图标语义库·可改色形状,06_流程机制闭环,对向箭头象征互换（定时变体）,用于换岗、互换（定时场景）,交换 / 互换 / 换岗 / 定时,"swap, exchange, switch, scheduled",23,06_流程机制闭环,"已完成 (PowerPoint 原生 custGeom 形状, Shape Fill 直接改色)",原创设计 · 可商用 · 形状非 SVG · 单色 PowerPoint Shape
FLOW-025,,链条衔接,ChainLink,原创设计·程序化生成,PPT图标语义库·可改色形状,06_流程机制闭环,锁链象征环节衔接,用于上下游衔接,链条 / 衔接 / 上下游,"chain, link, connect",23,06_流程机制闭环,"已完成 (PowerPoint 原生 custGeom 形状, Shape Fill 直接改色)",原创设计 · 可商用 · 形状非 SVG · 单色 PowerPoint Shape
FLOW-026,,链条衔接·已验证,ChainLinkVerified,原创设计·程序化生成,PPT图标语义库·可改色形状,06_流程机制闭环,锁链象征环节衔接（已验证变体）,用于上下游衔接（已验证场景）,链条 / 衔接 / 上下游 / 已验证,"chain, link, connect, verified",23,06_流程机制闭环,"已完成 (PowerPoint 原生 custGeom 形状, Shape Fill 直接改色)",原创设计 · 可商用 · 形状非 SVG · 单色 PowerPoint Shape
FLOW-027,,链条衔接·同步,ChainLinkSync,原创设计·程序化生成,PPT图标语义库·可改色形状,06_流程机制闭环,锁链象征环节衔接（同步变体）,用于上下游衔接（同步场景）,链条 / 衔接 / 上下游 / 同步,"chain, link, connect, sync",23,06_流程机制闭环,"已完成 (PowerPoint 原生 custGeom 形状, Shape Fill 直接改色)",原创设计 · 可商用 · 形状非 SVG · 单色 PowerPoint Shape
FLOW-028,,链条衔接·新增,ChainLinkAdd,原创设计·程序化生成,PPT图标语义库·可改色形状,06_流程机制闭环,锁链象征环节衔接（新增变体）,用于上下游衔接（新增场景）,链条 / 衔接 / 上下游 / 新增,"chain, link, connect, add",23,06_流程机制闭环,"已完成 (PowerPoint 原生 custGeom 形状, Shape Fill 直接改色)",原创设计 · 可商用 · 形状非 SVG · 单色 PowerPoint Shape
FLOW-029,,链条衔接·可配置,ChainLinkConfigurable,原创设计·程序化生成,PPT图标语义库·可改色形状,06_流程机制闭环,锁链象征环节衔接（可配置变体）,用于上下游衔接（可配置场景）,链条 / 衔接 / 上下游 / 可配置,"chain, link, connect, configurable",23,06_流程机制闭环,"已完成 (PowerPoint 原生 custGeom 形状, Shape Fill 直接改色)",原创设计 · 可商用 · 形状非 SVG · 单色 PowerPoint Shape
FLOW-030,,链条衔接·定时,ChainLinkScheduled,原创设计·程序化生成,PPT图标语义库·可改色形状,06_流程机制闭环,锁链象征环节衔接（定时变体）,用于上下游衔接（定时场景）,链条 / 衔接 / 上下游 / 定时,"chain, link, connect, scheduled",23,06_流程机制闭环,"已完成 (PowerPoint 原生 custGeom 形状, Shape Fill 直接改色)",原创设计 · 可商用 · 形状非 SVG · 单色 PowerPoint Shape
FLOW-031,,决策菱形,DecisionDiamond,原创设计·程序化生成,PPT图标语义库·可改色形状,06_流程机制闭环,菱形象征决策点,用于决策节点、分支,决策 / 判断 / 菱形,"decision, branch, diamond",23,06_流程机制闭环,"已完成 (PowerPoint 原生 custGeom 形状, Shape Fill 直接改色)",原创设计 · 可商用 · 形状非 SVG · 单色 PowerPoint Shape
FLOW-032,,决策菱形·已验证,DecisionDiamondVerified,原创设计·程序化生成,PPT图标语义库·可改色形状,06_流程机制闭环,菱形象征决策点（已验证变体）,用于决策节点、分支（已验证场景）,决策 / 判断 / 菱形 / 已验证,"decision, branch, diamond, verified",23,06_流程机制闭环,"已完成 (PowerPoint 原生 custGeom 形状, Shape Fill 直接改色)",原创设计 · 可商用 · 形状非 SVG · 单色 PowerPoint Shape
FLOW-033,,决策菱形·同步,DecisionDiamondSync,原创设计·程序化生成,PPT图标语义库·可改色形状,06_流程机制闭环,菱形象征决策点（同步变体）,用于决策节点、分支（同步场景）,决策 / 判断 / 菱形 / 同步,"decision, branch, diamond, sync",23,06_流程机制闭环,"已完成 (PowerPoint 原生 custGeom 形状, Shape Fill 直接改色)",原创设计 · 可商用 · 形状非 SVG · 单色 PowerPoint Shape
FLOW-034,,决策菱形·新增,DecisionDiamondAdd,原创设计·程序化生成,PPT图标语义库·可改色形状,06_流程机制闭环,菱形象征决策点（新增变体）,用于决策节点、分支（新增场景）,决策 / 判断 / 菱形 / 新增,"decision, branch, diamond, add",23,06_流程机制闭环,"已完成 (PowerPoint 原生 custGeom 形状, Shape Fill 直接改色)",原创设计 · 可商用 · 形状非 SVG · 单色 PowerPoint Shape
FLOW-035,,决策菱形·可配置,DecisionDiamondConfigurable,原创设计·程序化生成,PPT图标语义库·可改色形状,06_流程机制闭环,菱形象征决策点（可配置变体）,用于决策节点、分支（可配置场景）,决策 / 判断 / 菱形 / 可配置,"decision, branch, diamond, configurable",23,06_流程机制闭环,"已完成 (PowerPoint 原生 custGeom 形状, Shape Fill 直接改色)",原创设计 · 可商用 · 形状非 SVG · 单色 PowerPoint Shape
FLOW-036,,决策菱形·定时,DecisionDiamondScheduled,原创设计·程序化生成,PPT图标语义库·可改色形状,06_流程机制闭环,菱形象征决策点（定时变体）,用于决策节点、分支（定时场景）,决策 / 判断 / 菱形 / 定时,"decision, branch, diamond, scheduled",23,06_流程机制闭环,"已完成 (PowerPoint 原生 custGeom 形状, Shape Fill 直接改色)",原创设计 · 可商用 · 形状非 SVG · 单色 PowerPoint Shape
FLOW-037,,齿轮联动,GearPair,原创设计·程序化生成,PPT图标语义库·可改色形状,06_流程机制闭环,双齿轮象征联动机制,用于机制设计、联动,齿轮 / 联动 / 机制,"gear, mechanism, link",23,06_流程机制闭环,"已完成 (PowerPoint 原生 custGeom 形状, Shape Fill 直接改色)",原创设计 · 可商用 · 形状非 SVG · 单色 PowerPoint Shape
FLOW-038,,齿轮联动·已验证,GearPairVerified,原创设计·程序化生成,PPT图标语义库·可改色形状,06_流程机制闭环,双齿轮象征联动机制（已验证变体）,用于机制设计、联动（已验证场景）,齿轮 / 联动 / 机制 / 已验证,"gear, mechanism, link, verified",23,06_流程机制闭环,"已完成 (PowerPoint 原生 custGeom 形状, Shape Fill 直接改色)",原创设计 · 可商用 · 形状非 SVG · 单色 PowerPoint Shape
FLOW-039,,齿轮联动·同步,GearPairSync,原创设计·程序化生成,PPT图标语义库·可改色形状,06_流程机制闭环,双齿轮象征联动机制（同步变体）,用于机制设计、联动（同步场景）,齿轮 / 联动 / 机制 / 同步,"gear, mechanism, link, sync",23,06_流程机制闭环,"已完成 (PowerPoint 原生 custGeom 形状, Shape Fill 直接改色)",原创设计 · 可商用 · 形状非 SVG · 单色 PowerPoint Shape
FLOW-040,,齿轮联动·新增,GearPairAdd,原创设计·程序化生成,PPT图标语义库·可改色形状,06_流程机制闭环,双齿轮象征联动机制（新增变体）,用于机制设计、联动（新增场景）,齿轮 / 联动 / 机制 / 新增,"gear, mechanism, link, add",23,06_流程机制闭环,"已完成 (PowerPoint 原生 custGeom 形状, Shape Fill 直接改色)",原创设计 · 可商用 · 形状非 SVG · 单色 PowerPoint Shape
FLOW-041,,齿轮联动·可配置,GearPairConfigurable,原创设计·程序化生成,PPT图标语义库·可改色形状,06_流程机制闭环,双齿轮象征联动机制（可配置变体）,用于机制设计、联动（可配置场景）,齿轮 / 联动 / 机制 / 可配置,"gear, mechanism, link, configurable",24,06_流程机制闭环,"已完成 (PowerPoint 原生 custGeom 形状, Shape Fill 直接改色)",原创设计 · 可商用 · 形状非 SVG · 单色 PowerPoint Shape
FLOW-042,,齿轮联动·定时,GearPairScheduled,原创设计·程序化生成,PPT图标语义库·可改色形状,06_流程机制闭环,双齿轮象征联动机制（定时变体）,用于机制设计、联动（定时场景）,齿轮 / 联动 / 机制 / 定时,"gear, mechanism, link, scheduled",24,06_流程机制闭环,"已完成 (PowerPoint 原生 custGeom 形状, Shape Fill 直接改色)",原创设计 · 可商用 · 形状非 SVG · 单色 PowerPoint Shape
FLOW-043,,管道流水线,Pipeline,原创设计·程序化生成,PPT图标语义库·可改色形状,06_流程机制闭环,节段管道象征流水线,用于工序、流水,管道 / 流水 / 工序,"pipeline, flow, stage",24,06_流程机制闭环,"已完成 (PowerPoint 原生 custGeom 形状, Shape Fill 直接改色)",原创设计 · 可商用 · 形状非 SVG · 单色 PowerPoint Shape
FLOW-044,,管道流水线·已验证,PipelineVerified,原创设计·程序化生成,PPT图标语义库·可改色形状,06_流程机制闭环,节段管道象征流水线（已验证变体）,用于工序、流水（已验证场景）,管道 / 流水 / 工序 / 已验证,"pipeline, flow, stage, verified",24,06_流程机制闭环,"已完成 (PowerPoint 原生 custGeom 形状, Shape Fill 直接改色)",原创设计 · 可商用 · 形状非 SVG · 单色 PowerPoint Shape
FLOW-045,,管道流水线·同步,PipelineSync,原创设计·程序化生成,PPT图标语义库·可改色形状,06_流程机制闭环,节段管道象征流水线（同步变体）,用于工序、流水（同步场景）,管道 / 流水 / 工序 / 同步,"pipeline, flow, stage, sync",24,06_流程机制闭环,"已完成 (PowerPoint 原生 custGeom 形状, Shape Fill 直接改色)",原创设计 · 可商用 · 形状非 SVG · 单色 PowerPoint Shape
FLOW-046,,管道流水线·新增,PipelineAdd,原创设计·程序化生成,PPT图标语义库·可改色形状,06_流程机制闭环,节段管道象征流水线（新增变体）,用于工序、流水（新增场景）,管道 / 流水 / 工序 / 新增,"pipeline, flow, stage, add",24,06_流程机制闭环,"已完成 (PowerPoint 原生 custGeom 形状, Shape Fill 直接改色)",原创设计 · 可商用 · 形状非 SVG · 单色 PowerPoint Shape
FLOW-047,,管道流水线·可配置,PipelineConfigurable,原创设计·程序化生成,PPT图标语义库·可改色形状,06_流程机制闭环,节段管道象征流水线（可配置变体）,用于工序、流水（可配置场景）,管道 / 流水 / 工序 / 可配置,"pipeline, flow, stage, configurable",24,06_流程机制闭环,"已完成 (PowerPoint 原生 custGeom 形状, Shape Fill 直接改色)",原创设计 · 可商用 · 形状非 SVG · 单色 PowerPoint Shape
FLOW-048,,管道流水线·定时,PipelineScheduled,原创设计·程序化生成,PPT图标语义库·可改色形状,06_流程机制闭环,节段管道象征流水线（定时变体）,用于工序、流水（定时场景）,管道 / 流水 / 工序 / 定时,"pipeline, flow, stage, scheduled",24,06_流程机制闭环,"已完成 (PowerPoint 原生 custGeom 形状, Shape Fill 直接改色)",原创设计 · 可商用 · 形状非 SVG · 单色 PowerPoint Shape
FLOW-049,,看板,Kanban,原创设计·程序化生成,PPT图标语义库·可改色形状,06_流程机制闭环,三栏看板象征任务流,用于Kanban、任务管理,看板 / 任务 / Kanban,"kanban, board, task",24,06_流程机制闭环,"已完成 (PowerPoint 原生 custGeom 形状, Shape Fill 直接改色)",原创设计 · 可商用 · 形状非 SVG · 单色 PowerPoint Shape
FLOW-050,,看板·已验证,KanbanVerified,原创设计·程序化生成,PPT图标语义库·可改色形状,06_流程机制闭环,三栏看板象征任务流（已验证变体）,用于Kanban、任务管理（已验证场景）,看板 / 任务 / Kanban / 已验证,"kanban, board, task, verified",24,06_流程机制闭环,"已完成 (PowerPoint 原生 custGeom 形状, Shape Fill 直接改色)",原创设计 · 可商用 · 形状非 SVG · 单色 PowerPoint Shape
FLOW-051,,看板·同步,KanbanSync,原创设计·程序化生成,PPT图标语义库·可改色形状,06_流程机制闭环,三栏看板象征任务流（同步变体）,用于Kanban、任务管理（同步场景）,看板 / 任务 / Kanban / 同步,"kanban, board, task, sync",24,06_流程机制闭环,"已完成 (PowerPoint 原生 custGeom 形状, Shape Fill 直接改色)",原创设计 · 可商用 · 形状非 SVG · 单色 PowerPoint Shape
FLOW-052,,看板·新增,KanbanAdd,原创设计·程序化生成,PPT图标语义库·可改色形状,06_流程机制闭环,三栏看板象征任务流（新增变体）,用于Kanban、任务管理（新增场景）,看板 / 任务 / Kanban / 新增,"kanban, board, task, add",24,06_流程机制闭环,"已完成 (PowerPoint 原生 custGeom 形状, Shape Fill 直接改色)",原创设计 · 可商用 · 形状非 SVG · 单色 PowerPoint Shape
FLOW-053,,看板·可配置,KanbanConfigurable,原创设计·程序化生成,PPT图标语义库·可改色形状,06_流程机制闭环,三栏看板象征任务流（可配置变体）,用于Kanban、任务管理（可配置场景）,看板 / 任务 / Kanban / 可配置,"kanban, board, task, configurable",24,06_流程机制闭环,"已完成 (PowerPoint 原生 custGeom 形状, Shape Fill 直接改色)",原创设计 · 可商用 · 形状非 SVG · 单色 PowerPoint Shape
FLOW-054,,看板·定时,KanbanScheduled,原创设计·程序化生成,PPT图标语义库·可改色形状,06_流程机制闭环,三栏看板象征任务流（定时变体）,用于Kanban、任务管理（定时场景）,看板 / 任务 / Kanban / 定时,"kanban, board, task, scheduled",24,06_流程机制闭环,"已完成 (PowerPoint 原生 custGeom 形状, Shape Fill 直接改色)",原创设计 · 可商用 · 形状非 SVG · 单色 PowerPoint Shape
FLOW-055,,循环箭头,LoopArrow,原创设计·程序化生成,PPT图标语义库·可改色形状,06_流程机制闭环,U形回路象征反馈闭环,用于反馈循环,循环 / 反馈 / 回路,"loop, feedback",24,06_流程机制闭环,"已完成 (PowerPoint 原生 custGeom 形状, Shape Fill 直接改色)",原创设计 · 可商用 · 形状非 SVG · 单色 PowerPoint Shape
FLOW-056,,循环箭头·已验证,LoopArrowVerified,原创设计·程序化生成,PPT图标语义库·可改色形状,06_流程机制闭环,U形回路象征反馈闭环（已验证变体）,用于反馈循环（已验证场景）,循环 / 反馈 / 回路 / 已验证,"loop, feedback, verified",24,06_流程机制闭环,"已完成 (PowerPoint 原生 custGeom 形状, Shape Fill 直接改色)",原创设计 · 可商用 · 形状非 SVG · 单色 PowerPoint Shape
FLOW-057,,循环箭头·同步,LoopArrowSync,原创设计·程序化生成,PPT图标语义库·可改色形状,06_流程机制闭环,U形回路象征反馈闭环（同步变体）,用于反馈循环（同步场景）,循环 / 反馈 / 回路 / 同步,"loop, feedback, sync",24,06_流程机制闭环,"已完成 (PowerPoint 原生 custGeom 形状, Shape Fill 直接改色)",原创设计 · 可商用 · 形状非 SVG · 单色 PowerPoint Shape
FLOW-058,,循环箭头·新增,LoopArrowAdd,原创设计·程序化生成,PPT图标语义库·可改色形状,06_流程机制闭环,U形回路象征反馈闭环（新增变体）,用于反馈循环（新增场景）,循环 / 反馈 / 回路 / 新增,"loop, feedback, add",24,06_流程机制闭环,"已完成 (PowerPoint 原生 custGeom 形状, Shape Fill 直接改色)",原创设计 · 可商用 · 形状非 SVG · 单色 PowerPoint Shape
FLOW-059,,循环箭头·可配置,LoopArrowConfigurable,原创设计·程序化生成,PPT图标语义库·可改色形状,06_流程机制闭环,U形回路象征反馈闭环（可配置变体）,用于反馈循环（可配置场景）,循环 / 反馈 / 回路 / 可配置,"loop, feedback, configurable",24,06_流程机制闭环,"已完成 (PowerPoint 原生 custGeom 形状, Shape Fill 直接改色)",原创设计 · 可商用 · 形状非 SVG · 单色 PowerPoint Shape
FLOW-060,,循环箭头·定时,LoopArrowScheduled,原创设计·程序化生成,PPT图标语义库·可改色形状,06_流程机制闭环,U形回路象征反馈闭环（定时变体）,用于反馈循环（定时场景）,循环 / 反馈 / 回路 / 定时,"loop, feedback, scheduled",24,06_流程机制闭环,"已完成 (PowerPoint 原生 custGeom 形状, Shape Fill 直接改色)",原创设计 · 可商用 · 形状非 SVG · 单色 PowerPoint Shape
FLOW-061,,里程碑,Milestone,原创设计·程序化生成,PPT图标语义库·可改色形状,06_流程机制闭环,桩石+杆象征里程碑,用于阶段节点,里程碑 / 阶段 / 节点,"milestone, stage",24,06_流程机制闭环,"已完成 (PowerPoint 原生 custGeom 形状, Shape Fill 直接改色)",原创设计 · 可商用 · 形状非 SVG · 单色 PowerPoint Shape
FLOW-062,,里程碑·已验证,MilestoneVerified,原创设计·程序化生成,PPT图标语义库·可改色形状,06_流程机制闭环,桩石+杆象征里程碑（已验证变体）,用于阶段节点（已验证场景）,里程碑 / 阶段 / 节点 / 已验证,"milestone, stage, verified",24,06_流程机制闭环,"已完成 (PowerPoint 原生 custGeom 形状, Shape Fill 直接改色)",原创设计 · 可商用 · 形状非 SVG · 单色 PowerPoint Shape
FLOW-063,,里程碑·同步,MilestoneSync,原创设计·程序化生成,PPT图标语义库·可改色形状,06_流程机制闭环,桩石+杆象征里程碑（同步变体）,用于阶段节点（同步场景）,里程碑 / 阶段 / 节点 / 同步,"milestone, stage, sync",24,06_流程机制闭环,"已完成 (PowerPoint 原生 custGeom 形状, Shape Fill 直接改色)",原创设计 · 可商用 · 形状非 SVG · 单色 PowerPoint Shape
FLOW-064,,里程碑·新增,MilestoneAdd,原创设计·程序化生成,PPT图标语义库·可改色形状,06_流程机制闭环,桩石+杆象征里程碑（新增变体）,用于阶段节点（新增场景）,里程碑 / 阶段 / 节点 / 新增,"milestone, stage, add",24,06_流程机制闭环,"已完成 (PowerPoint 原生 custGeom 形状, Shape Fill 直接改色)",原创设计 · 可商用 · 形状非 SVG · 单色 PowerPoint Shape
FLOW-065,,里程碑·可配置,MilestoneConfigurable,原创设计·程序化生成,PPT图标语义库·可改色形状,06_流程机制闭环,桩石+杆象征里程碑（可配置变体）,用于阶段节点（可配置场景）,里程碑 / 阶段 / 节点 / 可配置,"milestone, stage, configurable",24,06_流程机制闭环,"已完成 (PowerPoint 原生 custGeom 形状, Shape Fill 直接改色)",原创设计 · 可商用 · 形状非 SVG · 单色 PowerPoint Shape
FLOW-066,,里程碑·定时,MilestoneScheduled,原创设计·程序化生成,PPT图标语义库·可改色形状,06_流程机制闭环,桩石+杆象征里程碑（定时变体）,用于阶段节点（定时场景）,里程碑 / 阶段 / 节点 / 定时,"milestone, stage, scheduled",24,06_流程机制闭环,"已完成 (PowerPoint 原生 custGeom 形状, Shape Fill 直接改色)",原创设计 · 可商用 · 形状非 SVG · 单色 PowerPoint Shape
FLOW-067,,路径,RoutePath,原创设计·程序化生成,PPT图标语义库·可改色形状,06_流程机制闭环,S形路径象征流程走向,用于业务路径,路径 / 走向 / 路线,"route, path, way",24,06_流程机制闭环,"已完成 (PowerPoint 原生 custGeom 形状, Shape Fill 直接改色)",原创设计 · 可商用 · 形状非 SVG · 单色 PowerPoint Shape
FLOW-068,,路径·已验证,RoutePathVerified,原创设计·程序化生成,PPT图标语义库·可改色形状,06_流程机制闭环,S形路径象征流程走向（已验证变体）,用于业务路径（已验证场景）,路径 / 走向 / 路线 / 已验证,"route, path, way, verified",24,06_流程机制闭环,"已完成 (PowerPoint 原生 custGeom 形状, Shape Fill 直接改色)",原创设计 · 可商用 · 形状非 SVG · 单色 PowerPoint Shape
FLOW-069,,路径·同步,RoutePathSync,原创设计·程序化生成,PPT图标语义库·可改色形状,06_流程机制闭环,S形路径象征流程走向（同步变体）,用于业务路径（同步场景）,路径 / 走向 / 路线 / 同步,"route, path, way, sync",24,06_流程机制闭环,"已完成 (PowerPoint 原生 custGeom 形状, Shape Fill 直接改色)",原创设计 · 可商用 · 形状非 SVG · 单色 PowerPoint Shape
FLOW-070,,路径·新增,RoutePathAdd,原创设计·程序化生成,PPT图标语义库·可改色形状,06_流程机制闭环,S形路径象征流程走向（新增变体）,用于业务路径（新增场景）,路径 / 走向 / 路线 / 新增,"route, path, way, add",24,06_流程机制闭环,"已完成 (PowerPoint 原生 custGeom 形状, Shape Fill 直接改色)",原创设计 · 可商用 · 形状非 SVG · 单色 PowerPoint Shape
FLOW-071,,路径·可配置,RoutePathConfigurable,原创设计·程序化生成,PPT图标语义库·可改色形状,06_流程机制闭环,S形路径象征流程走向（可配置变体）,用于业务路径（可配置场景）,路径 / 走向 / 路线 / 可配置,"route, path, way, configurable",24,06_流程机制闭环,"已完成 (PowerPoint 原生 custGeom 形状, Shape Fill 直接改色)",原创设计 · 可商用 · 形状非 SVG · 单色 PowerPoint Shape
FLOW-072,,路径·定时,RoutePathScheduled,原创设计·程序化生成,PPT图标语义库·可改色形状,06_流程机制闭环,S形路径象征流程走向（定时变体）,用于业务路径（定时场景）,路径 / 走向 / 路线 / 定时,"route, path, way, scheduled",24,06_流程机制闭环,"已完成 (PowerPoint 原生 custGeom 形状, Shape Fill 直接改色)",原创设计 · 可商用 · 形状非 SVG · 单色 PowerPoint Shape
FLOW-073,,分支拆分,BranchSplit,原创设计·程序化生成,PPT图标语义库·可改色形状,06_流程机制闭环,一拆二象征分支,用于分支、并行,分支 / 拆分 / 并行,"branch, split, parallel",24,06_流程机制闭环,"已完成 (PowerPoint 原生 custGeom 形状, Shape Fill 直接改色)",原创设计 · 可商用 · 形状非 SVG · 单色 PowerPoint Shape
FLOW-074,,分支拆分·已验证,BranchSplitVerified,原创设计·程序化生成,PPT图标语义库·可改色形状,06_流程机制闭环,一拆二象征分支（已验证变体）,用于分支、并行（已验证场景）,分支 / 拆分 / 并行 / 已验证,"branch, split, parallel, verified",24,06_流程机制闭环,"已完成 (PowerPoint 原生 custGeom 形状, Shape Fill 直接改色)",原创设计 · 可商用 · 形状非 SVG · 单色 PowerPoint Shape
FLOW-075,,分支拆分·同步,BranchSplitSync,原创设计·程序化生成,PPT图标语义库·可改色形状,06_流程机制闭环,一拆二象征分支（同步变体）,用于分支、并行（同步场景）,分支 / 拆分 / 并行 / 同步,"branch, split, parallel, sync",24,06_流程机制闭环,"已完成 (PowerPoint 原生 custGeom 形状, Shape Fill 直接改色)",原创设计 · 可商用 · 形状非 SVG · 单色 PowerPoint Shape
FLOW-076,,分支拆分·新增,BranchSplitAdd,原创设计·程序化生成,PPT图标语义库·可改色形状,06_流程机制闭环,一拆二象征分支（新增变体）,用于分支、并行（新增场景）,分支 / 拆分 / 并行 / 新增,"branch, split, parallel, add",24,06_流程机制闭环,"已完成 (PowerPoint 原生 custGeom 形状, Shape Fill 直接改色)",原创设计 · 可商用 · 形状非 SVG · 单色 PowerPoint Shape
FLOW-077,,分支拆分·可配置,BranchSplitConfigurable,原创设计·程序化生成,PPT图标语义库·可改色形状,06_流程机制闭环,一拆二象征分支（可配置变体）,用于分支、并行（可配置场景）,分支 / 拆分 / 并行 / 可配置,"branch, split, parallel, configurable",24,06_流程机制闭环,"已完成 (PowerPoint 原生 custGeom 形状, Shape Fill 直接改色)",原创设计 · 可商用 · 形状非 SVG · 单色 PowerPoint Shape
FLOW-078,,分支拆分·定时,BranchSplitScheduled,原创设计·程序化生成,PPT图标语义库·可改色形状,06_流程机制闭环,一拆二象征分支（定时变体）,用于分支、并行（定时场景）,分支 / 拆分 / 并行 / 定时,"branch, split, parallel, scheduled",24,06_流程机制闭环,"已完成 (PowerPoint 原生 custGeom 形状, Shape Fill 直接改色)",原创设计 · 可商用 · 形状非 SVG · 单色 PowerPoint Shape
FLOW-079,,汇聚合并,MergeArrows,原创设计·程序化生成,PPT图标语义库·可改色形状,06_流程机制闭环,二合一象征汇聚,用于合并、汇集,汇聚 / 合并 / 汇集,"merge, join, converge",24,06_流程机制闭环,"已完成 (PowerPoint 原生 custGeom 形状, Shape Fill 直接改色)",原创设计 · 可商用 · 形状非 SVG · 单色 PowerPoint Shape
FLOW-080,,汇聚合并·已验证,MergeArrowsVerified,原创设计·程序化生成,PPT图标语义库·可改色形状,06_流程机制闭环,二合一象征汇聚（已验证变体）,用于合并、汇集（已验证场景）,汇聚 / 合并 / 汇集 / 已验证,"merge, join, converge, verified",24,06_流程机制闭环,"已完成 (PowerPoint 原生 custGeom 形状, Shape Fill 直接改色)",原创设计 · 可商用 · 形状非 SVG · 单色 PowerPoint Shape
FLOW-081,,汇聚合并·同步,MergeArrowsSync,原创设计·程序化生成,PPT图标语义库·可改色形状,06_流程机制闭环,二合一象征汇聚（同步变体）,用于合并、汇集（同步场景）,汇聚 / 合并 / 汇集 / 同步,"merge, join, converge, sync",25,06_流程机制闭环,"已完成 (PowerPoint 原生 custGeom 形状, Shape Fill 直接改色)",原创设计 · 可商用 · 形状非 SVG · 单色 PowerPoint Shape
FLOW-082,,汇聚合并·新增,MergeArrowsAdd,原创设计·程序化生成,PPT图标语义库·可改色形状,06_流程机制闭环,二合一象征汇聚（新增变体）,用于合并、汇集（新增场景）,汇聚 / 合并 / 汇集 / 新增,"merge, join, converge, add",25,06_流程机制闭环,"已完成 (PowerPoint 原生 custGeom 形状, Shape Fill 直接改色)",原创设计 · 可商用 · 形状非 SVG · 单色 PowerPoint Shape
FLOW-083,,汇聚合并·可配置,MergeArrowsConfigurable,原创设计·程序化生成,PPT图标语义库·可改色形状,06_流程机制闭环,二合一象征汇聚（可配置变体）,用于合并、汇集（可配置场景）,汇聚 / 合并 / 汇集 / 可配置,"merge, join, converge, configurable",25,06_流程机制闭环,"已完成 (PowerPoint 原生 custGeom 形状, Shape Fill 直接改色)",原创设计 · 可商用 · 形状非 SVG · 单色 PowerPoint Shape
AI-001,,机器人头,RobotFace,原创设计·程序化生成,PPT图标语义库·可改色形状,07_AI机器人自动化,可爱机器人象征AI,用于AI助手、机器人,机器人 / AI / 助手,"robot, ai, bot",27,07_AI机器人自动化,"已完成 (PowerPoint 原生 custGeom 形状, Shape Fill 直接改色)",原创设计 · 可商用 · 形状非 SVG · 单色 PowerPoint Shape
AI-002,,机器人头·智能,RobotFaceSmart,原创设计·程序化生成,PPT图标语义库·可改色形状,07_AI机器人自动化,可爱机器人象征AI（智能变体）,用于AI助手、机器人（智能场景）,机器人 / AI / 助手 / 智能,"robot, ai, bot, smart",27,07_AI机器人自动化,"已完成 (PowerPoint 原生 custGeom 形状, Shape Fill 直接改色)",原创设计 · 可商用 · 形状非 SVG · 单色 PowerPoint Shape
AI-003,,机器人头·可配置,RobotFaceConfigurable,原创设计·程序化生成,PPT图标语义库·可改色形状,07_AI机器人自动化,可爱机器人象征AI（可配置变体）,用于AI助手、机器人（可配置场景）,机器人 / AI / 助手 / 可配置,"robot, ai, bot, configurable",27,07_AI机器人自动化,"已完成 (PowerPoint 原生 custGeom 形状, Shape Fill 直接改色)",原创设计 · 可商用 · 形状非 SVG · 单色 PowerPoint Shape
AI-004,,机器人头·同步,RobotFaceSync,原创设计·程序化生成,PPT图标语义库·可改色形状,07_AI机器人自动化,可爱机器人象征AI（同步变体）,用于AI助手、机器人（同步场景）,机器人 / AI / 助手 / 同步,"robot, ai, bot, sync",27,07_AI机器人自动化,"已完成 (PowerPoint 原生 custGeom 形状, Shape Fill 直接改色)",原创设计 · 可商用 · 形状非 SVG · 单色 PowerPoint Shape
AI-005,,机器人头·已验证,RobotFaceVerified,原创设计·程序化生成,PPT图标语义库·可改色形状,07_AI机器人自动化,可爱机器人象征AI（已验证变体）,用于AI助手、机器人（已验证场景）,机器人 / AI / 助手 / 已验证,"robot, ai, bot, verified",27,07_AI机器人自动化,"已完成 (PowerPoint 原生 custGeom 形状, Shape Fill 直接改色)",原创设计 · 可商用 · 形状非 SVG · 单色 PowerPoint Shape
AI-006,,机器人头·洞察,RobotFaceInsight,原创设计·程序化生成,PPT图标语义库·可改色形状,07_AI机器人自动化,可爱机器人象征AI（洞察变体）,用于AI助手、机器人（洞察场景）,机器人 / AI / 助手 / 洞察,"robot, ai, bot, insight",27,07_AI机器人自动化,"已完成 (PowerPoint 原生 custGeom 形状, Shape Fill 直接改色)",原创设计 · 可商用 · 形状非 SVG · 单色 PowerPoint Shape
AI-007,,脑+芯片,BrainChip,原创设计·程序化生成,PPT图标语义库·可改色形状,07_AI机器人自动化,脑+芯片象征智能算力,用于AI内核、模型,大脑 / 芯片 / 算力,"brain, chip, compute",27,07_AI机器人自动化,"已完成 (PowerPoint 原生 custGeom 形状, Shape Fill 直接改色)",原创设计 · 可商用 · 形状非 SVG · 单色 PowerPoint Shape
AI-008,,脑+芯片·智能,BrainChipSmart,原创设计·程序化生成,PPT图标语义库·可改色形状,07_AI机器人自动化,脑+芯片象征智能算力（智能变体）,用于AI内核、模型（智能场景）,大脑 / 芯片 / 算力 / 智能,"brain, chip, compute, smart",27,07_AI机器人自动化,"已完成 (PowerPoint 原生 custGeom 形状, Shape Fill 直接改色)",原创设计 · 可商用 · 形状非 SVG · 单色 PowerPoint Shape
AI-009,,脑+芯片·可配置,BrainChipConfigurable,原创设计·程序化生成,PPT图标语义库·可改色形状,07_AI机器人自动化,脑+芯片象征智能算力（可配置变体）,用于AI内核、模型（可配置场景）,大脑 / 芯片 / 算力 / 可配置,"brain, chip, compute, configurable",27,07_AI机器人自动化,"已完成 (PowerPoint 原生 custGeom 形状, Shape Fill 直接改色)",原创设计 · 可商用 · 形状非 SVG · 单色 PowerPoint Shape
AI-010,,脑+芯片·同步,BrainChipSync,原创设计·程序化生成,PPT图标语义库·可改色形状,07_AI机器人自动化,脑+芯片象征智能算力（同步变体）,用于AI内核、模型（同步场景）,大脑 / 芯片 / 算力 / 同步,"brain, chip, compute, sync",27,07_AI机器人自动化,"已完成 (PowerPoint 原生 custGeom 形状, Shape Fill 直接改色)",原创设计 · 可商用 · 形状非 SVG · 单色 PowerPoint Shape
AI-011,,脑+芯片·已验证,BrainChipVerified,原创设计·程序化生成,PPT图标语义库·可改色形状,07_AI机器人自动化,脑+芯片象征智能算力（已验证变体）,用于AI内核、模型（已验证场景）,大脑 / 芯片 / 算力 / 已验证,"brain, chip, compute, verified",27,07_AI机器人自动化,"已完成 (PowerPoint 原生 custGeom 形状, Shape Fill 直接改色)",原创设计 · 可商用 · 形状非 SVG · 单色 PowerPoint Shape
AI-012,,脑+芯片·洞察,BrainChipInsight,原创设计·程序化生成,PPT图标语义库·可改色形状,07_AI机器人自动化,脑+芯片象征智能算力（洞察变体）,用于AI内核、模型（洞察场景）,大脑 / 芯片 / 算力 / 洞察,"brain, chip, compute, insight",27,07_AI机器人自动化,"已完成 (PowerPoint 原生 custGeom 形状, Shape Fill 直接改色)",原创设计 · 可商用 · 形状非 SVG · 单色 PowerPoint Shape
AI-013,,智能闪光,Sparkle,原创设计·程序化生成,PPT图标语义库·可改色形状,07_AI机器人自动化,四角星象征AI生成,用于AI生成内容标识,AI生成 / 智能 / Sparkle,"sparkle, magic, ai",27,07_AI机器人自动化,"已完成 (PowerPoint 原生 custGeom 形状, Shape Fill 直接改色)",原创设计 · 可商用 · 形状非 SVG · 单色 PowerPoint Shape
AI-014,,智能闪光·智能,SparkleSmart,原创设计·程序化生成,PPT图标语义库·可改色形状,07_AI机器人自动化,四角星象征AI生成（智能变体）,用于AI生成内容标识（智能场景）,AI生成 / 智能 / Sparkle / 智能,"sparkle, magic, ai, smart",27,07_AI机器人自动化,"已完成 (PowerPoint 原生 custGeom 形状, Shape Fill 直接改色)",原创设计 · 可商用 · 形状非 SVG · 单色 PowerPoint Shape
AI-015,,智能闪光·可配置,SparkleConfigurable,原创设计·程序化生成,PPT图标语义库·可改色形状,07_AI机器人自动化,四角星象征AI生成（可配置变体）,用于AI生成内容标识（可配置场景）,AI生成 / 智能 / Sparkle / 可配置,"sparkle, magic, ai, configurable",27,07_AI机器人自动化,"已完成 (PowerPoint 原生 custGeom 形状, Shape Fill 直接改色)",原创设计 · 可商用 · 形状非 SVG · 单色 PowerPoint Shape
AI-016,,智能闪光·同步,SparkleSync,原创设计·程序化生成,PPT图标语义库·可改色形状,07_AI机器人自动化,四角星象征AI生成（同步变体）,用于AI生成内容标识（同步场景）,AI生成 / 智能 / Sparkle / 同步,"sparkle, magic, ai, sync",27,07_AI机器人自动化,"已完成 (PowerPoint 原生 custGeom 形状, Shape Fill 直接改色)",原创设计 · 可商用 · 形状非 SVG · 单色 PowerPoint Shape
AI-017,,智能闪光·已验证,SparkleVerified,原创设计·程序化生成,PPT图标语义库·可改色形状,07_AI机器人自动化,四角星象征AI生成（已验证变体）,用于AI生成内容标识（已验证场景）,AI生成 / 智能 / Sparkle / 已验证,"sparkle, magic, ai, verified",27,07_AI机器人自动化,"已完成 (PowerPoint 原生 custGeom 形状, Shape Fill 直接改色)",原创设计 · 可商用 · 形状非 SVG · 单色 PowerPoint Shape
AI-018,,智能闪光·洞察,SparkleInsight,原创设计·程序化生成,PPT图标语义库·可改色形状,07_AI机器人自动化,四角星象征AI生成（洞察变体）,用于AI生成内容标识（洞察场景）,AI生成 / 智能 / Sparkle / 洞察,"sparkle, magic, ai, insight",27,07_AI机器人自动化,"已完成 (PowerPoint 原生 custGeom 形状, Shape Fill 直接改色)",原创设计 · 可商用 · 形状非 SVG · 单色 PowerPoint Shape
AI-019,,神经网络,NeuralNet,原创设计·程序化生成,PPT图标语义库·可改色形状,07_AI机器人自动化,节点+连线象征神经网络,用于深度学习、模型,神经网络 / 深度学习 / 模型,"neural, network, deep",27,07_AI机器人自动化,"已完成 (PowerPoint 原生 custGeom 形状, Shape Fill 直接改色)",原创设计 · 可商用 · 形状非 SVG · 单色 PowerPoint Shape
AI-020,,神经网络·智能,NeuralNetSmart,原创设计·程序化生成,PPT图标语义库·可改色形状,07_AI机器人自动化,节点+连线象征神经网络（智能变体）,用于深度学习、模型（智能场景）,神经网络 / 深度学习 / 模型 / 智能,"neural, network, deep, smart",27,07_AI机器人自动化,"已完成 (PowerPoint 原生 custGeom 形状, Shape Fill 直接改色)",原创设计 · 可商用 · 形状非 SVG · 单色 PowerPoint Shape
AI-021,,神经网络·可配置,NeuralNetConfigurable,原创设计·程序化生成,PPT图标语义库·可改色形状,07_AI机器人自动化,节点+连线象征神经网络（可配置变体）,用于深度学习、模型（可配置场景）,神经网络 / 深度学习 / 模型 / 可配置,"neural, network, deep, configurable",27,07_AI机器人自动化,"已完成 (PowerPoint 原生 custGeom 形状, Shape Fill 直接改色)",原创设计 · 可商用 · 形状非 SVG · 单色 PowerPoint Shape
AI-022,,神经网络·同步,NeuralNetSync,原创设计·程序化生成,PPT图标语义库·可改色形状,07_AI机器人自动化,节点+连线象征神经网络（同步变体）,用于深度学习、模型（同步场景）,神经网络 / 深度学习 / 模型 / 同步,"neural, network, deep, sync",27,07_AI机器人自动化,"已完成 (PowerPoint 原生 custGeom 形状, Shape Fill 直接改色)",原创设计 · 可商用 · 形状非 SVG · 单色 PowerPoint Shape
AI-023,,神经网络·已验证,NeuralNetVerified,原创设计·程序化生成,PPT图标语义库·可改色形状,07_AI机器人自动化,节点+连线象征神经网络（已验证变体）,用于深度学习、模型（已验证场景）,神经网络 / 深度学习 / 模型 / 已验证,"neural, network, deep, verified",27,07_AI机器人自动化,"已完成 (PowerPoint 原生 custGeom 形状, Shape Fill 直接改色)",原创设计 · 可商用 · 形状非 SVG · 单色 PowerPoint Shape
AI-024,,神经网络·洞察,NeuralNetInsight,原创设计·程序化生成,PPT图标语义库·可改色形状,07_AI机器人自动化,节点+连线象征神经网络（洞察变体）,用于深度学习、模型（洞察场景）,神经网络 / 深度学习 / 模型 / 洞察,"neural, network, deep, insight",27,07_AI机器人自动化,"已完成 (PowerPoint 原生 custGeom 形状, Shape Fill 直接改色)",原创设计 · 可商用 · 形状非 SVG · 单色 PowerPoint Shape
AI-025,,自动化机械臂,AutomationArm,原创设计·程序化生成,PPT图标语义库·可改色形状,07_AI机器人自动化,机械臂+底座象征自动化,用于RPA、机械化,自动化 / 机械臂 / RPA,"automation, arm, rpa",27,07_AI机器人自动化,"已完成 (PowerPoint 原生 custGeom 形状, Shape Fill 直接改色)",原创设计 · 可商用 · 形状非 SVG · 单色 PowerPoint Shape
AI-026,,自动化机械臂·智能,AutomationArmSmart,原创设计·程序化生成,PPT图标语义库·可改色形状,07_AI机器人自动化,机械臂+底座象征自动化（智能变体）,用于RPA、机械化（智能场景）,自动化 / 机械臂 / RPA / 智能,"automation, arm, rpa, smart",27,07_AI机器人自动化,"已完成 (PowerPoint 原生 custGeom 形状, Shape Fill 直接改色)",原创设计 · 可商用 · 形状非 SVG · 单色 PowerPoint Shape
AI-027,,自动化机械臂·可配置,AutomationArmConfigurable,原创设计·程序化生成,PPT图标语义库·可改色形状,07_AI机器人自动化,机械臂+底座象征自动化（可配置变体）,用于RPA、机械化（可配置场景）,自动化 / 机械臂 / RPA / 可配置,"automation, arm, rpa, configurable",27,07_AI机器人自动化,"已完成 (PowerPoint 原生 custGeom 形状, Shape Fill 直接改色)",原创设计 · 可商用 · 形状非 SVG · 单色 PowerPoint Shape
AI-028,,自动化机械臂·同步,AutomationArmSync,原创设计·程序化生成,PPT图标语义库·可改色形状,07_AI机器人自动化,机械臂+底座象征自动化（同步变体）,用于RPA、机械化（同步场景）,自动化 / 机械臂 / RPA / 同步,"automation, arm, rpa, sync",27,07_AI机器人自动化,"已完成 (PowerPoint 原生 custGeom 形状, Shape Fill 直接改色)",原创设计 · 可商用 · 形状非 SVG · 单色 PowerPoint Shape
AI-029,,自动化机械臂·已验证,AutomationArmVerified,原创设计·程序化生成,PPT图标语义库·可改色形状,07_AI机器人自动化,机械臂+底座象征自动化（已验证变体）,用于RPA、机械化（已验证场景）,自动化 / 机械臂 / RPA / 已验证,"automation, arm, rpa, verified",27,07_AI机器人自动化,"已完成 (PowerPoint 原生 custGeom 形状, Shape Fill 直接改色)",原创设计 · 可商用 · 形状非 SVG · 单色 PowerPoint Shape
AI-030,,自动化机械臂·洞察,AutomationArmInsight,原创设计·程序化生成,PPT图标语义库·可改色形状,07_AI机器人自动化,机械臂+底座象征自动化（洞察变体）,用于RPA、机械化（洞察场景）,自动化 / 机械臂 / RPA / 洞察,"automation, arm, rpa, insight",27,07_AI机器人自动化,"已完成 (PowerPoint 原生 custGeom 形状, Shape Fill 直接改色)",原创设计 · 可商用 · 形状非 SVG · 单色 PowerPoint Shape
AI-031,,对话机器人,Chatbot,原创设计·程序化生成,PPT图标语义库·可改色形状,07_AI机器人自动化,聊天气泡+笑脸象征对话机器人,用于Chatbot、智能客服,聊天机器人 / Chatbot / 智能客服,"chatbot, bot, ai-agent",27,07_AI机器人自动化,"已完成 (PowerPoint 原生 custGeom 形状, Shape Fill 直接改色)",原创设计 · 可商用 · 形状非 SVG · 单色 PowerPoint Shape
AI-032,,对话机器人·智能,ChatbotSmart,原创设计·程序化生成,PPT图标语义库·可改色形状,07_AI机器人自动化,聊天气泡+笑脸象征对话机器人（智能变体）,用于Chatbot、智能客服（智能场景）,聊天机器人 / Chatbot / 智能客服 / 智能,"chatbot, bot, ai-agent, smart",27,07_AI机器人自动化,"已完成 (PowerPoint 原生 custGeom 形状, Shape Fill 直接改色)",原创设计 · 可商用 · 形状非 SVG · 单色 PowerPoint Shape
AI-033,,对话机器人·可配置,ChatbotConfigurable,原创设计·程序化生成,PPT图标语义库·可改色形状,07_AI机器人自动化,聊天气泡+笑脸象征对话机器人（可配置变体）,用于Chatbot、智能客服（可配置场景）,聊天机器人 / Chatbot / 智能客服 / 可配置,"chatbot, bot, ai-agent, configurable",27,07_AI机器人自动化,"已完成 (PowerPoint 原生 custGeom 形状, Shape Fill 直接改色)",原创设计 · 可商用 · 形状非 SVG · 单色 PowerPoint Shape
AI-034,,对话机器人·同步,ChatbotSync,原创设计·程序化生成,PPT图标语义库·可改色形状,07_AI机器人自动化,聊天气泡+笑脸象征对话机器人（同步变体）,用于Chatbot、智能客服（同步场景）,聊天机器人 / Chatbot / 智能客服 / 同步,"chatbot, bot, ai-agent, sync",27,07_AI机器人自动化,"已完成 (PowerPoint 原生 custGeom 形状, Shape Fill 直接改色)",原创设计 · 可商用 · 形状非 SVG · 单色 PowerPoint Shape
AI-035,,对话机器人·已验证,ChatbotVerified,原创设计·程序化生成,PPT图标语义库·可改色形状,07_AI机器人自动化,聊天气泡+笑脸象征对话机器人（已验证变体）,用于Chatbot、智能客服（已验证场景）,聊天机器人 / Chatbot / 智能客服 / 已验证,"chatbot, bot, ai-agent, verified",27,07_AI机器人自动化,"已完成 (PowerPoint 原生 custGeom 形状, Shape Fill 直接改色)",原创设计 · 可商用 · 形状非 SVG · 单色 PowerPoint Shape
AI-036,,对话机器人·洞察,ChatbotInsight,原创设计·程序化生成,PPT图标语义库·可改色形状,07_AI机器人自动化,聊天气泡+笑脸象征对话机器人（洞察变体）,用于Chatbot、智能客服（洞察场景）,聊天机器人 / Chatbot / 智能客服 / 洞察,"chatbot, bot, ai-agent, insight",27,07_AI机器人自动化,"已完成 (PowerPoint 原生 custGeom 形状, Shape Fill 直接改色)",原创设计 · 可商用 · 形状非 SVG · 单色 PowerPoint Shape
AI-037,,智能助手,SmartAssistant,原创设计·程序化生成,PPT图标语义库·可改色形状,07_AI机器人自动化,笑脸+sparkle象征AI助手,用于AI助手、Copilot,AI助手 / Copilot / 智能助手,"copilot, assistant, ai",27,07_AI机器人自动化,"已完成 (PowerPoint 原生 custGeom 形状, Shape Fill 直接改色)",原创设计 · 可商用 · 形状非 SVG · 单色 PowerPoint Shape
AI-038,,智能助手·智能,SmartAssistantSmart,原创设计·程序化生成,PPT图标语义库·可改色形状,07_AI机器人自动化,笑脸+sparkle象征AI助手（智能变体）,用于AI助手、Copilot（智能场景）,AI助手 / Copilot / 智能助手 / 智能,"copilot, assistant, ai, smart",27,07_AI机器人自动化,"已完成 (PowerPoint 原生 custGeom 形状, Shape Fill 直接改色)",原创设计 · 可商用 · 形状非 SVG · 单色 PowerPoint Shape
AI-039,,智能助手·可配置,SmartAssistantConfigurable,原创设计·程序化生成,PPT图标语义库·可改色形状,07_AI机器人自动化,笑脸+sparkle象征AI助手（可配置变体）,用于AI助手、Copilot（可配置场景）,AI助手 / Copilot / 智能助手 / 可配置,"copilot, assistant, ai, configurable",27,07_AI机器人自动化,"已完成 (PowerPoint 原生 custGeom 形状, Shape Fill 直接改色)",原创设计 · 可商用 · 形状非 SVG · 单色 PowerPoint Shape
AI-040,,智能助手·同步,SmartAssistantSync,原创设计·程序化生成,PPT图标语义库·可改色形状,07_AI机器人自动化,笑脸+sparkle象征AI助手（同步变体）,用于AI助手、Copilot（同步场景）,AI助手 / Copilot / 智能助手 / 同步,"copilot, assistant, ai, sync",27,07_AI机器人自动化,"已完成 (PowerPoint 原生 custGeom 形状, Shape Fill 直接改色)",原创设计 · 可商用 · 形状非 SVG · 单色 PowerPoint Shape
AI-041,,智能助手·已验证,SmartAssistantVerified,原创设计·程序化生成,PPT图标语义库·可改色形状,07_AI机器人自动化,笑脸+sparkle象征AI助手（已验证变体）,用于AI助手、Copilot（已验证场景）,AI助手 / Copilot / 智能助手 / 已验证,"copilot, assistant, ai, verified",28,07_AI机器人自动化,"已完成 (PowerPoint 原生 custGeom 形状, Shape Fill 直接改色)",原创设计 · 可商用 · 形状非 SVG · 单色 PowerPoint Shape
AI-042,,智能助手·洞察,SmartAssistantInsight,原创设计·程序化生成,PPT图标语义库·可改色形状,07_AI机器人自动化,笑脸+sparkle象征AI助手（洞察变体）,用于AI助手、Copilot（洞察场景）,AI助手 / Copilot / 智能助手 / 洞察,"copilot, assistant, ai, insight",28,07_AI机器人自动化,"已完成 (PowerPoint 原生 custGeom 形状, Shape Fill 直接改色)",原创设计 · 可商用 · 形状非 SVG · 单色 PowerPoint Shape
AI-043,,AI视觉,Vision,原创设计·程序化生成,PPT图标语义库·可改色形状,07_AI机器人自动化,眼睛+sparkle象征视觉AI,用于CV、图像识别,视觉AI / 图像识别 / CV,"vision, cv, image",28,07_AI机器人自动化,"已完成 (PowerPoint 原生 custGeom 形状, Shape Fill 直接改色)",原创设计 · 可商用 · 形状非 SVG · 单色 PowerPoint Shape
AI-044,,AI视觉·智能,VisionSmart,原创设计·程序化生成,PPT图标语义库·可改色形状,07_AI机器人自动化,眼睛+sparkle象征视觉AI（智能变体）,用于CV、图像识别（智能场景）,视觉AI / 图像识别 / CV / 智能,"vision, cv, image, smart",28,07_AI机器人自动化,"已完成 (PowerPoint 原生 custGeom 形状, Shape Fill 直接改色)",原创设计 · 可商用 · 形状非 SVG · 单色 PowerPoint Shape
AI-045,,AI视觉·可配置,VisionConfigurable,原创设计·程序化生成,PPT图标语义库·可改色形状,07_AI机器人自动化,眼睛+sparkle象征视觉AI（可配置变体）,用于CV、图像识别（可配置场景）,视觉AI / 图像识别 / CV / 可配置,"vision, cv, image, configurable",28,07_AI机器人自动化,"已完成 (PowerPoint 原生 custGeom 形状, Shape Fill 直接改色)",原创设计 · 可商用 · 形状非 SVG · 单色 PowerPoint Shape
AI-046,,AI视觉·同步,VisionSync,原创设计·程序化生成,PPT图标语义库·可改色形状,07_AI机器人自动化,眼睛+sparkle象征视觉AI（同步变体）,用于CV、图像识别（同步场景）,视觉AI / 图像识别 / CV / 同步,"vision, cv, image, sync",28,07_AI机器人自动化,"已完成 (PowerPoint 原生 custGeom 形状, Shape Fill 直接改色)",原创设计 · 可商用 · 形状非 SVG · 单色 PowerPoint Shape
AI-047,,AI视觉·已验证,VisionVerified,原创设计·程序化生成,PPT图标语义库·可改色形状,07_AI机器人自动化,眼睛+sparkle象征视觉AI（已验证变体）,用于CV、图像识别（已验证场景）,视觉AI / 图像识别 / CV / 已验证,"vision, cv, image, verified",28,07_AI机器人自动化,"已完成 (PowerPoint 原生 custGeom 形状, Shape Fill 直接改色)",原创设计 · 可商用 · 形状非 SVG · 单色 PowerPoint Shape
AI-048,,AI视觉·洞察,VisionInsight,原创设计·程序化生成,PPT图标语义库·可改色形状,07_AI机器人自动化,眼睛+sparkle象征视觉AI（洞察变体）,用于CV、图像识别（洞察场景）,视觉AI / 图像识别 / CV / 洞察,"vision, cv, image, insight",28,07_AI机器人自动化,"已完成 (PowerPoint 原生 custGeom 形状, Shape Fill 直接改色)",原创设计 · 可商用 · 形状非 SVG · 单色 PowerPoint Shape
AI-049,,模型层,ModelLayer,原创设计·程序化生成,PPT图标语义库·可改色形状,07_AI机器人自动化,层叠平面象征多层模型,用于神经层、模型结构,模型层 / Layer / 多层,"layer, model, stack",28,07_AI机器人自动化,"已完成 (PowerPoint 原生 custGeom 形状, Shape Fill 直接改色)",原创设计 · 可商用 · 形状非 SVG · 单色 PowerPoint Shape
AI-050,,模型层·智能,ModelLayerSmart,原创设计·程序化生成,PPT图标语义库·可改色形状,07_AI机器人自动化,层叠平面象征多层模型（智能变体）,用于神经层、模型结构（智能场景）,模型层 / Layer / 多层 / 智能,"layer, model, stack, smart",28,07_AI机器人自动化,"已完成 (PowerPoint 原生 custGeom 形状, Shape Fill 直接改色)",原创设计 · 可商用 · 形状非 SVG · 单色 PowerPoint Shape
AI-051,,模型层·可配置,ModelLayerConfigurable,原创设计·程序化生成,PPT图标语义库·可改色形状,07_AI机器人自动化,层叠平面象征多层模型（可配置变体）,用于神经层、模型结构（可配置场景）,模型层 / Layer / 多层 / 可配置,"layer, model, stack, configurable",28,07_AI机器人自动化,"已完成 (PowerPoint 原生 custGeom 形状, Shape Fill 直接改色)",原创设计 · 可商用 · 形状非 SVG · 单色 PowerPoint Shape
AI-052,,模型层·同步,ModelLayerSync,原创设计·程序化生成,PPT图标语义库·可改色形状,07_AI机器人自动化,层叠平面象征多层模型（同步变体）,用于神经层、模型结构（同步场景）,模型层 / Layer / 多层 / 同步,"layer, model, stack, sync",28,07_AI机器人自动化,"已完成 (PowerPoint 原生 custGeom 形状, Shape Fill 直接改色)",原创设计 · 可商用 · 形状非 SVG · 单色 PowerPoint Shape
AI-053,,模型层·已验证,ModelLayerVerified,原创设计·程序化生成,PPT图标语义库·可改色形状,07_AI机器人自动化,层叠平面象征多层模型（已验证变体）,用于神经层、模型结构（已验证场景）,模型层 / Layer / 多层 / 已验证,"layer, model, stack, verified",28,07_AI机器人自动化,"已完成 (PowerPoint 原生 custGeom 形状, Shape Fill 直接改色)",原创设计 · 可商用 · 形状非 SVG · 单色 PowerPoint Shape
AI-054,,模型层·洞察,ModelLayerInsight,原创设计·程序化生成,PPT图标语义库·可改色形状,07_AI机器人自动化,层叠平面象征多层模型（洞察变体）,用于神经层、模型结构（洞察场景）,模型层 / Layer / 多层 / 洞察,"layer, model, stack, insight",28,07_AI机器人自动化,"已完成 (PowerPoint 原生 custGeom 形状, Shape Fill 直接改色)",原创设计 · 可商用 · 形状非 SVG · 单色 PowerPoint Shape
AI-055,,Prompt 提示词,PromptBox,原创设计·程序化生成,PPT图标语义库·可改色形状,07_AI机器人自动化,对话框+sparkle象征Prompt,用于提示词、Prompt工程,Prompt / 提示词 / 对话框,"prompt, input, ai",28,07_AI机器人自动化,"已完成 (PowerPoint 原生 custGeom 形状, Shape Fill 直接改色)",原创设计 · 可商用 · 形状非 SVG · 单色 PowerPoint Shape
AI-056,,Prompt 提示词·智能,PromptBoxSmart,原创设计·程序化生成,PPT图标语义库·可改色形状,07_AI机器人自动化,对话框+sparkle象征Prompt（智能变体）,用于提示词、Prompt工程（智能场景）,Prompt / 提示词 / 对话框 / 智能,"prompt, input, ai, smart",28,07_AI机器人自动化,"已完成 (PowerPoint 原生 custGeom 形状, Shape Fill 直接改色)",原创设计 · 可商用 · 形状非 SVG · 单色 PowerPoint Shape
AI-057,,Prompt 提示词·可配置,PromptBoxConfigurable,原创设计·程序化生成,PPT图标语义库·可改色形状,07_AI机器人自动化,对话框+sparkle象征Prompt（可配置变体）,用于提示词、Prompt工程（可配置场景）,Prompt / 提示词 / 对话框 / 可配置,"prompt, input, ai, configurable",28,07_AI机器人自动化,"已完成 (PowerPoint 原生 custGeom 形状, Shape Fill 直接改色)",原创设计 · 可商用 · 形状非 SVG · 单色 PowerPoint Shape
AI-058,,Prompt 提示词·同步,PromptBoxSync,原创设计·程序化生成,PPT图标语义库·可改色形状,07_AI机器人自动化,对话框+sparkle象征Prompt（同步变体）,用于提示词、Prompt工程（同步场景）,Prompt / 提示词 / 对话框 / 同步,"prompt, input, ai, sync",28,07_AI机器人自动化,"已完成 (PowerPoint 原生 custGeom 形状, Shape Fill 直接改色)",原创设计 · 可商用 · 形状非 SVG · 单色 PowerPoint Shape
AI-059,,Prompt 提示词·已验证,PromptBoxVerified,原创设计·程序化生成,PPT图标语义库·可改色形状,07_AI机器人自动化,对话框+sparkle象征Prompt（已验证变体）,用于提示词、Prompt工程（已验证场景）,Prompt / 提示词 / 对话框 / 已验证,"prompt, input, ai, verified",28,07_AI机器人自动化,"已完成 (PowerPoint 原生 custGeom 形状, Shape Fill 直接改色)",原创设计 · 可商用 · 形状非 SVG · 单色 PowerPoint Shape
AI-060,,Prompt 提示词·洞察,PromptBoxInsight,原创设计·程序化生成,PPT图标语义库·可改色形状,07_AI机器人自动化,对话框+sparkle象征Prompt（洞察变体）,用于提示词、Prompt工程（洞察场景）,Prompt / 提示词 / 对话框 / 洞察,"prompt, input, ai, insight",28,07_AI机器人自动化,"已完成 (PowerPoint 原生 custGeom 形状, Shape Fill 直接改色)",原创设计 · 可商用 · 形状非 SVG · 单色 PowerPoint Shape
AI-061,,训练循环,TrainingLoop,原创设计·程序化生成,PPT图标语义库·可改色形状,07_AI机器人自动化,循环+中心点象征模型训练,用于训练迭代,训练 / 迭代 / Loop,"training, iter, loop",28,07_AI机器人自动化,"已完成 (PowerPoint 原生 custGeom 形状, Shape Fill 直接改色)",原创设计 · 可商用 · 形状非 SVG · 单色 PowerPoint Shape
AI-062,,训练循环·智能,TrainingLoopSmart,原创设计·程序化生成,PPT图标语义库·可改色形状,07_AI机器人自动化,循环+中心点象征模型训练（智能变体）,用于训练迭代（智能场景）,训练 / 迭代 / Loop / 智能,"training, iter, loop, smart",28,07_AI机器人自动化,"已完成 (PowerPoint 原生 custGeom 形状, Shape Fill 直接改色)",原创设计 · 可商用 · 形状非 SVG · 单色 PowerPoint Shape
AI-063,,训练循环·可配置,TrainingLoopConfigurable,原创设计·程序化生成,PPT图标语义库·可改色形状,07_AI机器人自动化,循环+中心点象征模型训练（可配置变体）,用于训练迭代（可配置场景）,训练 / 迭代 / Loop / 可配置,"training, iter, loop, configurable",28,07_AI机器人自动化,"已完成 (PowerPoint 原生 custGeom 形状, Shape Fill 直接改色)",原创设计 · 可商用 · 形状非 SVG · 单色 PowerPoint Shape
AI-064,,训练循环·同步,TrainingLoopSync,原创设计·程序化生成,PPT图标语义库·可改色形状,07_AI机器人自动化,循环+中心点象征模型训练（同步变体）,用于训练迭代（同步场景）,训练 / 迭代 / Loop / 同步,"training, iter, loop, sync",28,07_AI机器人自动化,"已完成 (PowerPoint 原生 custGeom 形状, Shape Fill 直接改色)",原创设计 · 可商用 · 形状非 SVG · 单色 PowerPoint Shape
AI-065,,训练循环·已验证,TrainingLoopVerified,原创设计·程序化生成,PPT图标语义库·可改色形状,07_AI机器人自动化,循环+中心点象征模型训练（已验证变体）,用于训练迭代（已验证场景）,训练 / 迭代 / Loop / 已验证,"training, iter, loop, verified",28,07_AI机器人自动化,"已完成 (PowerPoint 原生 custGeom 形状, Shape Fill 直接改色)",原创设计 · 可商用 · 形状非 SVG · 单色 PowerPoint Shape
AI-066,,训练循环·洞察,TrainingLoopInsight,原创设计·程序化生成,PPT图标语义库·可改色形状,07_AI机器人自动化,循环+中心点象征模型训练（洞察变体）,用于训练迭代（洞察场景）,训练 / 迭代 / Loop / 洞察,"training, iter, loop, insight",28,07_AI机器人自动化,"已完成 (PowerPoint 原生 custGeom 形状, Shape Fill 直接改色)",原创设计 · 可商用 · 形状非 SVG · 单色 PowerPoint Shape
AI-067,,数据集,Dataset,原创设计·程序化生成,PPT图标语义库·可改色形状,07_AI机器人自动化,圆柱体象征数据存储,用于数据集、数据库,数据集 / 数据库 / 存储,"dataset, database, storage",28,07_AI机器人自动化,"已完成 (PowerPoint 原生 custGeom 形状, Shape Fill 直接改色)",原创设计 · 可商用 · 形状非 SVG · 单色 PowerPoint Shape
AI-068,,数据集·智能,DatasetSmart,原创设计·程序化生成,PPT图标语义库·可改色形状,07_AI机器人自动化,圆柱体象征数据存储（智能变体）,用于数据集、数据库（智能场景）,数据集 / 数据库 / 存储 / 智能,"dataset, database, storage, smart",28,07_AI机器人自动化,"已完成 (PowerPoint 原生 custGeom 形状, Shape Fill 直接改色)",原创设计 · 可商用 · 形状非 SVG · 单色 PowerPoint Shape
AI-069,,数据集·可配置,DatasetConfigurable,原创设计·程序化生成,PPT图标语义库·可改色形状,07_AI机器人自动化,圆柱体象征数据存储（可配置变体）,用于数据集、数据库（可配置场景）,数据集 / 数据库 / 存储 / 可配置,"dataset, database, storage, configurable",28,07_AI机器人自动化,"已完成 (PowerPoint 原生 custGeom 形状, Shape Fill 直接改色)",原创设计 · 可商用 · 形状非 SVG · 单色 PowerPoint Shape
AI-070,,数据集·同步,DatasetSync,原创设计·程序化生成,PPT图标语义库·可改色形状,07_AI机器人自动化,圆柱体象征数据存储（同步变体）,用于数据集、数据库（同步场景）,数据集 / 数据库 / 存储 / 同步,"dataset, database, storage, sync",28,07_AI机器人自动化,"已完成 (PowerPoint 原生 custGeom 形状, Shape Fill 直接改色)",原创设计 · 可商用 · 形状非 SVG · 单色 PowerPoint Shape
AI-071,,数据集·已验证,DatasetVerified,原创设计·程序化生成,PPT图标语义库·可改色形状,07_AI机器人自动化,圆柱体象征数据存储（已验证变体）,用于数据集、数据库（已验证场景）,数据集 / 数据库 / 存储 / 已验证,"dataset, database, storage, verified",28,07_AI机器人自动化,"已完成 (PowerPoint 原生 custGeom 形状, Shape Fill 直接改色)",原创设计 · 可商用 · 形状非 SVG · 单色 PowerPoint Shape
AI-072,,数据集·洞察,DatasetInsight,原创设计·程序化生成,PPT图标语义库·可改色形状,07_AI机器人自动化,圆柱体象征数据存储（洞察变体）,用于数据集、数据库（洞察场景）,数据集 / 数据库 / 存储 / 洞察,"dataset, database, storage, insight",28,07_AI机器人自动化,"已完成 (PowerPoint 原生 custGeom 形状, Shape Fill 直接改色)",原创设计 · 可商用 · 形状非 SVG · 单色 PowerPoint Shape
AI-073,,向量空间,Embedding,原创设计·程序化生成,PPT图标语义库·可改色形状,07_AI机器人自动化,散点+连线象征embedding空间,用于向量、相似度,向量 / Embedding / 相似度,"embedding, vector, similarity",28,07_AI机器人自动化,"已完成 (PowerPoint 原生 custGeom 形状, Shape Fill 直接改色)",原创设计 · 可商用 · 形状非 SVG · 单色 PowerPoint Shape
AI-074,,向量空间·智能,EmbeddingSmart,原创设计·程序化生成,PPT图标语义库·可改色形状,07_AI机器人自动化,散点+连线象征embedding空间（智能变体）,用于向量、相似度（智能场景）,向量 / Embedding / 相似度 / 智能,"embedding, vector, similarity, smart",28,07_AI机器人自动化,"已完成 (PowerPoint 原生 custGeom 形状, Shape Fill 直接改色)",原创设计 · 可商用 · 形状非 SVG · 单色 PowerPoint Shape
AI-075,,向量空间·可配置,EmbeddingConfigurable,原创设计·程序化生成,PPT图标语义库·可改色形状,07_AI机器人自动化,散点+连线象征embedding空间（可配置变体）,用于向量、相似度（可配置场景）,向量 / Embedding / 相似度 / 可配置,"embedding, vector, similarity, configurable",28,07_AI机器人自动化,"已完成 (PowerPoint 原生 custGeom 形状, Shape Fill 直接改色)",原创设计 · 可商用 · 形状非 SVG · 单色 PowerPoint Shape
AI-076,,向量空间·同步,EmbeddingSync,原创设计·程序化生成,PPT图标语义库·可改色形状,07_AI机器人自动化,散点+连线象征embedding空间（同步变体）,用于向量、相似度（同步场景）,向量 / Embedding / 相似度 / 同步,"embedding, vector, similarity, sync",28,07_AI机器人自动化,"已完成 (PowerPoint 原生 custGeom 形状, Shape Fill 直接改色)",原创设计 · 可商用 · 形状非 SVG · 单色 PowerPoint Shape
AI-077,,向量空间·已验证,EmbeddingVerified,原创设计·程序化生成,PPT图标语义库·可改色形状,07_AI机器人自动化,散点+连线象征embedding空间（已验证变体）,用于向量、相似度（已验证场景）,向量 / Embedding / 相似度 / 已验证,"embedding, vector, similarity, verified",28,07_AI机器人自动化,"已完成 (PowerPoint 原生 custGeom 形状, Shape Fill 直接改色)",原创设计 · 可商用 · 形状非 SVG · 单色 PowerPoint Shape
AI-078,,向量空间·洞察,EmbeddingInsight,原创设计·程序化生成,PPT图标语义库·可改色形状,07_AI机器人自动化,散点+连线象征embedding空间（洞察变体）,用于向量、相似度（洞察场景）,向量 / Embedding / 相似度 / 洞察,"embedding, vector, similarity, insight",28,07_AI机器人自动化,"已完成 (PowerPoint 原生 custGeom 形状, Shape Fill 直接改色)",原创设计 · 可商用 · 形状非 SVG · 单色 PowerPoint Shape
AI-079,,大模型容器,LlmBox,原创设计·程序化生成,PPT图标语义库·可改色形状,07_AI机器人自动化,盒子+sparkle象征LLM,用于大模型、生成,大模型 / LLM / 生成,"llm, gpt, model",28,07_AI机器人自动化,"已完成 (PowerPoint 原生 custGeom 形状, Shape Fill 直接改色)",原创设计 · 可商用 · 形状非 SVG · 单色 PowerPoint Shape
AI-080,,大模型容器·智能,LlmBoxSmart,原创设计·程序化生成,PPT图标语义库·可改色形状,07_AI机器人自动化,盒子+sparkle象征LLM（智能变体）,用于大模型、生成（智能场景）,大模型 / LLM / 生成 / 智能,"llm, gpt, model, smart",28,07_AI机器人自动化,"已完成 (PowerPoint 原生 custGeom 形状, Shape Fill 直接改色)",原创设计 · 可商用 · 形状非 SVG · 单色 PowerPoint Shape
AI-081,,大模型容器·可配置,LlmBoxConfigurable,原创设计·程序化生成,PPT图标语义库·可改色形状,07_AI机器人自动化,盒子+sparkle象征LLM（可配置变体）,用于大模型、生成（可配置场景）,大模型 / LLM / 生成 / 可配置,"llm, gpt, model, configurable",29,07_AI机器人自动化,"已完成 (PowerPoint 原生 custGeom 形状, Shape Fill 直接改色)",原创设计 · 可商用 · 形状非 SVG · 单色 PowerPoint Shape
AI-082,,大模型容器·同步,LlmBoxSync,原创设计·程序化生成,PPT图标语义库·可改色形状,07_AI机器人自动化,盒子+sparkle象征LLM（同步变体）,用于大模型、生成（同步场景）,大模型 / LLM / 生成 / 同步,"llm, gpt, model, sync",29,07_AI机器人自动化,"已完成 (PowerPoint 原生 custGeom 形状, Shape Fill 直接改色)",原创设计 · 可商用 · 形状非 SVG · 单色 PowerPoint Shape
AI-083,,大模型容器·已验证,LlmBoxVerified,原创设计·程序化生成,PPT图标语义库·可改色形状,07_AI机器人自动化,盒子+sparkle象征LLM（已验证变体）,用于大模型、生成（已验证场景）,大模型 / LLM / 生成 / 已验证,"llm, gpt, model, verified",29,07_AI机器人自动化,"已完成 (PowerPoint 原生 custGeom 形状, Shape Fill 直接改色)",原创设计 · 可商用 · 形状非 SVG · 单色 PowerPoint Shape
KNOW-001,,文档,Document,原创设计·程序化生成,PPT图标语义库·可改色形状,08_知识库与文档,带折角的文档,用于通用文档,文档 / Doc / 文件,"doc, file, document",31,08_知识库与文档,"已完成 (PowerPoint 原生 custGeom 形状, Shape Fill 直接改色)",原创设计 · 可商用 · 形状非 SVG · 单色 PowerPoint Shape
KNOW-002,,文档·新增,DocumentAdd,原创设计·程序化生成,PPT图标语义库·可改色形状,08_知识库与文档,带折角的文档（新增变体）,用于通用文档（新增场景）,文档 / Doc / 文件 / 新增,"doc, file, document, add",31,08_知识库与文档,"已完成 (PowerPoint 原生 custGeom 形状, Shape Fill 直接改色)",原创设计 · 可商用 · 形状非 SVG · 单色 PowerPoint Shape
KNOW-003,,文档·已验证,DocumentVerified,原创设计·程序化生成,PPT图标语义库·可改色形状,08_知识库与文档,带折角的文档（已验证变体）,用于通用文档（已验证场景）,文档 / Doc / 文件 / 已验证,"doc, file, document, verified",31,08_知识库与文档,"已完成 (PowerPoint 原生 custGeom 形状, Shape Fill 直接改色)",原创设计 · 可商用 · 形状非 SVG · 单色 PowerPoint Shape
KNOW-004,,文档·加锁,DocumentLocked,原创设计·程序化生成,PPT图标语义库·可改色形状,08_知识库与文档,带折角的文档（加锁变体）,用于通用文档（加锁场景）,文档 / Doc / 文件 / 加锁,"doc, file, document, locked",31,08_知识库与文档,"已完成 (PowerPoint 原生 custGeom 形状, Shape Fill 直接改色)",原创设计 · 可商用 · 形状非 SVG · 单色 PowerPoint Shape
KNOW-005,,文档·洞察,DocumentInsight,原创设计·程序化生成,PPT图标语义库·可改色形状,08_知识库与文档,带折角的文档（洞察变体）,用于通用文档（洞察场景）,文档 / Doc / 文件 / 洞察,"doc, file, document, insight",31,08_知识库与文档,"已完成 (PowerPoint 原生 custGeom 形状, Shape Fill 直接改色)",原创设计 · 可商用 · 形状非 SVG · 单色 PowerPoint Shape
KNOW-006,,文档·重点,DocumentFeatured,原创设计·程序化生成,PPT图标语义库·可改色形状,08_知识库与文档,带折角的文档（重点变体）,用于通用文档（重点场景）,文档 / Doc / 文件 / 重点,"doc, file, document, featured",31,08_知识库与文档,"已完成 (PowerPoint 原生 custGeom 形状, Shape Fill 直接改色)",原创设计 · 可商用 · 形状非 SVG · 单色 PowerPoint Shape
KNOW-007,,文件夹,Folder,原创设计·程序化生成,PPT图标语义库·可改色形状,08_知识库与文档,文件夹象征归档,用于目录、归档,文件夹 / 目录 / 归档,"folder, directory, archive",31,08_知识库与文档,"已完成 (PowerPoint 原生 custGeom 形状, Shape Fill 直接改色)",原创设计 · 可商用 · 形状非 SVG · 单色 PowerPoint Shape
KNOW-008,,文件夹·新增,FolderAdd,原创设计·程序化生成,PPT图标语义库·可改色形状,08_知识库与文档,文件夹象征归档（新增变体）,用于目录、归档（新增场景）,文件夹 / 目录 / 归档 / 新增,"folder, directory, archive, add",31,08_知识库与文档,"已完成 (PowerPoint 原生 custGeom 形状, Shape Fill 直接改色)",原创设计 · 可商用 · 形状非 SVG · 单色 PowerPoint Shape
KNOW-009,,文件夹·已验证,FolderVerified,原创设计·程序化生成,PPT图标语义库·可改色形状,08_知识库与文档,文件夹象征归档（已验证变体）,用于目录、归档（已验证场景）,文件夹 / 目录 / 归档 / 已验证,"folder, directory, archive, verified",31,08_知识库与文档,"已完成 (PowerPoint 原生 custGeom 形状, Shape Fill 直接改色)",原创设计 · 可商用 · 形状非 SVG · 单色 PowerPoint Shape
KNOW-010,,文件夹·加锁,FolderLocked,原创设计·程序化生成,PPT图标语义库·可改色形状,08_知识库与文档,文件夹象征归档（加锁变体）,用于目录、归档（加锁场景）,文件夹 / 目录 / 归档 / 加锁,"folder, directory, archive, locked",31,08_知识库与文档,"已完成 (PowerPoint 原生 custGeom 形状, Shape Fill 直接改色)",原创设计 · 可商用 · 形状非 SVG · 单色 PowerPoint Shape
KNOW-011,,文件夹·洞察,FolderInsight,原创设计·程序化生成,PPT图标语义库·可改色形状,08_知识库与文档,文件夹象征归档（洞察变体）,用于目录、归档（洞察场景）,文件夹 / 目录 / 归档 / 洞察,"folder, directory, archive, insight",31,08_知识库与文档,"已完成 (PowerPoint 原生 custGeom 形状, Shape Fill 直接改色)",原创设计 · 可商用 · 形状非 SVG · 单色 PowerPoint Shape
KNOW-012,,文件夹·重点,FolderFeatured,原创设计·程序化生成,PPT图标语义库·可改色形状,08_知识库与文档,文件夹象征归档（重点变体）,用于目录、归档（重点场景）,文件夹 / 目录 / 归档 / 重点,"folder, directory, archive, featured",31,08_知识库与文档,"已完成 (PowerPoint 原生 custGeom 形状, Shape Fill 直接改色)",原创设计 · 可商用 · 形状非 SVG · 单色 PowerPoint Shape
KNOW-013,,书籍,Book,原创设计·程序化生成,PPT图标语义库·可改色形状,08_知识库与文档,书本象征知识载体,用于教材、书籍,书籍 / 教材 / 知识,"book, manual",31,08_知识库与文档,"已完成 (PowerPoint 原生 custGeom 形状, Shape Fill 直接改色)",原创设计 · 可商用 · 形状非 SVG · 单色 PowerPoint Shape
KNOW-014,,书籍·新增,BookAdd,原创设计·程序化生成,PPT图标语义库·可改色形状,08_知识库与文档,书本象征知识载体（新增变体）,用于教材、书籍（新增场景）,书籍 / 教材 / 知识 / 新增,"book, manual, add",31,08_知识库与文档,"已完成 (PowerPoint 原生 custGeom 形状, Shape Fill 直接改色)",原创设计 · 可商用 · 形状非 SVG · 单色 PowerPoint Shape
KNOW-015,,书籍·已验证,BookVerified,原创设计·程序化生成,PPT图标语义库·可改色形状,08_知识库与文档,书本象征知识载体（已验证变体）,用于教材、书籍（已验证场景）,书籍 / 教材 / 知识 / 已验证,"book, manual, verified",31,08_知识库与文档,"已完成 (PowerPoint 原生 custGeom 形状, Shape Fill 直接改色)",原创设计 · 可商用 · 形状非 SVG · 单色 PowerPoint Shape
KNOW-016,,书籍·加锁,BookLocked,原创设计·程序化生成,PPT图标语义库·可改色形状,08_知识库与文档,书本象征知识载体（加锁变体）,用于教材、书籍（加锁场景）,书籍 / 教材 / 知识 / 加锁,"book, manual, locked",31,08_知识库与文档,"已完成 (PowerPoint 原生 custGeom 形状, Shape Fill 直接改色)",原创设计 · 可商用 · 形状非 SVG · 单色 PowerPoint Shape
KNOW-017,,书籍·洞察,BookInsight,原创设计·程序化生成,PPT图标语义库·可改色形状,08_知识库与文档,书本象征知识载体（洞察变体）,用于教材、书籍（洞察场景）,书籍 / 教材 / 知识 / 洞察,"book, manual, insight",31,08_知识库与文档,"已完成 (PowerPoint 原生 custGeom 形状, Shape Fill 直接改色)",原创设计 · 可商用 · 形状非 SVG · 单色 PowerPoint Shape
KNOW-018,,书籍·重点,BookFeatured,原创设计·程序化生成,PPT图标语义库·可改色形状,08_知识库与文档,书本象征知识载体（重点变体）,用于教材、书籍（重点场景）,书籍 / 教材 / 知识 / 重点,"book, manual, featured",31,08_知识库与文档,"已完成 (PowerPoint 原生 custGeom 形状, Shape Fill 直接改色)",原创设计 · 可商用 · 形状非 SVG · 单色 PowerPoint Shape
KNOW-019,,标签,Tag,原创设计·程序化生成,PPT图标语义库·可改色形状,08_知识库与文档,标签贴象征分类,用于打标、分类,标签 / 分类 / Tag,"tag, label, category",31,08_知识库与文档,"已完成 (PowerPoint 原生 custGeom 形状, Shape Fill 直接改色)",原创设计 · 可商用 · 形状非 SVG · 单色 PowerPoint Shape
KNOW-020,,标签·新增,TagAdd,原创设计·程序化生成,PPT图标语义库·可改色形状,08_知识库与文档,标签贴象征分类（新增变体）,用于打标、分类（新增场景）,标签 / 分类 / Tag / 新增,"tag, label, category, add",31,08_知识库与文档,"已完成 (PowerPoint 原生 custGeom 形状, Shape Fill 直接改色)",原创设计 · 可商用 · 形状非 SVG · 单色 PowerPoint Shape
KNOW-021,,标签·已验证,TagVerified,原创设计·程序化生成,PPT图标语义库·可改色形状,08_知识库与文档,标签贴象征分类（已验证变体）,用于打标、分类（已验证场景）,标签 / 分类 / Tag / 已验证,"tag, label, category, verified",31,08_知识库与文档,"已完成 (PowerPoint 原生 custGeom 形状, Shape Fill 直接改色)",原创设计 · 可商用 · 形状非 SVG · 单色 PowerPoint Shape
KNOW-022,,标签·加锁,TagLocked,原创设计·程序化生成,PPT图标语义库·可改色形状,08_知识库与文档,标签贴象征分类（加锁变体）,用于打标、分类（加锁场景）,标签 / 分类 / Tag / 加锁,"tag, label, category, locked",31,08_知识库与文档,"已完成 (PowerPoint 原生 custGeom 形状, Shape Fill 直接改色)",原创设计 · 可商用 · 形状非 SVG · 单色 PowerPoint Shape
KNOW-023,,标签·洞察,TagInsight,原创设计·程序化生成,PPT图标语义库·可改色形状,08_知识库与文档,标签贴象征分类（洞察变体）,用于打标、分类（洞察场景）,标签 / 分类 / Tag / 洞察,"tag, label, category, insight",31,08_知识库与文档,"已完成 (PowerPoint 原生 custGeom 形状, Shape Fill 直接改色)",原创设计 · 可商用 · 形状非 SVG · 单色 PowerPoint Shape
KNOW-024,,标签·重点,TagFeatured,原创设计·程序化生成,PPT图标语义库·可改色形状,08_知识库与文档,标签贴象征分类（重点变体）,用于打标、分类（重点场景）,标签 / 分类 / Tag / 重点,"tag, label, category, featured",31,08_知识库与文档,"已完成 (PowerPoint 原生 custGeom 形状, Shape Fill 直接改色)",原创设计 · 可商用 · 形状非 SVG · 单色 PowerPoint Shape
KNOW-025,,书签,Bookmark,原创设计·程序化生成,PPT图标语义库·可改色形状,08_知识库与文档,书签象征收藏,用于收藏、书签,书签 / 收藏 / Bookmark,"bookmark, save, favorite",31,08_知识库与文档,"已完成 (PowerPoint 原生 custGeom 形状, Shape Fill 直接改色)",原创设计 · 可商用 · 形状非 SVG · 单色 PowerPoint Shape
KNOW-026,,书签·新增,BookmarkAdd,原创设计·程序化生成,PPT图标语义库·可改色形状,08_知识库与文档,书签象征收藏（新增变体）,用于收藏、书签（新增场景）,书签 / 收藏 / Bookmark / 新增,"bookmark, save, favorite, add",31,08_知识库与文档,"已完成 (PowerPoint 原生 custGeom 形状, Shape Fill 直接改色)",原创设计 · 可商用 · 形状非 SVG · 单色 PowerPoint Shape
KNOW-027,,书签·已验证,BookmarkVerified,原创设计·程序化生成,PPT图标语义库·可改色形状,08_知识库与文档,书签象征收藏（已验证变体）,用于收藏、书签（已验证场景）,书签 / 收藏 / Bookmark / 已验证,"bookmark, save, favorite, verified",31,08_知识库与文档,"已完成 (PowerPoint 原生 custGeom 形状, Shape Fill 直接改色)",原创设计 · 可商用 · 形状非 SVG · 单色 PowerPoint Shape
KNOW-028,,书签·加锁,BookmarkLocked,原创设计·程序化生成,PPT图标语义库·可改色形状,08_知识库与文档,书签象征收藏（加锁变体）,用于收藏、书签（加锁场景）,书签 / 收藏 / Bookmark / 加锁,"bookmark, save, favorite, locked",31,08_知识库与文档,"已完成 (PowerPoint 原生 custGeom 形状, Shape Fill 直接改色)",原创设计 · 可商用 · 形状非 SVG · 单色 PowerPoint Shape
KNOW-029,,书签·洞察,BookmarkInsight,原创设计·程序化生成,PPT图标语义库·可改色形状,08_知识库与文档,书签象征收藏（洞察变体）,用于收藏、书签（洞察场景）,书签 / 收藏 / Bookmark / 洞察,"bookmark, save, favorite, insight",31,08_知识库与文档,"已完成 (PowerPoint 原生 custGeom 形状, Shape Fill 直接改色)",原创设计 · 可商用 · 形状非 SVG · 单色 PowerPoint Shape
KNOW-030,,书签·重点,BookmarkFeatured,原创设计·程序化生成,PPT图标语义库·可改色形状,08_知识库与文档,书签象征收藏（重点变体）,用于收藏、书签（重点场景）,书签 / 收藏 / Bookmark / 重点,"bookmark, save, favorite, featured",31,08_知识库与文档,"已完成 (PowerPoint 原生 custGeom 形状, Shape Fill 直接改色)",原创设计 · 可商用 · 形状非 SVG · 单色 PowerPoint Shape
KNOW-031,,便签,Note,原创设计·程序化生成,PPT图标语义库·可改色形状,08_知识库与文档,便签+图钉象征贴附,用于备忘、便签,便签 / Note / 备忘,"note, memo, pin",31,08_知识库与文档,"已完成 (PowerPoint 原生 custGeom 形状, Shape Fill 直接改色)",原创设计 · 可商用 · 形状非 SVG · 单色 PowerPoint Shape
KNOW-032,,便签·新增,NoteAdd,原创设计·程序化生成,PPT图标语义库·可改色形状,08_知识库与文档,便签+图钉象征贴附（新增变体）,用于备忘、便签（新增场景）,便签 / Note / 备忘 / 新增,"note, memo, pin, add",31,08_知识库与文档,"已完成 (PowerPoint 原生 custGeom 形状, Shape Fill 直接改色)",原创设计 · 可商用 · 形状非 SVG · 单色 PowerPoint Shape
KNOW-033,,便签·已验证,NoteVerified,原创设计·程序化生成,PPT图标语义库·可改色形状,08_知识库与文档,便签+图钉象征贴附（已验证变体）,用于备忘、便签（已验证场景）,便签 / Note / 备忘 / 已验证,"note, memo, pin, verified",31,08_知识库与文档,"已完成 (PowerPoint 原生 custGeom 形状, Shape Fill 直接改色)",原创设计 · 可商用 · 形状非 SVG · 单色 PowerPoint Shape
KNOW-034,,便签·加锁,NoteLocked,原创设计·程序化生成,PPT图标语义库·可改色形状,08_知识库与文档,便签+图钉象征贴附（加锁变体）,用于备忘、便签（加锁场景）,便签 / Note / 备忘 / 加锁,"note, memo, pin, locked",31,08_知识库与文档,"已完成 (PowerPoint 原生 custGeom 形状, Shape Fill 直接改色)",原创设计 · 可商用 · 形状非 SVG · 单色 PowerPoint Shape
KNOW-035,,便签·洞察,NoteInsight,原创设计·程序化生成,PPT图标语义库·可改色形状,08_知识库与文档,便签+图钉象征贴附（洞察变体）,用于备忘、便签（洞察场景）,便签 / Note / 备忘 / 洞察,"note, memo, pin, insight",31,08_知识库与文档,"已完成 (PowerPoint 原生 custGeom 形状, Shape Fill 直接改色)",原创设计 · 可商用 · 形状非 SVG · 单色 PowerPoint Shape
KNOW-036,,便签·重点,NoteFeatured,原创设计·程序化生成,PPT图标语义库·可改色形状,08_知识库与文档,便签+图钉象征贴附（重点变体）,用于备忘、便签（重点场景）,便签 / Note / 备忘 / 重点,"note, memo, pin, featured",31,08_知识库与文档,"已完成 (PowerPoint 原生 custGeom 形状, Shape Fill 直接改色)",原创设计 · 可商用 · 形状非 SVG · 单色 PowerPoint Shape
KNOW-037,,文档搜索,DocSearch,原创设计·程序化生成,PPT图标语义库·可改色形状,08_知识库与文档,文档+放大镜象征检索,用于知识检索、查文档,搜索 / 检索 / 查文档,"search, find, lookup",31,08_知识库与文档,"已完成 (PowerPoint 原生 custGeom 形状, Shape Fill 直接改色)",原创设计 · 可商用 · 形状非 SVG · 单色 PowerPoint Shape
KNOW-038,,文档搜索·新增,DocSearchAdd,原创设计·程序化生成,PPT图标语义库·可改色形状,08_知识库与文档,文档+放大镜象征检索（新增变体）,用于知识检索、查文档（新增场景）,搜索 / 检索 / 查文档 / 新增,"search, find, lookup, add",31,08_知识库与文档,"已完成 (PowerPoint 原生 custGeom 形状, Shape Fill 直接改色)",原创设计 · 可商用 · 形状非 SVG · 单色 PowerPoint Shape
KNOW-039,,文档搜索·已验证,DocSearchVerified,原创设计·程序化生成,PPT图标语义库·可改色形状,08_知识库与文档,文档+放大镜象征检索（已验证变体）,用于知识检索、查文档（已验证场景）,搜索 / 检索 / 查文档 / 已验证,"search, find, lookup, verified",31,08_知识库与文档,"已完成 (PowerPoint 原生 custGeom 形状, Shape Fill 直接改色)",原创设计 · 可商用 · 形状非 SVG · 单色 PowerPoint Shape
KNOW-040,,文档搜索·加锁,DocSearchLocked,原创设计·程序化生成,PPT图标语义库·可改色形状,08_知识库与文档,文档+放大镜象征检索（加锁变体）,用于知识检索、查文档（加锁场景）,搜索 / 检索 / 查文档 / 加锁,"search, find, lookup, locked",31,08_知识库与文档,"已完成 (PowerPoint 原生 custGeom 形状, Shape Fill 直接改色)",原创设计 · 可商用 · 形状非 SVG · 单色 PowerPoint Shape
KNOW-041,,文档搜索·洞察,DocSearchInsight,原创设计·程序化生成,PPT图标语义库·可改色形状,08_知识库与文档,文档+放大镜象征检索（洞察变体）,用于知识检索、查文档（洞察场景）,搜索 / 检索 / 查文档 / 洞察,"search, find, lookup, insight",32,08_知识库与文档,"已完成 (PowerPoint 原生 custGeom 形状, Shape Fill 直接改色)",原创设计 · 可商用 · 形状非 SVG · 单色 PowerPoint Shape
KNOW-042,,文档搜索·重点,DocSearchFeatured,原创设计·程序化生成,PPT图标语义库·可改色形状,08_知识库与文档,文档+放大镜象征检索（重点变体）,用于知识检索、查文档（重点场景）,搜索 / 检索 / 查文档 / 重点,"search, find, lookup, featured",32,08_知识库与文档,"已完成 (PowerPoint 原生 custGeom 形状, Shape Fill 直接改色)",原创设计 · 可商用 · 形状非 SVG · 单色 PowerPoint Shape
KNOW-043,,图书馆,Library,原创设计·程序化生成,PPT图标语义库·可改色形状,08_知识库与文档,书架象征知识库,用于知识库、文库,知识库 / 文库 / 书架,"library, kb, books",32,08_知识库与文档,"已完成 (PowerPoint 原生 custGeom 形状, Shape Fill 直接改色)",原创设计 · 可商用 · 形状非 SVG · 单色 PowerPoint Shape
KNOW-044,,图书馆·新增,LibraryAdd,原创设计·程序化生成,PPT图标语义库·可改色形状,08_知识库与文档,书架象征知识库（新增变体）,用于知识库、文库（新增场景）,知识库 / 文库 / 书架 / 新增,"library, kb, books, add",32,08_知识库与文档,"已完成 (PowerPoint 原生 custGeom 形状, Shape Fill 直接改色)",原创设计 · 可商用 · 形状非 SVG · 单色 PowerPoint Shape
KNOW-045,,图书馆·已验证,LibraryVerified,原创设计·程序化生成,PPT图标语义库·可改色形状,08_知识库与文档,书架象征知识库（已验证变体）,用于知识库、文库（已验证场景）,知识库 / 文库 / 书架 / 已验证,"library, kb, books, verified",32,08_知识库与文档,"已完成 (PowerPoint 原生 custGeom 形状, Shape Fill 直接改色)",原创设计 · 可商用 · 形状非 SVG · 单色 PowerPoint Shape
KNOW-046,,图书馆·加锁,LibraryLocked,原创设计·程序化生成,PPT图标语义库·可改色形状,08_知识库与文档,书架象征知识库（加锁变体）,用于知识库、文库（加锁场景）,知识库 / 文库 / 书架 / 加锁,"library, kb, books, locked",32,08_知识库与文档,"已完成 (PowerPoint 原生 custGeom 形状, Shape Fill 直接改色)",原创设计 · 可商用 · 形状非 SVG · 单色 PowerPoint Shape
KNOW-047,,图书馆·洞察,LibraryInsight,原创设计·程序化生成,PPT图标语义库·可改色形状,08_知识库与文档,书架象征知识库（洞察变体）,用于知识库、文库（洞察场景）,知识库 / 文库 / 书架 / 洞察,"library, kb, books, insight",32,08_知识库与文档,"已完成 (PowerPoint 原生 custGeom 形状, Shape Fill 直接改色)",原创设计 · 可商用 · 形状非 SVG · 单色 PowerPoint Shape
KNOW-048,,图书馆·重点,LibraryFeatured,原创设计·程序化生成,PPT图标语义库·可改色形状,08_知识库与文档,书架象征知识库（重点变体）,用于知识库、文库（重点场景）,知识库 / 文库 / 书架 / 重点,"library, kb, books, featured",32,08_知识库与文档,"已完成 (PowerPoint 原生 custGeom 形状, Shape Fill 直接改色)",原创设计 · 可商用 · 形状非 SVG · 单色 PowerPoint Shape
KNOW-049,,百科,Encyclopedia,原创设计·程序化生成,PPT图标语义库·可改色形状,08_知识库与文档,厚书象征百科全书,用于百科、规章手册,百科 / 手册 / 全书,"encyclopedia, manual, wiki",32,08_知识库与文档,"已完成 (PowerPoint 原生 custGeom 形状, Shape Fill 直接改色)",原创设计 · 可商用 · 形状非 SVG · 单色 PowerPoint Shape
KNOW-050,,百科·新增,EncyclopediaAdd,原创设计·程序化生成,PPT图标语义库·可改色形状,08_知识库与文档,厚书象征百科全书（新增变体）,用于百科、规章手册（新增场景）,百科 / 手册 / 全书 / 新增,"encyclopedia, manual, wiki, add",32,08_知识库与文档,"已完成 (PowerPoint 原生 custGeom 形状, Shape Fill 直接改色)",原创设计 · 可商用 · 形状非 SVG · 单色 PowerPoint Shape
KNOW-051,,百科·已验证,EncyclopediaVerified,原创设计·程序化生成,PPT图标语义库·可改色形状,08_知识库与文档,厚书象征百科全书（已验证变体）,用于百科、规章手册（已验证场景）,百科 / 手册 / 全书 / 已验证,"encyclopedia, manual, wiki, verified",32,08_知识库与文档,"已完成 (PowerPoint 原生 custGeom 形状, Shape Fill 直接改色)",原创设计 · 可商用 · 形状非 SVG · 单色 PowerPoint Shape
KNOW-052,,百科·加锁,EncyclopediaLocked,原创设计·程序化生成,PPT图标语义库·可改色形状,08_知识库与文档,厚书象征百科全书（加锁变体）,用于百科、规章手册（加锁场景）,百科 / 手册 / 全书 / 加锁,"encyclopedia, manual, wiki, locked",32,08_知识库与文档,"已完成 (PowerPoint 原生 custGeom 形状, Shape Fill 直接改色)",原创设计 · 可商用 · 形状非 SVG · 单色 PowerPoint Shape
KNOW-053,,百科·洞察,EncyclopediaInsight,原创设计·程序化生成,PPT图标语义库·可改色形状,08_知识库与文档,厚书象征百科全书（洞察变体）,用于百科、规章手册（洞察场景）,百科 / 手册 / 全书 / 洞察,"encyclopedia, manual, wiki, insight",32,08_知识库与文档,"已完成 (PowerPoint 原生 custGeom 形状, Shape Fill 直接改色)",原创设计 · 可商用 · 形状非 SVG · 单色 PowerPoint Shape
KNOW-054,,百科·重点,EncyclopediaFeatured,原创设计·程序化生成,PPT图标语义库·可改色形状,08_知识库与文档,厚书象征百科全书（重点变体）,用于百科、规章手册（重点场景）,百科 / 手册 / 全书 / 重点,"encyclopedia, manual, wiki, featured",32,08_知识库与文档,"已完成 (PowerPoint 原生 custGeom 形状, Shape Fill 直接改色)",原创设计 · 可商用 · 形状非 SVG · 单色 PowerPoint Shape
KNOW-055,,常见问答,FAQ,原创设计·程序化生成,PPT图标语义库·可改色形状,08_知识库与文档,Q+A 列表象征常见问题,用于FAQ、知识问答,FAQ / 问答 / 常见问题,"faq, qna, questions",32,08_知识库与文档,"已完成 (PowerPoint 原生 custGeom 形状, Shape Fill 直接改色)",原创设计 · 可商用 · 形状非 SVG · 单色 PowerPoint Shape
KNOW-056,,常见问答·新增,FAQAdd,原创设计·程序化生成,PPT图标语义库·可改色形状,08_知识库与文档,Q+A 列表象征常见问题（新增变体）,用于FAQ、知识问答（新增场景）,FAQ / 问答 / 常见问题 / 新增,"faq, qna, questions, add",32,08_知识库与文档,"已完成 (PowerPoint 原生 custGeom 形状, Shape Fill 直接改色)",原创设计 · 可商用 · 形状非 SVG · 单色 PowerPoint Shape
KNOW-057,,常见问答·已验证,FAQVerified,原创设计·程序化生成,PPT图标语义库·可改色形状,08_知识库与文档,Q+A 列表象征常见问题（已验证变体）,用于FAQ、知识问答（已验证场景）,FAQ / 问答 / 常见问题 / 已验证,"faq, qna, questions, verified",32,08_知识库与文档,"已完成 (PowerPoint 原生 custGeom 形状, Shape Fill 直接改色)",原创设计 · 可商用 · 形状非 SVG · 单色 PowerPoint Shape
KNOW-058,,常见问答·加锁,FAQLocked,原创设计·程序化生成,PPT图标语义库·可改色形状,08_知识库与文档,Q+A 列表象征常见问题（加锁变体）,用于FAQ、知识问答（加锁场景）,FAQ / 问答 / 常见问题 / 加锁,"faq, qna, questions, locked",32,08_知识库与文档,"已完成 (PowerPoint 原生 custGeom 形状, Shape Fill 直接改色)",原创设计 · 可商用 · 形状非 SVG · 单色 PowerPoint Shape
KNOW-059,,常见问答·洞察,FAQInsight,原创设计·程序化生成,PPT图标语义库·可改色形状,08_知识库与文档,Q+A 列表象征常见问题（洞察变体）,用于FAQ、知识问答（洞察场景）,FAQ / 问答 / 常见问题 / 洞察,"faq, qna, questions, insight",32,08_知识库与文档,"已完成 (PowerPoint 原生 custGeom 形状, Shape Fill 直接改色)",原创设计 · 可商用 · 形状非 SVG · 单色 PowerPoint Shape
KNOW-060,,常见问答·重点,FAQFeatured,原创设计·程序化生成,PPT图标语义库·可改色形状,08_知识库与文档,Q+A 列表象征常见问题（重点变体）,用于FAQ、知识问答（重点场景）,FAQ / 问答 / 常见问题 / 重点,"faq, qna, questions, featured",32,08_知识库与文档,"已完成 (PowerPoint 原生 custGeom 形状, Shape Fill 直接改色)",原创设计 · 可商用 · 形状非 SVG · 单色 PowerPoint Shape
KNOW-061,,术语表,Glossary,原创设计·程序化生成,PPT图标语义库·可改色形状,08_知识库与文档,对照列表象征术语表,用于术语表、对照,术语 / 对照 / Glossary,"glossary, terms",32,08_知识库与文档,"已完成 (PowerPoint 原生 custGeom 形状, Shape Fill 直接改色)",原创设计 · 可商用 · 形状非 SVG · 单色 PowerPoint Shape
KNOW-062,,术语表·新增,GlossaryAdd,原创设计·程序化生成,PPT图标语义库·可改色形状,08_知识库与文档,对照列表象征术语表（新增变体）,用于术语表、对照（新增场景）,术语 / 对照 / Glossary / 新增,"glossary, terms, add",32,08_知识库与文档,"已完成 (PowerPoint 原生 custGeom 形状, Shape Fill 直接改色)",原创设计 · 可商用 · 形状非 SVG · 单色 PowerPoint Shape
KNOW-063,,术语表·已验证,GlossaryVerified,原创设计·程序化生成,PPT图标语义库·可改色形状,08_知识库与文档,对照列表象征术语表（已验证变体）,用于术语表、对照（已验证场景）,术语 / 对照 / Glossary / 已验证,"glossary, terms, verified",32,08_知识库与文档,"已完成 (PowerPoint 原生 custGeom 形状, Shape Fill 直接改色)",原创设计 · 可商用 · 形状非 SVG · 单色 PowerPoint Shape
KNOW-064,,术语表·加锁,GlossaryLocked,原创设计·程序化生成,PPT图标语义库·可改色形状,08_知识库与文档,对照列表象征术语表（加锁变体）,用于术语表、对照（加锁场景）,术语 / 对照 / Glossary / 加锁,"glossary, terms, locked",32,08_知识库与文档,"已完成 (PowerPoint 原生 custGeom 形状, Shape Fill 直接改色)",原创设计 · 可商用 · 形状非 SVG · 单色 PowerPoint Shape
KNOW-065,,术语表·洞察,GlossaryInsight,原创设计·程序化生成,PPT图标语义库·可改色形状,08_知识库与文档,对照列表象征术语表（洞察变体）,用于术语表、对照（洞察场景）,术语 / 对照 / Glossary / 洞察,"glossary, terms, insight",32,08_知识库与文档,"已完成 (PowerPoint 原生 custGeom 形状, Shape Fill 直接改色)",原创设计 · 可商用 · 形状非 SVG · 单色 PowerPoint Shape
KNOW-066,,术语表·重点,GlossaryFeatured,原创设计·程序化生成,PPT图标语义库·可改色形状,08_知识库与文档,对照列表象征术语表（重点变体）,用于术语表、对照（重点场景）,术语 / 对照 / Glossary / 重点,"glossary, terms, featured",32,08_知识库与文档,"已完成 (PowerPoint 原生 custGeom 形状, Shape Fill 直接改色)",原创设计 · 可商用 · 形状非 SVG · 单色 PowerPoint Shape
KNOW-067,,章节,Chapter,原创设计·程序化生成,PPT图标语义库·可改色形状,08_知识库与文档,标题+段落象征章节,用于章节、段落结构,章节 / 标题 / 段落,"chapter, section, paragraph",32,08_知识库与文档,"已完成 (PowerPoint 原生 custGeom 形状, Shape Fill 直接改色)",原创设计 · 可商用 · 形状非 SVG · 单色 PowerPoint Shape
KNOW-068,,章节·新增,ChapterAdd,原创设计·程序化生成,PPT图标语义库·可改色形状,08_知识库与文档,标题+段落象征章节（新增变体）,用于章节、段落结构（新增场景）,章节 / 标题 / 段落 / 新增,"chapter, section, paragraph, add",32,08_知识库与文档,"已完成 (PowerPoint 原生 custGeom 形状, Shape Fill 直接改色)",原创设计 · 可商用 · 形状非 SVG · 单色 PowerPoint Shape
KNOW-069,,章节·已验证,ChapterVerified,原创设计·程序化生成,PPT图标语义库·可改色形状,08_知识库与文档,标题+段落象征章节（已验证变体）,用于章节、段落结构（已验证场景）,章节 / 标题 / 段落 / 已验证,"chapter, section, paragraph, verified",32,08_知识库与文档,"已完成 (PowerPoint 原生 custGeom 形状, Shape Fill 直接改色)",原创设计 · 可商用 · 形状非 SVG · 单色 PowerPoint Shape
KNOW-070,,章节·加锁,ChapterLocked,原创设计·程序化生成,PPT图标语义库·可改色形状,08_知识库与文档,标题+段落象征章节（加锁变体）,用于章节、段落结构（加锁场景）,章节 / 标题 / 段落 / 加锁,"chapter, section, paragraph, locked",32,08_知识库与文档,"已完成 (PowerPoint 原生 custGeom 形状, Shape Fill 直接改色)",原创设计 · 可商用 · 形状非 SVG · 单色 PowerPoint Shape
KNOW-071,,章节·洞察,ChapterInsight,原创设计·程序化生成,PPT图标语义库·可改色形状,08_知识库与文档,标题+段落象征章节（洞察变体）,用于章节、段落结构（洞察场景）,章节 / 标题 / 段落 / 洞察,"chapter, section, paragraph, insight",32,08_知识库与文档,"已完成 (PowerPoint 原生 custGeom 形状, Shape Fill 直接改色)",原创设计 · 可商用 · 形状非 SVG · 单色 PowerPoint Shape
KNOW-072,,章节·重点,ChapterFeatured,原创设计·程序化生成,PPT图标语义库·可改色形状,08_知识库与文档,标题+段落象征章节（重点变体）,用于章节、段落结构（重点场景）,章节 / 标题 / 段落 / 重点,"chapter, section, paragraph, featured",32,08_知识库与文档,"已完成 (PowerPoint 原生 custGeom 形状, Shape Fill 直接改色)",原创设计 · 可商用 · 形状非 SVG · 单色 PowerPoint Shape
KNOW-073,,索引页,IndexPage,原创设计·程序化生成,PPT图标语义库·可改色形状,08_知识库与文档,目录页象征索引,用于目录、索引,索引 / 目录 / Index,"index, toc, directory",32,08_知识库与文档,"已完成 (PowerPoint 原生 custGeom 形状, Shape Fill 直接改色)",原创设计 · 可商用 · 形状非 SVG · 单色 PowerPoint Shape
KNOW-074,,索引页·新增,IndexPageAdd,原创设计·程序化生成,PPT图标语义库·可改色形状,08_知识库与文档,目录页象征索引（新增变体）,用于目录、索引（新增场景）,索引 / 目录 / Index / 新增,"index, toc, directory, add",32,08_知识库与文档,"已完成 (PowerPoint 原生 custGeom 形状, Shape Fill 直接改色)",原创设计 · 可商用 · 形状非 SVG · 单色 PowerPoint Shape
KNOW-075,,索引页·已验证,IndexPageVerified,原创设计·程序化生成,PPT图标语义库·可改色形状,08_知识库与文档,目录页象征索引（已验证变体）,用于目录、索引（已验证场景）,索引 / 目录 / Index / 已验证,"index, toc, directory, verified",32,08_知识库与文档,"已完成 (PowerPoint 原生 custGeom 形状, Shape Fill 直接改色)",原创设计 · 可商用 · 形状非 SVG · 单色 PowerPoint Shape
KNOW-076,,索引页·加锁,IndexPageLocked,原创设计·程序化生成,PPT图标语义库·可改色形状,08_知识库与文档,目录页象征索引（加锁变体）,用于目录、索引（加锁场景）,索引 / 目录 / Index / 加锁,"index, toc, directory, locked",32,08_知识库与文档,"已完成 (PowerPoint 原生 custGeom 形状, Shape Fill 直接改色)",原创设计 · 可商用 · 形状非 SVG · 单色 PowerPoint Shape
KNOW-077,,索引页·洞察,IndexPageInsight,原创设计·程序化生成,PPT图标语义库·可改色形状,08_知识库与文档,目录页象征索引（洞察变体）,用于目录、索引（洞察场景）,索引 / 目录 / Index / 洞察,"index, toc, directory, insight",32,08_知识库与文档,"已完成 (PowerPoint 原生 custGeom 形状, Shape Fill 直接改色)",原创设计 · 可商用 · 形状非 SVG · 单色 PowerPoint Shape
KNOW-078,,索引页·重点,IndexPageFeatured,原创设计·程序化生成,PPT图标语义库·可改色形状,08_知识库与文档,目录页象征索引（重点变体）,用于目录、索引（重点场景）,索引 / 目录 / Index / 重点,"index, toc, directory, featured",32,08_知识库与文档,"已完成 (PowerPoint 原生 custGeom 形状, Shape Fill 直接改色)",原创设计 · 可商用 · 形状非 SVG · 单色 PowerPoint Shape
KNOW-079,,引用,Citation,原创设计·程序化生成,PPT图标语义库·可改色形状,08_知识库与文档,双引号象征引用,用于引证、来源,引用 / 引证 / Quote,"quote, citation, cite",32,08_知识库与文档,"已完成 (PowerPoint 原生 custGeom 形状, Shape Fill 直接改色)",原创设计 · 可商用 · 形状非 SVG · 单色 PowerPoint Shape
KNOW-080,,引用·新增,CitationAdd,原创设计·程序化生成,PPT图标语义库·可改色形状,08_知识库与文档,双引号象征引用（新增变体）,用于引证、来源（新增场景）,引用 / 引证 / Quote / 新增,"quote, citation, cite, add",32,08_知识库与文档,"已完成 (PowerPoint 原生 custGeom 形状, Shape Fill 直接改色)",原创设计 · 可商用 · 形状非 SVG · 单色 PowerPoint Shape
KNOW-081,,引用·已验证,CitationVerified,原创设计·程序化生成,PPT图标语义库·可改色形状,08_知识库与文档,双引号象征引用（已验证变体）,用于引证、来源（已验证场景）,引用 / 引证 / Quote / 已验证,"quote, citation, cite, verified",33,08_知识库与文档,"已完成 (PowerPoint 原生 custGeom 形状, Shape Fill 直接改色)",原创设计 · 可商用 · 形状非 SVG · 单色 PowerPoint Shape
KNOW-082,,引用·加锁,CitationLocked,原创设计·程序化生成,PPT图标语义库·可改色形状,08_知识库与文档,双引号象征引用（加锁变体）,用于引证、来源（加锁场景）,引用 / 引证 / Quote / 加锁,"quote, citation, cite, locked",33,08_知识库与文档,"已完成 (PowerPoint 原生 custGeom 形状, Shape Fill 直接改色)",原创设计 · 可商用 · 形状非 SVG · 单色 PowerPoint Shape
KNOW-083,,引用·洞察,CitationInsight,原创设计·程序化生成,PPT图标语义库·可改色形状,08_知识库与文档,双引号象征引用（洞察变体）,用于引证、来源（洞察场景）,引用 / 引证 / Quote / 洞察,"quote, citation, cite, insight",33,08_知识库与文档,"已完成 (PowerPoint 原生 custGeom 形状, Shape Fill 直接改色)",原创设计 · 可商用 · 形状非 SVG · 单色 PowerPoint Shape
FIELD-001,,巡检清单,ClipboardCheck,原创设计·程序化生成,PPT图标语义库·可改色形状,09_现场管理巡检,清单+对勾象征巡检完成,用于巡检表、点检,巡检 / 点检 / 清单,"check, inspection, checklist",35,09_现场管理巡检,"已完成 (PowerPoint 原生 custGeom 形状, Shape Fill 直接改色)",原创设计 · 可商用 · 形状非 SVG · 单色 PowerPoint Shape
FIELD-002,,巡检清单·已验证,ClipboardCheckVerified,原创设计·程序化生成,PPT图标语义库·可改色形状,09_现场管理巡检,清单+对勾象征巡检完成（已验证变体）,用于巡检表、点检（已验证场景）,巡检 / 点检 / 清单 / 已验证,"check, inspection, checklist, verified",35,09_现场管理巡检,"已完成 (PowerPoint 原生 custGeom 形状, Shape Fill 直接改色)",原创设计 · 可商用 · 形状非 SVG · 单色 PowerPoint Shape
FIELD-003,,巡检清单·预警,ClipboardCheckAlert,原创设计·程序化生成,PPT图标语义库·可改色形状,09_现场管理巡检,清单+对勾象征巡检完成（预警变体）,用于巡检表、点检（预警场景）,巡检 / 点检 / 清单 / 预警,"check, inspection, checklist, alert",35,09_现场管理巡检,"已完成 (PowerPoint 原生 custGeom 形状, Shape Fill 直接改色)",原创设计 · 可商用 · 形状非 SVG · 单色 PowerPoint Shape
FIELD-004,,巡检清单·洞察,ClipboardCheckInsight,原创设计·程序化生成,PPT图标语义库·可改色形状,09_现场管理巡检,清单+对勾象征巡检完成（洞察变体）,用于巡检表、点检（洞察场景）,巡检 / 点检 / 清单 / 洞察,"check, inspection, checklist, insight",35,09_现场管理巡检,"已完成 (PowerPoint 原生 custGeom 形状, Shape Fill 直接改色)",原创设计 · 可商用 · 形状非 SVG · 单色 PowerPoint Shape
FIELD-005,,巡检清单·定时,ClipboardCheckScheduled,原创设计·程序化生成,PPT图标语义库·可改色形状,09_现场管理巡检,清单+对勾象征巡检完成（定时变体）,用于巡检表、点检（定时场景）,巡检 / 点检 / 清单 / 定时,"check, inspection, checklist, scheduled",35,09_现场管理巡检,"已完成 (PowerPoint 原生 custGeom 形状, Shape Fill 直接改色)",原创设计 · 可商用 · 形状非 SVG · 单色 PowerPoint Shape
FIELD-006,,巡检清单·加锁,ClipboardCheckLocked,原创设计·程序化生成,PPT图标语义库·可改色形状,09_现场管理巡检,清单+对勾象征巡检完成（加锁变体）,用于巡检表、点检（加锁场景）,巡检 / 点检 / 清单 / 加锁,"check, inspection, checklist, locked",35,09_现场管理巡检,"已完成 (PowerPoint 原生 custGeom 形状, Shape Fill 直接改色)",原创设计 · 可商用 · 形状非 SVG · 单色 PowerPoint Shape
FIELD-007,,安全帽,SafetyHelmet,原创设计·程序化生成,PPT图标语义库·可改色形状,09_现场管理巡检,工程帽象征现场安全,用于EHS、安全,安全帽 / 现场 / EHS,"helmet, safety, site",35,09_现场管理巡检,"已完成 (PowerPoint 原生 custGeom 形状, Shape Fill 直接改色)",原创设计 · 可商用 · 形状非 SVG · 单色 PowerPoint Shape
FIELD-008,,安全帽·已验证,SafetyHelmetVerified,原创设计·程序化生成,PPT图标语义库·可改色形状,09_现场管理巡检,工程帽象征现场安全（已验证变体）,用于EHS、安全（已验证场景）,安全帽 / 现场 / EHS / 已验证,"helmet, safety, site, verified",35,09_现场管理巡检,"已完成 (PowerPoint 原生 custGeom 形状, Shape Fill 直接改色)",原创设计 · 可商用 · 形状非 SVG · 单色 PowerPoint Shape
FIELD-009,,安全帽·预警,SafetyHelmetAlert,原创设计·程序化生成,PPT图标语义库·可改色形状,09_现场管理巡检,工程帽象征现场安全（预警变体）,用于EHS、安全（预警场景）,安全帽 / 现场 / EHS / 预警,"helmet, safety, site, alert",35,09_现场管理巡检,"已完成 (PowerPoint 原生 custGeom 形状, Shape Fill 直接改色)",原创设计 · 可商用 · 形状非 SVG · 单色 PowerPoint Shape
FIELD-010,,安全帽·洞察,SafetyHelmetInsight,原创设计·程序化生成,PPT图标语义库·可改色形状,09_现场管理巡检,工程帽象征现场安全（洞察变体）,用于EHS、安全（洞察场景）,安全帽 / 现场 / EHS / 洞察,"helmet, safety, site, insight",35,09_现场管理巡检,"已完成 (PowerPoint 原生 custGeom 形状, Shape Fill 直接改色)",原创设计 · 可商用 · 形状非 SVG · 单色 PowerPoint Shape
FIELD-011,,安全帽·定时,SafetyHelmetScheduled,原创设计·程序化生成,PPT图标语义库·可改色形状,09_现场管理巡检,工程帽象征现场安全（定时变体）,用于EHS、安全（定时场景）,安全帽 / 现场 / EHS / 定时,"helmet, safety, site, scheduled",35,09_现场管理巡检,"已完成 (PowerPoint 原生 custGeom 形状, Shape Fill 直接改色)",原创设计 · 可商用 · 形状非 SVG · 单色 PowerPoint Shape
FIELD-012,,安全帽·加锁,SafetyHelmetLocked,原创设计·程序化生成,PPT图标语义库·可改色形状,09_现场管理巡检,工程帽象征现场安全（加锁变体）,用于EHS、安全（加锁场景）,安全帽 / 现场 / EHS / 加锁,"helmet, safety, site, locked",35,09_现场管理巡检,"已完成 (PowerPoint 原生 custGeom 形状, Shape Fill 直接改色)",原创设计 · 可商用 · 形状非 SVG · 单色 PowerPoint Shape
FIELD-013,,位置点,LocationPin,原创设计·程序化生成,PPT图标语义库·可改色形状,09_现场管理巡检,地图针象征位置,用于地图标点,位置 / 定位 / 标点,"pin, location, marker",35,09_现场管理巡检,"已完成 (PowerPoint 原生 custGeom 形状, Shape Fill 直接改色)",原创设计 · 可商用 · 形状非 SVG · 单色 PowerPoint Shape
FIELD-014,,位置点·已验证,LocationPinVerified,原创设计·程序化生成,PPT图标语义库·可改色形状,09_现场管理巡检,地图针象征位置（已验证变体）,用于地图标点（已验证场景）,位置 / 定位 / 标点 / 已验证,"pin, location, marker, verified",35,09_现场管理巡检,"已完成 (PowerPoint 原生 custGeom 形状, Shape Fill 直接改色)",原创设计 · 可商用 · 形状非 SVG · 单色 PowerPoint Shape
FIELD-015,,位置点·预警,LocationPinAlert,原创设计·程序化生成,PPT图标语义库·可改色形状,09_现场管理巡检,地图针象征位置（预警变体）,用于地图标点（预警场景）,位置 / 定位 / 标点 / 预警,"pin, location, marker, alert",35,09_现场管理巡检,"已完成 (PowerPoint 原生 custGeom 形状, Shape Fill 直接改色)",原创设计 · 可商用 · 形状非 SVG · 单色 PowerPoint Shape
FIELD-016,,位置点·洞察,LocationPinInsight,原创设计·程序化生成,PPT图标语义库·可改色形状,09_现场管理巡检,地图针象征位置（洞察变体）,用于地图标点（洞察场景）,位置 / 定位 / 标点 / 洞察,"pin, location, marker, insight",35,09_现场管理巡检,"已完成 (PowerPoint 原生 custGeom 形状, Shape Fill 直接改色)",原创设计 · 可商用 · 形状非 SVG · 单色 PowerPoint Shape
FIELD-017,,位置点·定时,LocationPinScheduled,原创设计·程序化生成,PPT图标语义库·可改色形状,09_现场管理巡检,地图针象征位置（定时变体）,用于地图标点（定时场景）,位置 / 定位 / 标点 / 定时,"pin, location, marker, scheduled",35,09_现场管理巡检,"已完成 (PowerPoint 原生 custGeom 形状, Shape Fill 直接改色)",原创设计 · 可商用 · 形状非 SVG · 单色 PowerPoint Shape
FIELD-018,,位置点·加锁,LocationPinLocked,原创设计·程序化生成,PPT图标语义库·可改色形状,09_现场管理巡检,地图针象征位置（加锁变体）,用于地图标点（加锁场景）,位置 / 定位 / 标点 / 加锁,"pin, location, marker, locked",35,09_现场管理巡检,"已完成 (PowerPoint 原生 custGeom 形状, Shape Fill 直接改色)",原创设计 · 可商用 · 形状非 SVG · 单色 PowerPoint Shape
FIELD-019,,地图,Map,原创设计·程序化生成,PPT图标语义库·可改色形状,09_现场管理巡检,折叠地图象征区域分布,用于区域、地图,地图 / 区域 / 分布,"map, region",35,09_现场管理巡检,"已完成 (PowerPoint 原生 custGeom 形状, Shape Fill 直接改色)",原创设计 · 可商用 · 形状非 SVG · 单色 PowerPoint Shape
FIELD-020,,地图·已验证,MapVerified,原创设计·程序化生成,PPT图标语义库·可改色形状,09_现场管理巡检,折叠地图象征区域分布（已验证变体）,用于区域、地图（已验证场景）,地图 / 区域 / 分布 / 已验证,"map, region, verified",35,09_现场管理巡检,"已完成 (PowerPoint 原生 custGeom 形状, Shape Fill 直接改色)",原创设计 · 可商用 · 形状非 SVG · 单色 PowerPoint Shape
FIELD-021,,地图·预警,MapAlert,原创设计·程序化生成,PPT图标语义库·可改色形状,09_现场管理巡检,折叠地图象征区域分布（预警变体）,用于区域、地图（预警场景）,地图 / 区域 / 分布 / 预警,"map, region, alert",35,09_现场管理巡检,"已完成 (PowerPoint 原生 custGeom 形状, Shape Fill 直接改色)",原创设计 · 可商用 · 形状非 SVG · 单色 PowerPoint Shape
FIELD-022,,地图·洞察,MapInsight,原创设计·程序化生成,PPT图标语义库·可改色形状,09_现场管理巡检,折叠地图象征区域分布（洞察变体）,用于区域、地图（洞察场景）,地图 / 区域 / 分布 / 洞察,"map, region, insight",35,09_现场管理巡检,"已完成 (PowerPoint 原生 custGeom 形状, Shape Fill 直接改色)",原创设计 · 可商用 · 形状非 SVG · 单色 PowerPoint Shape
FIELD-023,,地图·定时,MapScheduled,原创设计·程序化生成,PPT图标语义库·可改色形状,09_现场管理巡检,折叠地图象征区域分布（定时变体）,用于区域、地图（定时场景）,地图 / 区域 / 分布 / 定时,"map, region, scheduled",35,09_现场管理巡检,"已完成 (PowerPoint 原生 custGeom 形状, Shape Fill 直接改色)",原创设计 · 可商用 · 形状非 SVG · 单色 PowerPoint Shape
FIELD-024,,地图·加锁,MapLocked,原创设计·程序化生成,PPT图标语义库·可改色形状,09_现场管理巡检,折叠地图象征区域分布（加锁变体）,用于区域、地图（加锁场景）,地图 / 区域 / 分布 / 加锁,"map, region, locked",35,09_现场管理巡检,"已完成 (PowerPoint 原生 custGeom 形状, Shape Fill 直接改色)",原创设计 · 可商用 · 形状非 SVG · 单色 PowerPoint Shape
FIELD-025,,路线标点,RouteMarker,原创设计·程序化生成,PPT图标语义库·可改色形状,09_现场管理巡检,起点终点+路线,用于巡检路线、走线,巡检路线 / 走线 / Route,"route, path",35,09_现场管理巡检,"已完成 (PowerPoint 原生 custGeom 形状, Shape Fill 直接改色)",原创设计 · 可商用 · 形状非 SVG · 单色 PowerPoint Shape
FIELD-026,,路线标点·已验证,RouteMarkerVerified,原创设计·程序化生成,PPT图标语义库·可改色形状,09_现场管理巡检,起点终点+路线（已验证变体）,用于巡检路线、走线（已验证场景）,巡检路线 / 走线 / Route / 已验证,"route, path, verified",35,09_现场管理巡检,"已完成 (PowerPoint 原生 custGeom 形状, Shape Fill 直接改色)",原创设计 · 可商用 · 形状非 SVG · 单色 PowerPoint Shape
FIELD-027,,路线标点·预警,RouteMarkerAlert,原创设计·程序化生成,PPT图标语义库·可改色形状,09_现场管理巡检,起点终点+路线（预警变体）,用于巡检路线、走线（预警场景）,巡检路线 / 走线 / Route / 预警,"route, path, alert",35,09_现场管理巡检,"已完成 (PowerPoint 原生 custGeom 形状, Shape Fill 直接改色)",原创设计 · 可商用 · 形状非 SVG · 单色 PowerPoint Shape
FIELD-028,,路线标点·洞察,RouteMarkerInsight,原创设计·程序化生成,PPT图标语义库·可改色形状,09_现场管理巡检,起点终点+路线（洞察变体）,用于巡检路线、走线（洞察场景）,巡检路线 / 走线 / Route / 洞察,"route, path, insight",35,09_现场管理巡检,"已完成 (PowerPoint 原生 custGeom 形状, Shape Fill 直接改色)",原创设计 · 可商用 · 形状非 SVG · 单色 PowerPoint Shape
FIELD-029,,路线标点·定时,RouteMarkerScheduled,原创设计·程序化生成,PPT图标语义库·可改色形状,09_现场管理巡检,起点终点+路线（定时变体）,用于巡检路线、走线（定时场景）,巡检路线 / 走线 / Route / 定时,"route, path, scheduled",35,09_现场管理巡检,"已完成 (PowerPoint 原生 custGeom 形状, Shape Fill 直接改色)",原创设计 · 可商用 · 形状非 SVG · 单色 PowerPoint Shape
FIELD-030,,路线标点·加锁,RouteMarkerLocked,原创设计·程序化生成,PPT图标语义库·可改色形状,09_现场管理巡检,起点终点+路线（加锁变体）,用于巡检路线、走线（加锁场景）,巡检路线 / 走线 / Route / 加锁,"route, path, locked",35,09_现场管理巡检,"已完成 (PowerPoint 原生 custGeom 形状, Shape Fill 直接改色)",原创设计 · 可商用 · 形状非 SVG · 单色 PowerPoint Shape
FIELD-031,,排班,Schedule,原创设计·程序化生成,PPT图标语义库·可改色形状,09_现场管理巡检,日历+色块象征排班,用于排班表,排班 / 值班 / 日程,"schedule, shift, roster",35,09_现场管理巡检,"已完成 (PowerPoint 原生 custGeom 形状, Shape Fill 直接改色)",原创设计 · 可商用 · 形状非 SVG · 单色 PowerPoint Shape
FIELD-032,,排班·已验证,ScheduleVerified,原创设计·程序化生成,PPT图标语义库·可改色形状,09_现场管理巡检,日历+色块象征排班（已验证变体）,用于排班表（已验证场景）,排班 / 值班 / 日程 / 已验证,"schedule, shift, roster, verified",35,09_现场管理巡检,"已完成 (PowerPoint 原生 custGeom 形状, Shape Fill 直接改色)",原创设计 · 可商用 · 形状非 SVG · 单色 PowerPoint Shape
FIELD-033,,排班·预警,ScheduleAlert,原创设计·程序化生成,PPT图标语义库·可改色形状,09_现场管理巡检,日历+色块象征排班（预警变体）,用于排班表（预警场景）,排班 / 值班 / 日程 / 预警,"schedule, shift, roster, alert",35,09_现场管理巡检,"已完成 (PowerPoint 原生 custGeom 形状, Shape Fill 直接改色)",原创设计 · 可商用 · 形状非 SVG · 单色 PowerPoint Shape
FIELD-034,,排班·洞察,ScheduleInsight,原创设计·程序化生成,PPT图标语义库·可改色形状,09_现场管理巡检,日历+色块象征排班（洞察变体）,用于排班表（洞察场景）,排班 / 值班 / 日程 / 洞察,"schedule, shift, roster, insight",35,09_现场管理巡检,"已完成 (PowerPoint 原生 custGeom 形状, Shape Fill 直接改色)",原创设计 · 可商用 · 形状非 SVG · 单色 PowerPoint Shape
FIELD-035,,排班·定时,ScheduleScheduled,原创设计·程序化生成,PPT图标语义库·可改色形状,09_现场管理巡检,日历+色块象征排班（定时变体）,用于排班表（定时场景）,排班 / 值班 / 日程 / 定时,"schedule, shift, roster, scheduled",35,09_现场管理巡检,"已完成 (PowerPoint 原生 custGeom 形状, Shape Fill 直接改色)",原创设计 · 可商用 · 形状非 SVG · 单色 PowerPoint Shape
FIELD-036,,排班·加锁,ScheduleLocked,原创设计·程序化生成,PPT图标语义库·可改色形状,09_现场管理巡检,日历+色块象征排班（加锁变体）,用于排班表（加锁场景）,排班 / 值班 / 日程 / 加锁,"schedule, shift, roster, locked",35,09_现场管理巡检,"已完成 (PowerPoint 原生 custGeom 形状, Shape Fill 直接改色)",原创设计 · 可商用 · 形状非 SVG · 单色 PowerPoint Shape
FIELD-037,,拍照取证,CameraInspect,原创设计·程序化生成,PPT图标语义库·可改色形状,09_现场管理巡检,相机象征现场取证,用于巡检拍照、取证,拍照 / 取证 / 相机,"camera, photo, snap",35,09_现场管理巡检,"已完成 (PowerPoint 原生 custGeom 形状, Shape Fill 直接改色)",原创设计 · 可商用 · 形状非 SVG · 单色 PowerPoint Shape
FIELD-038,,拍照取证·已验证,CameraInspectVerified,原创设计·程序化生成,PPT图标语义库·可改色形状,09_现场管理巡检,相机象征现场取证（已验证变体）,用于巡检拍照、取证（已验证场景）,拍照 / 取证 / 相机 / 已验证,"camera, photo, snap, verified",35,09_现场管理巡检,"已完成 (PowerPoint 原生 custGeom 形状, Shape Fill 直接改色)",原创设计 · 可商用 · 形状非 SVG · 单色 PowerPoint Shape
FIELD-039,,拍照取证·预警,CameraInspectAlert,原创设计·程序化生成,PPT图标语义库·可改色形状,09_现场管理巡检,相机象征现场取证（预警变体）,用于巡检拍照、取证（预警场景）,拍照 / 取证 / 相机 / 预警,"camera, photo, snap, alert",35,09_现场管理巡检,"已完成 (PowerPoint 原生 custGeom 形状, Shape Fill 直接改色)",原创设计 · 可商用 · 形状非 SVG · 单色 PowerPoint Shape
FIELD-040,,拍照取证·洞察,CameraInspectInsight,原创设计·程序化生成,PPT图标语义库·可改色形状,09_现场管理巡检,相机象征现场取证（洞察变体）,用于巡检拍照、取证（洞察场景）,拍照 / 取证 / 相机 / 洞察,"camera, photo, snap, insight",35,09_现场管理巡检,"已完成 (PowerPoint 原生 custGeom 形状, Shape Fill 直接改色)",原创设计 · 可商用 · 形状非 SVG · 单色 PowerPoint Shape
FIELD-041,,拍照取证·定时,CameraInspectScheduled,原创设计·程序化生成,PPT图标语义库·可改色形状,09_现场管理巡检,相机象征现场取证（定时变体）,用于巡检拍照、取证（定时场景）,拍照 / 取证 / 相机 / 定时,"camera, photo, snap, scheduled",36,09_现场管理巡检,"已完成 (PowerPoint 原生 custGeom 形状, Shape Fill 直接改色)",原创设计 · 可商用 · 形状非 SVG · 单色 PowerPoint Shape
FIELD-042,,拍照取证·加锁,CameraInspectLocked,原创设计·程序化生成,PPT图标语义库·可改色形状,09_现场管理巡检,相机象征现场取证（加锁变体）,用于巡检拍照、取证（加锁场景）,拍照 / 取证 / 相机 / 加锁,"camera, photo, snap, locked",36,09_现场管理巡检,"已完成 (PowerPoint 原生 custGeom 形状, Shape Fill 直接改色)",原创设计 · 可商用 · 形状非 SVG · 单色 PowerPoint Shape
FIELD-043,,扫码核验,HandScan,原创设计·程序化生成,PPT图标语义库·可改色形状,09_现场管理巡检,条码+扫描线象征扫码,用于扫码核验,扫码 / 条码 / 核验,"scan, barcode",36,09_现场管理巡检,"已完成 (PowerPoint 原生 custGeom 形状, Shape Fill 直接改色)",原创设计 · 可商用 · 形状非 SVG · 单色 PowerPoint Shape
FIELD-044,,扫码核验·已验证,HandScanVerified,原创设计·程序化生成,PPT图标语义库·可改色形状,09_现场管理巡检,条码+扫描线象征扫码（已验证变体）,用于扫码核验（已验证场景）,扫码 / 条码 / 核验 / 已验证,"scan, barcode, verified",36,09_现场管理巡检,"已完成 (PowerPoint 原生 custGeom 形状, Shape Fill 直接改色)",原创设计 · 可商用 · 形状非 SVG · 单色 PowerPoint Shape
FIELD-045,,扫码核验·预警,HandScanAlert,原创设计·程序化生成,PPT图标语义库·可改色形状,09_现场管理巡检,条码+扫描线象征扫码（预警变体）,用于扫码核验（预警场景）,扫码 / 条码 / 核验 / 预警,"scan, barcode, alert",36,09_现场管理巡检,"已完成 (PowerPoint 原生 custGeom 形状, Shape Fill 直接改色)",原创设计 · 可商用 · 形状非 SVG · 单色 PowerPoint Shape
FIELD-046,,扫码核验·洞察,HandScanInsight,原创设计·程序化生成,PPT图标语义库·可改色形状,09_现场管理巡检,条码+扫描线象征扫码（洞察变体）,用于扫码核验（洞察场景）,扫码 / 条码 / 核验 / 洞察,"scan, barcode, insight",36,09_现场管理巡检,"已完成 (PowerPoint 原生 custGeom 形状, Shape Fill 直接改色)",原创设计 · 可商用 · 形状非 SVG · 单色 PowerPoint Shape
FIELD-047,,扫码核验·定时,HandScanScheduled,原创设计·程序化生成,PPT图标语义库·可改色形状,09_现场管理巡检,条码+扫描线象征扫码（定时变体）,用于扫码核验（定时场景）,扫码 / 条码 / 核验 / 定时,"scan, barcode, scheduled",36,09_现场管理巡检,"已完成 (PowerPoint 原生 custGeom 形状, Shape Fill 直接改色)",原创设计 · 可商用 · 形状非 SVG · 单色 PowerPoint Shape
FIELD-048,,扫码核验·加锁,HandScanLocked,原创设计·程序化生成,PPT图标语义库·可改色形状,09_现场管理巡检,条码+扫描线象征扫码（加锁变体）,用于扫码核验（加锁场景）,扫码 / 条码 / 核验 / 加锁,"scan, barcode, locked",36,09_现场管理巡检,"已完成 (PowerPoint 原生 custGeom 形状, Shape Fill 直接改色)",原创设计 · 可商用 · 形状非 SVG · 单色 PowerPoint Shape
FIELD-049,,对讲机,WalkieTalkie,原创设计·程序化生成,PPT图标语义库·可改色形状,09_现场管理巡检,对讲机象征现场协同沟通,用于现场对讲,对讲 / 现场沟通 / 协同,"walkie, radio, talk",36,09_现场管理巡检,"已完成 (PowerPoint 原生 custGeom 形状, Shape Fill 直接改色)",原创设计 · 可商用 · 形状非 SVG · 单色 PowerPoint Shape
FIELD-050,,对讲机·已验证,WalkieTalkieVerified,原创设计·程序化生成,PPT图标语义库·可改色形状,09_现场管理巡检,对讲机象征现场协同沟通（已验证变体）,用于现场对讲（已验证场景）,对讲 / 现场沟通 / 协同 / 已验证,"walkie, radio, talk, verified",36,09_现场管理巡检,"已完成 (PowerPoint 原生 custGeom 形状, Shape Fill 直接改色)",原创设计 · 可商用 · 形状非 SVG · 单色 PowerPoint Shape
FIELD-051,,对讲机·预警,WalkieTalkieAlert,原创设计·程序化生成,PPT图标语义库·可改色形状,09_现场管理巡检,对讲机象征现场协同沟通（预警变体）,用于现场对讲（预警场景）,对讲 / 现场沟通 / 协同 / 预警,"walkie, radio, talk, alert",36,09_现场管理巡检,"已完成 (PowerPoint 原生 custGeom 形状, Shape Fill 直接改色)",原创设计 · 可商用 · 形状非 SVG · 单色 PowerPoint Shape
FIELD-052,,对讲机·洞察,WalkieTalkieInsight,原创设计·程序化生成,PPT图标语义库·可改色形状,09_现场管理巡检,对讲机象征现场协同沟通（洞察变体）,用于现场对讲（洞察场景）,对讲 / 现场沟通 / 协同 / 洞察,"walkie, radio, talk, insight",36,09_现场管理巡检,"已完成 (PowerPoint 原生 custGeom 形状, Shape Fill 直接改色)",原创设计 · 可商用 · 形状非 SVG · 单色 PowerPoint Shape
FIELD-053,,对讲机·定时,WalkieTalkieScheduled,原创设计·程序化生成,PPT图标语义库·可改色形状,09_现场管理巡检,对讲机象征现场协同沟通（定时变体）,用于现场对讲（定时场景）,对讲 / 现场沟通 / 协同 / 定时,"walkie, radio, talk, scheduled",36,09_现场管理巡检,"已完成 (PowerPoint 原生 custGeom 形状, Shape Fill 直接改色)",原创设计 · 可商用 · 形状非 SVG · 单色 PowerPoint Shape
FIELD-054,,对讲机·加锁,WalkieTalkieLocked,原创设计·程序化生成,PPT图标语义库·可改色形状,09_现场管理巡检,对讲机象征现场协同沟通（加锁变体）,用于现场对讲（加锁场景）,对讲 / 现场沟通 / 协同 / 加锁,"walkie, radio, talk, locked",36,09_现场管理巡检,"已完成 (PowerPoint 原生 custGeom 形状, Shape Fill 直接改色)",原创设计 · 可商用 · 形状非 SVG · 单色 PowerPoint Shape
FIELD-055,,巡检车辆,Truck,原创设计·程序化生成,PPT图标语义库·可改色形状,09_现场管理巡检,卡车象征出勤外勤,用于车辆、外勤,车辆 / 卡车 / 外勤,"vehicle, truck, fleet",36,09_现场管理巡检,"已完成 (PowerPoint 原生 custGeom 形状, Shape Fill 直接改色)",原创设计 · 可商用 · 形状非 SVG · 单色 PowerPoint Shape
FIELD-056,,巡检车辆·已验证,TruckVerified,原创设计·程序化生成,PPT图标语义库·可改色形状,09_现场管理巡检,卡车象征出勤外勤（已验证变体）,用于车辆、外勤（已验证场景）,车辆 / 卡车 / 外勤 / 已验证,"vehicle, truck, fleet, verified",36,09_现场管理巡检,"已完成 (PowerPoint 原生 custGeom 形状, Shape Fill 直接改色)",原创设计 · 可商用 · 形状非 SVG · 单色 PowerPoint Shape
FIELD-057,,巡检车辆·预警,TruckAlert,原创设计·程序化生成,PPT图标语义库·可改色形状,09_现场管理巡检,卡车象征出勤外勤（预警变体）,用于车辆、外勤（预警场景）,车辆 / 卡车 / 外勤 / 预警,"vehicle, truck, fleet, alert",36,09_现场管理巡检,"已完成 (PowerPoint 原生 custGeom 形状, Shape Fill 直接改色)",原创设计 · 可商用 · 形状非 SVG · 单色 PowerPoint Shape
FIELD-058,,巡检车辆·洞察,TruckInsight,原创设计·程序化生成,PPT图标语义库·可改色形状,09_现场管理巡检,卡车象征出勤外勤（洞察变体）,用于车辆、外勤（洞察场景）,车辆 / 卡车 / 外勤 / 洞察,"vehicle, truck, fleet, insight",36,09_现场管理巡检,"已完成 (PowerPoint 原生 custGeom 形状, Shape Fill 直接改色)",原创设计 · 可商用 · 形状非 SVG · 单色 PowerPoint Shape
FIELD-059,,巡检车辆·定时,TruckScheduled,原创设计·程序化生成,PPT图标语义库·可改色形状,09_现场管理巡检,卡车象征出勤外勤（定时变体）,用于车辆、外勤（定时场景）,车辆 / 卡车 / 外勤 / 定时,"vehicle, truck, fleet, scheduled",36,09_现场管理巡检,"已完成 (PowerPoint 原生 custGeom 形状, Shape Fill 直接改色)",原创设计 · 可商用 · 形状非 SVG · 单色 PowerPoint Shape
FIELD-060,,巡检车辆·加锁,TruckLocked,原创设计·程序化生成,PPT图标语义库·可改色形状,09_现场管理巡检,卡车象征出勤外勤（加锁变体）,用于车辆、外勤（加锁场景）,车辆 / 卡车 / 外勤 / 加锁,"vehicle, truck, fleet, locked",36,09_现场管理巡检,"已完成 (PowerPoint 原生 custGeom 形状, Shape Fill 直接改色)",原创设计 · 可商用 · 形状非 SVG · 单色 PowerPoint Shape
FIELD-061,,仓储,Warehouse,原创设计·程序化生成,PPT图标语义库·可改色形状,09_现场管理巡检,厂房+大门象征仓库,用于仓储、库房,仓库 / 仓储 / 库房,"warehouse, depot",36,09_现场管理巡检,"已完成 (PowerPoint 原生 custGeom 形状, Shape Fill 直接改色)",原创设计 · 可商用 · 形状非 SVG · 单色 PowerPoint Shape
FIELD-062,,仓储·已验证,WarehouseVerified,原创设计·程序化生成,PPT图标语义库·可改色形状,09_现场管理巡检,厂房+大门象征仓库（已验证变体）,用于仓储、库房（已验证场景）,仓库 / 仓储 / 库房 / 已验证,"warehouse, depot, verified",36,09_现场管理巡检,"已完成 (PowerPoint 原生 custGeom 形状, Shape Fill 直接改色)",原创设计 · 可商用 · 形状非 SVG · 单色 PowerPoint Shape
FIELD-063,,仓储·预警,WarehouseAlert,原创设计·程序化生成,PPT图标语义库·可改色形状,09_现场管理巡检,厂房+大门象征仓库（预警变体）,用于仓储、库房（预警场景）,仓库 / 仓储 / 库房 / 预警,"warehouse, depot, alert",36,09_现场管理巡检,"已完成 (PowerPoint 原生 custGeom 形状, Shape Fill 直接改色)",原创设计 · 可商用 · 形状非 SVG · 单色 PowerPoint Shape
FIELD-064,,仓储·洞察,WarehouseInsight,原创设计·程序化生成,PPT图标语义库·可改色形状,09_现场管理巡检,厂房+大门象征仓库（洞察变体）,用于仓储、库房（洞察场景）,仓库 / 仓储 / 库房 / 洞察,"warehouse, depot, insight",36,09_现场管理巡检,"已完成 (PowerPoint 原生 custGeom 形状, Shape Fill 直接改色)",原创设计 · 可商用 · 形状非 SVG · 单色 PowerPoint Shape
FIELD-065,,仓储·定时,WarehouseScheduled,原创设计·程序化生成,PPT图标语义库·可改色形状,09_现场管理巡检,厂房+大门象征仓库（定时变体）,用于仓储、库房（定时场景）,仓库 / 仓储 / 库房 / 定时,"warehouse, depot, scheduled",36,09_现场管理巡检,"已完成 (PowerPoint 原生 custGeom 形状, Shape Fill 直接改色)",原创设计 · 可商用 · 形状非 SVG · 单色 PowerPoint Shape
FIELD-066,,仓储·加锁,WarehouseLocked,原创设计·程序化生成,PPT图标语义库·可改色形状,09_现场管理巡检,厂房+大门象征仓库（加锁变体）,用于仓储、库房（加锁场景）,仓库 / 仓储 / 库房 / 加锁,"warehouse, depot, locked",36,09_现场管理巡检,"已完成 (PowerPoint 原生 custGeom 形状, Shape Fill 直接改色)",原创设计 · 可商用 · 形状非 SVG · 单色 PowerPoint Shape
FIELD-067,,条码,Barcode,原创设计·程序化生成,PPT图标语义库·可改色形状,09_现场管理巡检,条码象征唯一识别,用于资产编号,条码 / 唯一编号 / 资产,"barcode, uid, asset",36,09_现场管理巡检,"已完成 (PowerPoint 原生 custGeom 形状, Shape Fill 直接改色)",原创设计 · 可商用 · 形状非 SVG · 单色 PowerPoint Shape
FIELD-068,,条码·已验证,BarcodeVerified,原创设计·程序化生成,PPT图标语义库·可改色形状,09_现场管理巡检,条码象征唯一识别（已验证变体）,用于资产编号（已验证场景）,条码 / 唯一编号 / 资产 / 已验证,"barcode, uid, asset, verified",36,09_现场管理巡检,"已完成 (PowerPoint 原生 custGeom 形状, Shape Fill 直接改色)",原创设计 · 可商用 · 形状非 SVG · 单色 PowerPoint Shape
FIELD-069,,条码·预警,BarcodeAlert,原创设计·程序化生成,PPT图标语义库·可改色形状,09_现场管理巡检,条码象征唯一识别（预警变体）,用于资产编号（预警场景）,条码 / 唯一编号 / 资产 / 预警,"barcode, uid, asset, alert",36,09_现场管理巡检,"已完成 (PowerPoint 原生 custGeom 形状, Shape Fill 直接改色)",原创设计 · 可商用 · 形状非 SVG · 单色 PowerPoint Shape
FIELD-070,,条码·洞察,BarcodeInsight,原创设计·程序化生成,PPT图标语义库·可改色形状,09_现场管理巡检,条码象征唯一识别（洞察变体）,用于资产编号（洞察场景）,条码 / 唯一编号 / 资产 / 洞察,"barcode, uid, asset, insight",36,09_现场管理巡检,"已完成 (PowerPoint 原生 custGeom 形状, Shape Fill 直接改色)",原创设计 · 可商用 · 形状非 SVG · 单色 PowerPoint Shape
FIELD-071,,条码·定时,BarcodeScheduled,原创设计·程序化生成,PPT图标语义库·可改色形状,09_现场管理巡检,条码象征唯一识别（定时变体）,用于资产编号（定时场景）,条码 / 唯一编号 / 资产 / 定时,"barcode, uid, asset, scheduled",36,09_现场管理巡检,"已完成 (PowerPoint 原生 custGeom 形状, Shape Fill 直接改色)",原创设计 · 可商用 · 形状非 SVG · 单色 PowerPoint Shape
FIELD-072,,条码·加锁,BarcodeLocked,原创设计·程序化生成,PPT图标语义库·可改色形状,09_现场管理巡检,条码象征唯一识别（加锁变体）,用于资产编号（加锁场景）,条码 / 唯一编号 / 资产 / 加锁,"barcode, uid, asset, locked",36,09_现场管理巡检,"已完成 (PowerPoint 原生 custGeom 形状, Shape Fill 直接改色)",原创设计 · 可商用 · 形状非 SVG · 单色 PowerPoint Shape
FIELD-073,,温度计,Thermometer,原创设计·程序化生成,PPT图标语义库·可改色形状,09_现场管理巡检,温度计象征环境监测,用于温度、环境,温度 / 环境 / 监测,"temperature, thermo, env",36,09_现场管理巡检,"已完成 (PowerPoint 原生 custGeom 形状, Shape Fill 直接改色)",原创设计 · 可商用 · 形状非 SVG · 单色 PowerPoint Shape
FIELD-074,,温度计·已验证,ThermometerVerified,原创设计·程序化生成,PPT图标语义库·可改色形状,09_现场管理巡检,温度计象征环境监测（已验证变体）,用于温度、环境（已验证场景）,温度 / 环境 / 监测 / 已验证,"temperature, thermo, env, verified",36,09_现场管理巡检,"已完成 (PowerPoint 原生 custGeom 形状, Shape Fill 直接改色)",原创设计 · 可商用 · 形状非 SVG · 单色 PowerPoint Shape
FIELD-075,,温度计·预警,ThermometerAlert,原创设计·程序化生成,PPT图标语义库·可改色形状,09_现场管理巡检,温度计象征环境监测（预警变体）,用于温度、环境（预警场景）,温度 / 环境 / 监测 / 预警,"temperature, thermo, env, alert",36,09_现场管理巡检,"已完成 (PowerPoint 原生 custGeom 形状, Shape Fill 直接改色)",原创设计 · 可商用 · 形状非 SVG · 单色 PowerPoint Shape
FIELD-076,,温度计·洞察,ThermometerInsight,原创设计·程序化生成,PPT图标语义库·可改色形状,09_现场管理巡检,温度计象征环境监测（洞察变体）,用于温度、环境（洞察场景）,温度 / 环境 / 监测 / 洞察,"temperature, thermo, env, insight",36,09_现场管理巡检,"已完成 (PowerPoint 原生 custGeom 形状, Shape Fill 直接改色)",原创设计 · 可商用 · 形状非 SVG · 单色 PowerPoint Shape
FIELD-077,,温度计·定时,ThermometerScheduled,原创设计·程序化生成,PPT图标语义库·可改色形状,09_现场管理巡检,温度计象征环境监测（定时变体）,用于温度、环境（定时场景）,温度 / 环境 / 监测 / 定时,"temperature, thermo, env, scheduled",36,09_现场管理巡检,"已完成 (PowerPoint 原生 custGeom 形状, Shape Fill 直接改色)",原创设计 · 可商用 · 形状非 SVG · 单色 PowerPoint Shape
FIELD-078,,温度计·加锁,ThermometerLocked,原创设计·程序化生成,PPT图标语义库·可改色形状,09_现场管理巡检,温度计象征环境监测（加锁变体）,用于温度、环境（加锁场景）,温度 / 环境 / 监测 / 加锁,"temperature, thermo, env, locked",36,09_现场管理巡检,"已完成 (PowerPoint 原生 custGeom 形状, Shape Fill 直接改色)",原创设计 · 可商用 · 形状非 SVG · 单色 PowerPoint Shape
FIELD-079,,压力表,PressureGauge,原创设计·程序化生成,PPT图标语义库·可改色形状,09_现场管理巡检,压力表象征机器监测,用于设备、压力监控,压力 / 表盘 / 设备,"gauge, pressure, meter",36,09_现场管理巡检,"已完成 (PowerPoint 原生 custGeom 形状, Shape Fill 直接改色)",原创设计 · 可商用 · 形状非 SVG · 单色 PowerPoint Shape
FIELD-080,,压力表·已验证,PressureGaugeVerified,原创设计·程序化生成,PPT图标语义库·可改色形状,09_现场管理巡检,压力表象征机器监测（已验证变体）,用于设备、压力监控（已验证场景）,压力 / 表盘 / 设备 / 已验证,"gauge, pressure, meter, verified",36,09_现场管理巡检,"已完成 (PowerPoint 原生 custGeom 形状, Shape Fill 直接改色)",原创设计 · 可商用 · 形状非 SVG · 单色 PowerPoint Shape
FIELD-081,,压力表·预警,PressureGaugeAlert,原创设计·程序化生成,PPT图标语义库·可改色形状,09_现场管理巡检,压力表象征机器监测（预警变体）,用于设备、压力监控（预警场景）,压力 / 表盘 / 设备 / 预警,"gauge, pressure, meter, alert",37,09_现场管理巡检,"已完成 (PowerPoint 原生 custGeom 形状, Shape Fill 直接改色)",原创设计 · 可商用 · 形状非 SVG · 单色 PowerPoint Shape
FIELD-082,,压力表·洞察,PressureGaugeInsight,原创设计·程序化生成,PPT图标语义库·可改色形状,09_现场管理巡检,压力表象征机器监测（洞察变体）,用于设备、压力监控（洞察场景）,压力 / 表盘 / 设备 / 洞察,"gauge, pressure, meter, insight",37,09_现场管理巡检,"已完成 (PowerPoint 原生 custGeom 形状, Shape Fill 直接改色)",原创设计 · 可商用 · 形状非 SVG · 单色 PowerPoint Shape
FIELD-083,,压力表·定时,PressureGaugeScheduled,原创设计·程序化生成,PPT图标语义库·可改色形状,09_现场管理巡检,压力表象征机器监测（定时变体）,用于设备、压力监控（定时场景）,压力 / 表盘 / 设备 / 定时,"gauge, pressure, meter, scheduled",37,09_现场管理巡检,"已完成 (PowerPoint 原生 custGeom 形状, Shape Fill 直接改色)",原创设计 · 可商用 · 形状非 SVG · 单色 PowerPoint Shape
ORG-001,,三人团队,TeamThree,原创设计·程序化生成,PPT图标语义库·可改色形状,10_组织协同推进,三个头像象征团队,用于团队、小组,团队 / 小组 / Team,"team, group, trio",39,10_组织协同推进,"已完成 (PowerPoint 原生 custGeom 形状, Shape Fill 直接改色)",原创设计 · 可商用 · 形状非 SVG · 单色 PowerPoint Shape
ORG-002,,三人团队·协同,TeamThreeWithPerson,原创设计·程序化生成,PPT图标语义库·可改色形状,10_组织协同推进,三个头像象征团队（协同变体）,用于团队、小组（协同场景）,团队 / 小组 / Team / 协同,"team, group, trio, withperson",39,10_组织协同推进,"已完成 (PowerPoint 原生 custGeom 形状, Shape Fill 直接改色)",原创设计 · 可商用 · 形状非 SVG · 单色 PowerPoint Shape
ORG-003,,三人团队·已验证,TeamThreeVerified,原创设计·程序化生成,PPT图标语义库·可改色形状,10_组织协同推进,三个头像象征团队（已验证变体）,用于团队、小组（已验证场景）,团队 / 小组 / Team / 已验证,"team, group, trio, verified",39,10_组织协同推进,"已完成 (PowerPoint 原生 custGeom 形状, Shape Fill 直接改色)",原创设计 · 可商用 · 形状非 SVG · 单色 PowerPoint Shape
ORG-004,,三人团队·新增,TeamThreeAdd,原创设计·程序化生成,PPT图标语义库·可改色形状,10_组织协同推进,三个头像象征团队（新增变体）,用于团队、小组（新增场景）,团队 / 小组 / Team / 新增,"team, group, trio, add",39,10_组织协同推进,"已完成 (PowerPoint 原生 custGeom 形状, Shape Fill 直接改色)",原创设计 · 可商用 · 形状非 SVG · 单色 PowerPoint Shape
ORG-005,,三人团队·重点,TeamThreeFeatured,原创设计·程序化生成,PPT图标语义库·可改色形状,10_组织协同推进,三个头像象征团队（重点变体）,用于团队、小组（重点场景）,团队 / 小组 / Team / 重点,"team, group, trio, featured",39,10_组织协同推进,"已完成 (PowerPoint 原生 custGeom 形状, Shape Fill 直接改色)",原创设计 · 可商用 · 形状非 SVG · 单色 PowerPoint Shape
ORG-006,,三人团队·关怀,TeamThreeCare,原创设计·程序化生成,PPT图标语义库·可改色形状,10_组织协同推进,三个头像象征团队（关怀变体）,用于团队、小组（关怀场景）,团队 / 小组 / Team / 关怀,"team, group, trio, care",39,10_组织协同推进,"已完成 (PowerPoint 原生 custGeom 形状, Shape Fill 直接改色)",原创设计 · 可商用 · 形状非 SVG · 单色 PowerPoint Shape
ORG-007,,组织层级,Hierarchy,原创设计·程序化生成,PPT图标语义库·可改色形状,10_组织协同推进,树状层级象征组织架构,用于组织架构图,组织架构 / 层级 / Org,"hierarchy, org, tree",39,10_组织协同推进,"已完成 (PowerPoint 原生 custGeom 形状, Shape Fill 直接改色)",原创设计 · 可商用 · 形状非 SVG · 单色 PowerPoint Shape
ORG-008,,组织层级·协同,HierarchyWithPerson,原创设计·程序化生成,PPT图标语义库·可改色形状,10_组织协同推进,树状层级象征组织架构（协同变体）,用于组织架构图（协同场景）,组织架构 / 层级 / Org / 协同,"hierarchy, org, tree, withperson",39,10_组织协同推进,"已完成 (PowerPoint 原生 custGeom 形状, Shape Fill 直接改色)",原创设计 · 可商用 · 形状非 SVG · 单色 PowerPoint Shape
ORG-009,,组织层级·已验证,HierarchyVerified,原创设计·程序化生成,PPT图标语义库·可改色形状,10_组织协同推进,树状层级象征组织架构（已验证变体）,用于组织架构图（已验证场景）,组织架构 / 层级 / Org / 已验证,"hierarchy, org, tree, verified",39,10_组织协同推进,"已完成 (PowerPoint 原生 custGeom 形状, Shape Fill 直接改色)",原创设计 · 可商用 · 形状非 SVG · 单色 PowerPoint Shape
ORG-010,,组织层级·新增,HierarchyAdd,原创设计·程序化生成,PPT图标语义库·可改色形状,10_组织协同推进,树状层级象征组织架构（新增变体）,用于组织架构图（新增场景）,组织架构 / 层级 / Org / 新增,"hierarchy, org, tree, add",39,10_组织协同推进,"已完成 (PowerPoint 原生 custGeom 形状, Shape Fill 直接改色)",原创设计 · 可商用 · 形状非 SVG · 单色 PowerPoint Shape
ORG-011,,组织层级·重点,HierarchyFeatured,原创设计·程序化生成,PPT图标语义库·可改色形状,10_组织协同推进,树状层级象征组织架构（重点变体）,用于组织架构图（重点场景）,组织架构 / 层级 / Org / 重点,"hierarchy, org, tree, featured",39,10_组织协同推进,"已完成 (PowerPoint 原生 custGeom 形状, Shape Fill 直接改色)",原创设计 · 可商用 · 形状非 SVG · 单色 PowerPoint Shape
ORG-012,,组织层级·关怀,HierarchyCare,原创设计·程序化生成,PPT图标语义库·可改色形状,10_组织协同推进,树状层级象征组织架构（关怀变体）,用于组织架构图（关怀场景）,组织架构 / 层级 / Org / 关怀,"hierarchy, org, tree, care",39,10_组织协同推进,"已完成 (PowerPoint 原生 custGeom 形状, Shape Fill 直接改色)",原创设计 · 可商用 · 形状非 SVG · 单色 PowerPoint Shape
ORG-013,,组织网络,NetworkOrg,原创设计·程序化生成,PPT图标语义库·可改色形状,10_组织协同推进,节点+连线象征网络协同,用于组织网络、矩阵,网络 / 矩阵 / 协同,"network, graph, matrix",39,10_组织协同推进,"已完成 (PowerPoint 原生 custGeom 形状, Shape Fill 直接改色)",原创设计 · 可商用 · 形状非 SVG · 单色 PowerPoint Shape
ORG-014,,组织网络·协同,NetworkOrgWithPerson,原创设计·程序化生成,PPT图标语义库·可改色形状,10_组织协同推进,节点+连线象征网络协同（协同变体）,用于组织网络、矩阵（协同场景）,网络 / 矩阵 / 协同 / 协同,"network, graph, matrix, withperson",39,10_组织协同推进,"已完成 (PowerPoint 原生 custGeom 形状, Shape Fill 直接改色)",原创设计 · 可商用 · 形状非 SVG · 单色 PowerPoint Shape
ORG-015,,组织网络·已验证,NetworkOrgVerified,原创设计·程序化生成,PPT图标语义库·可改色形状,10_组织协同推进,节点+连线象征网络协同（已验证变体）,用于组织网络、矩阵（已验证场景）,网络 / 矩阵 / 协同 / 已验证,"network, graph, matrix, verified",39,10_组织协同推进,"已完成 (PowerPoint 原生 custGeom 形状, Shape Fill 直接改色)",原创设计 · 可商用 · 形状非 SVG · 单色 PowerPoint Shape
ORG-016,,组织网络·新增,NetworkOrgAdd,原创设计·程序化生成,PPT图标语义库·可改色形状,10_组织协同推进,节点+连线象征网络协同（新增变体）,用于组织网络、矩阵（新增场景）,网络 / 矩阵 / 协同 / 新增,"network, graph, matrix, add",39,10_组织协同推进,"已完成 (PowerPoint 原生 custGeom 形状, Shape Fill 直接改色)",原创设计 · 可商用 · 形状非 SVG · 单色 PowerPoint Shape
ORG-017,,组织网络·重点,NetworkOrgFeatured,原创设计·程序化生成,PPT图标语义库·可改色形状,10_组织协同推进,节点+连线象征网络协同（重点变体）,用于组织网络、矩阵（重点场景）,网络 / 矩阵 / 协同 / 重点,"network, graph, matrix, featured",39,10_组织协同推进,"已完成 (PowerPoint 原生 custGeom 形状, Shape Fill 直接改色)",原创设计 · 可商用 · 形状非 SVG · 单色 PowerPoint Shape
ORG-018,,组织网络·关怀,NetworkOrgCare,原创设计·程序化生成,PPT图标语义库·可改色形状,10_组织协同推进,节点+连线象征网络协同（关怀变体）,用于组织网络、矩阵（关怀场景）,网络 / 矩阵 / 协同 / 关怀,"network, graph, matrix, care",39,10_组织协同推进,"已完成 (PowerPoint 原生 custGeom 形状, Shape Fill 直接改色)",原创设计 · 可商用 · 形状非 SVG · 单色 PowerPoint Shape
ORG-019,,合作,Partnership,原创设计·程序化生成,PPT图标语义库·可改色形状,10_组织协同推进,握手象征达成合作,用于合作、伙伴,合作 / 伙伴 / 握手,"partner, deal, handshake",39,10_组织协同推进,"已完成 (PowerPoint 原生 custGeom 形状, Shape Fill 直接改色)",原创设计 · 可商用 · 形状非 SVG · 单色 PowerPoint Shape
ORG-020,,合作·协同,PartnershipWithPerson,原创设计·程序化生成,PPT图标语义库·可改色形状,10_组织协同推进,握手象征达成合作（协同变体）,用于合作、伙伴（协同场景）,合作 / 伙伴 / 握手 / 协同,"partner, deal, handshake, withperson",39,10_组织协同推进,"已完成 (PowerPoint 原生 custGeom 形状, Shape Fill 直接改色)",原创设计 · 可商用 · 形状非 SVG · 单色 PowerPoint Shape
ORG-021,,合作·已验证,PartnershipVerified,原创设计·程序化生成,PPT图标语义库·可改色形状,10_组织协同推进,握手象征达成合作（已验证变体）,用于合作、伙伴（已验证场景）,合作 / 伙伴 / 握手 / 已验证,"partner, deal, handshake, verified",39,10_组织协同推进,"已完成 (PowerPoint 原生 custGeom 形状, Shape Fill 直接改色)",原创设计 · 可商用 · 形状非 SVG · 单色 PowerPoint Shape
ORG-022,,合作·新增,PartnershipAdd,原创设计·程序化生成,PPT图标语义库·可改色形状,10_组织协同推进,握手象征达成合作（新增变体）,用于合作、伙伴（新增场景）,合作 / 伙伴 / 握手 / 新增,"partner, deal, handshake, add",39,10_组织协同推进,"已完成 (PowerPoint 原生 custGeom 形状, Shape Fill 直接改色)",原创设计 · 可商用 · 形状非 SVG · 单色 PowerPoint Shape
ORG-023,,合作·重点,PartnershipFeatured,原创设计·程序化生成,PPT图标语义库·可改色形状,10_组织协同推进,握手象征达成合作（重点变体）,用于合作、伙伴（重点场景）,合作 / 伙伴 / 握手 / 重点,"partner, deal, handshake, featured",39,10_组织协同推进,"已完成 (PowerPoint 原生 custGeom 形状, Shape Fill 直接改色)",原创设计 · 可商用 · 形状非 SVG · 单色 PowerPoint Shape
ORG-024,,合作·关怀,PartnershipCare,原创设计·程序化生成,PPT图标语义库·可改色形状,10_组织协同推进,握手象征达成合作（关怀变体）,用于合作、伙伴（关怀场景）,合作 / 伙伴 / 握手 / 关怀,"partner, deal, handshake, care",39,10_组织协同推进,"已完成 (PowerPoint 原生 custGeom 形状, Shape Fill 直接改色)",原创设计 · 可商用 · 形状非 SVG · 单色 PowerPoint Shape
ORG-025,,项目看板,ProjectBoard,原创设计·程序化生成,PPT图标语义库·可改色形状,10_组织协同推进,三栏看板象征项目协同,用于项目协同看板,项目看板 / 协同 / 项目,"project, board, kanban",39,10_组织协同推进,"已完成 (PowerPoint 原生 custGeom 形状, Shape Fill 直接改色)",原创设计 · 可商用 · 形状非 SVG · 单色 PowerPoint Shape
ORG-026,,项目看板·协同,ProjectBoardWithPerson,原创设计·程序化生成,PPT图标语义库·可改色形状,10_组织协同推进,三栏看板象征项目协同（协同变体）,用于项目协同看板（协同场景）,项目看板 / 协同 / 项目 / 协同,"project, board, kanban, withperson",39,10_组织协同推进,"已完成 (PowerPoint 原生 custGeom 形状, Shape Fill 直接改色)",原创设计 · 可商用 · 形状非 SVG · 单色 PowerPoint Shape
ORG-027,,项目看板·已验证,ProjectBoardVerified,原创设计·程序化生成,PPT图标语义库·可改色形状,10_组织协同推进,三栏看板象征项目协同（已验证变体）,用于项目协同看板（已验证场景）,项目看板 / 协同 / 项目 / 已验证,"project, board, kanban, verified",39,10_组织协同推进,"已完成 (PowerPoint 原生 custGeom 形状, Shape Fill 直接改色)",原创设计 · 可商用 · 形状非 SVG · 单色 PowerPoint Shape
ORG-028,,项目看板·新增,ProjectBoardAdd,原创设计·程序化生成,PPT图标语义库·可改色形状,10_组织协同推进,三栏看板象征项目协同（新增变体）,用于项目协同看板（新增场景）,项目看板 / 协同 / 项目 / 新增,"project, board, kanban, add",39,10_组织协同推进,"已完成 (PowerPoint 原生 custGeom 形状, Shape Fill 直接改色)",原创设计 · 可商用 · 形状非 SVG · 单色 PowerPoint Shape
ORG-029,,项目看板·重点,ProjectBoardFeatured,原创设计·程序化生成,PPT图标语义库·可改色形状,10_组织协同推进,三栏看板象征项目协同（重点变体）,用于项目协同看板（重点场景）,项目看板 / 协同 / 项目 / 重点,"project, board, kanban, featured",39,10_组织协同推进,"已完成 (PowerPoint 原生 custGeom 形状, Shape Fill 直接改色)",原创设计 · 可商用 · 形状非 SVG · 单色 PowerPoint Shape
ORG-030,,项目看板·关怀,ProjectBoardCare,原创设计·程序化生成,PPT图标语义库·可改色形状,10_组织协同推进,三栏看板象征项目协同（关怀变体）,用于项目协同看板（关怀场景）,项目看板 / 协同 / 项目 / 关怀,"project, board, kanban, care",39,10_组织协同推进,"已完成 (PowerPoint 原生 custGeom 形状, Shape Fill 直接改色)",原创设计 · 可商用 · 形状非 SVG · 单色 PowerPoint Shape
ORG-031,,会议桌,MeetingTable,原创设计·程序化生成,PPT图标语义库·可改色形状,10_组织协同推进,圆桌+座位象征会议,用于会议、协同,会议 / 圆桌 / 协同,"meeting, round-table",39,10_组织协同推进,"已完成 (PowerPoint 原生 custGeom 形状, Shape Fill 直接改色)",原创设计 · 可商用 · 形状非 SVG · 单色 PowerPoint Shape
ORG-032,,会议桌·协同,MeetingTableWithPerson,原创设计·程序化生成,PPT图标语义库·可改色形状,10_组织协同推进,圆桌+座位象征会议（协同变体）,用于会议、协同（协同场景）,会议 / 圆桌 / 协同 / 协同,"meeting, round-table, withperson",39,10_组织协同推进,"已完成 (PowerPoint 原生 custGeom 形状, Shape Fill 直接改色)",原创设计 · 可商用 · 形状非 SVG · 单色 PowerPoint Shape
ORG-033,,会议桌·已验证,MeetingTableVerified,原创设计·程序化生成,PPT图标语义库·可改色形状,10_组织协同推进,圆桌+座位象征会议（已验证变体）,用于会议、协同（已验证场景）,会议 / 圆桌 / 协同 / 已验证,"meeting, round-table, verified",39,10_组织协同推进,"已完成 (PowerPoint 原生 custGeom 形状, Shape Fill 直接改色)",原创设计 · 可商用 · 形状非 SVG · 单色 PowerPoint Shape
ORG-034,,会议桌·新增,MeetingTableAdd,原创设计·程序化生成,PPT图标语义库·可改色形状,10_组织协同推进,圆桌+座位象征会议（新增变体）,用于会议、协同（新增场景）,会议 / 圆桌 / 协同 / 新增,"meeting, round-table, add",39,10_组织协同推进,"已完成 (PowerPoint 原生 custGeom 形状, Shape Fill 直接改色)",原创设计 · 可商用 · 形状非 SVG · 单色 PowerPoint Shape
ORG-035,,会议桌·重点,MeetingTableFeatured,原创设计·程序化生成,PPT图标语义库·可改色形状,10_组织协同推进,圆桌+座位象征会议（重点变体）,用于会议、协同（重点场景）,会议 / 圆桌 / 协同 / 重点,"meeting, round-table, featured",39,10_组织协同推进,"已完成 (PowerPoint 原生 custGeom 形状, Shape Fill 直接改色)",原创设计 · 可商用 · 形状非 SVG · 单色 PowerPoint Shape
ORG-036,,会议桌·关怀,MeetingTableCare,原创设计·程序化生成,PPT图标语义库·可改色形状,10_组织协同推进,圆桌+座位象征会议（关怀变体）,用于会议、协同（关怀场景）,会议 / 圆桌 / 协同 / 关怀,"meeting, round-table, care",39,10_组织协同推进,"已完成 (PowerPoint 原生 custGeom 形状, Shape Fill 直接改色)",原创设计 · 可商用 · 形状非 SVG · 单色 PowerPoint Shape
ORG-037,,角色标识,RoleBadge,原创设计·程序化生成,PPT图标语义库·可改色形状,10_组织协同推进,人像+认证勾,用于身份、角色,角色 / 身份 / 认证,"role, identity",39,10_组织协同推进,"已完成 (PowerPoint 原生 custGeom 形状, Shape Fill 直接改色)",原创设计 · 可商用 · 形状非 SVG · 单色 PowerPoint Shape
ORG-038,,角色标识·协同,RoleBadgeWithPerson,原创设计·程序化生成,PPT图标语义库·可改色形状,10_组织协同推进,人像+认证勾（协同变体）,用于身份、角色（协同场景）,角色 / 身份 / 认证 / 协同,"role, identity, withperson",39,10_组织协同推进,"已完成 (PowerPoint 原生 custGeom 形状, Shape Fill 直接改色)",原创设计 · 可商用 · 形状非 SVG · 单色 PowerPoint Shape
ORG-039,,角色标识·已验证,RoleBadgeVerified,原创设计·程序化生成,PPT图标语义库·可改色形状,10_组织协同推进,人像+认证勾（已验证变体）,用于身份、角色（已验证场景）,角色 / 身份 / 认证 / 已验证,"role, identity, verified",39,10_组织协同推进,"已完成 (PowerPoint 原生 custGeom 形状, Shape Fill 直接改色)",原创设计 · 可商用 · 形状非 SVG · 单色 PowerPoint Shape
ORG-040,,角色标识·新增,RoleBadgeAdd,原创设计·程序化生成,PPT图标语义库·可改色形状,10_组织协同推进,人像+认证勾（新增变体）,用于身份、角色（新增场景）,角色 / 身份 / 认证 / 新增,"role, identity, add",39,10_组织协同推进,"已完成 (PowerPoint 原生 custGeom 形状, Shape Fill 直接改色)",原创设计 · 可商用 · 形状非 SVG · 单色 PowerPoint Shape
ORG-041,,角色标识·重点,RoleBadgeFeatured,原创设计·程序化生成,PPT图标语义库·可改色形状,10_组织协同推进,人像+认证勾（重点变体）,用于身份、角色（重点场景）,角色 / 身份 / 认证 / 重点,"role, identity, featured",40,10_组织协同推进,"已完成 (PowerPoint 原生 custGeom 形状, Shape Fill 直接改色)",原创设计 · 可商用 · 形状非 SVG · 单色 PowerPoint Shape
ORG-042,,角色标识·关怀,RoleBadgeCare,原创设计·程序化生成,PPT图标语义库·可改色形状,10_组织协同推进,人像+认证勾（关怀变体）,用于身份、角色（关怀场景）,角色 / 身份 / 认证 / 关怀,"role, identity, care",40,10_组织协同推进,"已完成 (PowerPoint 原生 custGeom 形状, Shape Fill 直接改色)",原创设计 · 可商用 · 形状非 SVG · 单色 PowerPoint Shape
ORG-043,,领导,Leader,原创设计·程序化生成,PPT图标语义库·可改色形状,10_组织协同推进,人像+星象征领导,用于领导、负责人,领导 / 负责人 / Leader,"leader, boss, owner",40,10_组织协同推进,"已完成 (PowerPoint 原生 custGeom 形状, Shape Fill 直接改色)",原创设计 · 可商用 · 形状非 SVG · 单色 PowerPoint Shape
ORG-044,,领导·协同,LeaderWithPerson,原创设计·程序化生成,PPT图标语义库·可改色形状,10_组织协同推进,人像+星象征领导（协同变体）,用于领导、负责人（协同场景）,领导 / 负责人 / Leader / 协同,"leader, boss, owner, withperson",40,10_组织协同推进,"已完成 (PowerPoint 原生 custGeom 形状, Shape Fill 直接改色)",原创设计 · 可商用 · 形状非 SVG · 单色 PowerPoint Shape
ORG-045,,领导·已验证,LeaderVerified,原创设计·程序化生成,PPT图标语义库·可改色形状,10_组织协同推进,人像+星象征领导（已验证变体）,用于领导、负责人（已验证场景）,领导 / 负责人 / Leader / 已验证,"leader, boss, owner, verified",40,10_组织协同推进,"已完成 (PowerPoint 原生 custGeom 形状, Shape Fill 直接改色)",原创设计 · 可商用 · 形状非 SVG · 单色 PowerPoint Shape
ORG-046,,领导·新增,LeaderAdd,原创设计·程序化生成,PPT图标语义库·可改色形状,10_组织协同推进,人像+星象征领导（新增变体）,用于领导、负责人（新增场景）,领导 / 负责人 / Leader / 新增,"leader, boss, owner, add",40,10_组织协同推进,"已完成 (PowerPoint 原生 custGeom 形状, Shape Fill 直接改色)",原创设计 · 可商用 · 形状非 SVG · 单色 PowerPoint Shape
ORG-047,,领导·重点,LeaderFeatured,原创设计·程序化生成,PPT图标语义库·可改色形状,10_组织协同推进,人像+星象征领导（重点变体）,用于领导、负责人（重点场景）,领导 / 负责人 / Leader / 重点,"leader, boss, owner, featured",40,10_组织协同推进,"已完成 (PowerPoint 原生 custGeom 形状, Shape Fill 直接改色)",原创设计 · 可商用 · 形状非 SVG · 单色 PowerPoint Shape
ORG-048,,领导·关怀,LeaderCare,原创设计·程序化生成,PPT图标语义库·可改色形状,10_组织协同推进,人像+星象征领导（关怀变体）,用于领导、负责人（关怀场景）,领导 / 负责人 / Leader / 关怀,"leader, boss, owner, care",40,10_组织协同推进,"已完成 (PowerPoint 原生 custGeom 形状, Shape Fill 直接改色)",原创设计 · 可商用 · 形状非 SVG · 单色 PowerPoint Shape
ORG-049,,部门,Department,原创设计·程序化生成,PPT图标语义库·可改色形状,10_组织协同推进,建筑+多门象征部门划分,用于部门、组织,部门 / 组织 / Dept,"department, dept",40,10_组织协同推进,"已完成 (PowerPoint 原生 custGeom 形状, Shape Fill 直接改色)",原创设计 · 可商用 · 形状非 SVG · 单色 PowerPoint Shape
ORG-050,,部门·协同,DepartmentWithPerson,原创设计·程序化生成,PPT图标语义库·可改色形状,10_组织协同推进,建筑+多门象征部门划分（协同变体）,用于部门、组织（协同场景）,部门 / 组织 / Dept / 协同,"department, dept, withperson",40,10_组织协同推进,"已完成 (PowerPoint 原生 custGeom 形状, Shape Fill 直接改色)",原创设计 · 可商用 · 形状非 SVG · 单色 PowerPoint Shape
ORG-051,,部门·已验证,DepartmentVerified,原创设计·程序化生成,PPT图标语义库·可改色形状,10_组织协同推进,建筑+多门象征部门划分（已验证变体）,用于部门、组织（已验证场景）,部门 / 组织 / Dept / 已验证,"department, dept, verified",40,10_组织协同推进,"已完成 (PowerPoint 原生 custGeom 形状, Shape Fill 直接改色)",原创设计 · 可商用 · 形状非 SVG · 单色 PowerPoint Shape
ORG-052,,部门·新增,DepartmentAdd,原创设计·程序化生成,PPT图标语义库·可改色形状,10_组织协同推进,建筑+多门象征部门划分（新增变体）,用于部门、组织（新增场景）,部门 / 组织 / Dept / 新增,"department, dept, add",40,10_组织协同推进,"已完成 (PowerPoint 原生 custGeom 形状, Shape Fill 直接改色)",原创设计 · 可商用 · 形状非 SVG · 单色 PowerPoint Shape
ORG-053,,部门·重点,DepartmentFeatured,原创设计·程序化生成,PPT图标语义库·可改色形状,10_组织协同推进,建筑+多门象征部门划分（重点变体）,用于部门、组织（重点场景）,部门 / 组织 / Dept / 重点,"department, dept, featured",40,10_组织协同推进,"已完成 (PowerPoint 原生 custGeom 形状, Shape Fill 直接改色)",原创设计 · 可商用 · 形状非 SVG · 单色 PowerPoint Shape
ORG-054,,部门·关怀,DepartmentCare,原创设计·程序化生成,PPT图标语义库·可改色形状,10_组织协同推进,建筑+多门象征部门划分（关怀变体）,用于部门、组织（关怀场景）,部门 / 组织 / Dept / 关怀,"department, dept, care",40,10_组织协同推进,"已完成 (PowerPoint 原生 custGeom 形状, Shape Fill 直接改色)",原创设计 · 可商用 · 形状非 SVG · 单色 PowerPoint Shape
ORG-055,,目标里程,MilestoneFlag,原创设计·程序化生成,PPT图标语义库·可改色形状,10_组织协同推进,旗帜象征里程目标,用于阶段目标,里程 / 旗帜 / 目标,"flag, milestone",40,10_组织协同推进,"已完成 (PowerPoint 原生 custGeom 形状, Shape Fill 直接改色)",原创设计 · 可商用 · 形状非 SVG · 单色 PowerPoint Shape
ORG-056,,目标里程·协同,MilestoneFlagWithPerson,原创设计·程序化生成,PPT图标语义库·可改色形状,10_组织协同推进,旗帜象征里程目标（协同变体）,用于阶段目标（协同场景）,里程 / 旗帜 / 目标 / 协同,"flag, milestone, withperson",40,10_组织协同推进,"已完成 (PowerPoint 原生 custGeom 形状, Shape Fill 直接改色)",原创设计 · 可商用 · 形状非 SVG · 单色 PowerPoint Shape
ORG-057,,目标里程·已验证,MilestoneFlagVerified,原创设计·程序化生成,PPT图标语义库·可改色形状,10_组织协同推进,旗帜象征里程目标（已验证变体）,用于阶段目标（已验证场景）,里程 / 旗帜 / 目标 / 已验证,"flag, milestone, verified",40,10_组织协同推进,"已完成 (PowerPoint 原生 custGeom 形状, Shape Fill 直接改色)",原创设计 · 可商用 · 形状非 SVG · 单色 PowerPoint Shape
ORG-058,,目标里程·新增,MilestoneFlagAdd,原创设计·程序化生成,PPT图标语义库·可改色形状,10_组织协同推进,旗帜象征里程目标（新增变体）,用于阶段目标（新增场景）,里程 / 旗帜 / 目标 / 新增,"flag, milestone, add",40,10_组织协同推进,"已完成 (PowerPoint 原生 custGeom 形状, Shape Fill 直接改色)",原创设计 · 可商用 · 形状非 SVG · 单色 PowerPoint Shape
ORG-059,,目标里程·重点,MilestoneFlagFeatured,原创设计·程序化生成,PPT图标语义库·可改色形状,10_组织协同推进,旗帜象征里程目标（重点变体）,用于阶段目标（重点场景）,里程 / 旗帜 / 目标 / 重点,"flag, milestone, featured",40,10_组织协同推进,"已完成 (PowerPoint 原生 custGeom 形状, Shape Fill 直接改色)",原创设计 · 可商用 · 形状非 SVG · 单色 PowerPoint Shape
ORG-060,,目标里程·关怀,MilestoneFlagCare,原创设计·程序化生成,PPT图标语义库·可改色形状,10_组织协同推进,旗帜象征里程目标（关怀变体）,用于阶段目标（关怀场景）,里程 / 旗帜 / 目标 / 关怀,"flag, milestone, care",40,10_组织协同推进,"已完成 (PowerPoint 原生 custGeom 形状, Shape Fill 直接改色)",原创设计 · 可商用 · 形状非 SVG · 单色 PowerPoint Shape
ORG-061,,每日站会,Standup,原创设计·程序化生成,PPT图标语义库·可改色形状,10_组织协同推进,三人并排站立,用于站会、晨会,站会 / 晨会 / 对齐,"standup, daily",40,10_组织协同推进,"已完成 (PowerPoint 原生 custGeom 形状, Shape Fill 直接改色)",原创设计 · 可商用 · 形状非 SVG · 单色 PowerPoint Shape
ORG-062,,每日站会·协同,StandupWithPerson,原创设计·程序化生成,PPT图标语义库·可改色形状,10_组织协同推进,三人并排站立（协同变体）,用于站会、晨会（协同场景）,站会 / 晨会 / 对齐 / 协同,"standup, daily, withperson",40,10_组织协同推进,"已完成 (PowerPoint 原生 custGeom 形状, Shape Fill 直接改色)",原创设计 · 可商用 · 形状非 SVG · 单色 PowerPoint Shape
ORG-063,,每日站会·已验证,StandupVerified,原创设计·程序化生成,PPT图标语义库·可改色形状,10_组织协同推进,三人并排站立（已验证变体）,用于站会、晨会（已验证场景）,站会 / 晨会 / 对齐 / 已验证,"standup, daily, verified",40,10_组织协同推进,"已完成 (PowerPoint 原生 custGeom 形状, Shape Fill 直接改色)",原创设计 · 可商用 · 形状非 SVG · 单色 PowerPoint Shape
ORG-064,,每日站会·新增,StandupAdd,原创设计·程序化生成,PPT图标语义库·可改色形状,10_组织协同推进,三人并排站立（新增变体）,用于站会、晨会（新增场景）,站会 / 晨会 / 对齐 / 新增,"standup, daily, add",40,10_组织协同推进,"已完成 (PowerPoint 原生 custGeom 形状, Shape Fill 直接改色)",原创设计 · 可商用 · 形状非 SVG · 单色 PowerPoint Shape
ORG-065,,每日站会·重点,StandupFeatured,原创设计·程序化生成,PPT图标语义库·可改色形状,10_组织协同推进,三人并排站立（重点变体）,用于站会、晨会（重点场景）,站会 / 晨会 / 对齐 / 重点,"standup, daily, featured",40,10_组织协同推进,"已完成 (PowerPoint 原生 custGeom 形状, Shape Fill 直接改色)",原创设计 · 可商用 · 形状非 SVG · 单色 PowerPoint Shape
ORG-066,,每日站会·关怀,StandupCare,原创设计·程序化生成,PPT图标语义库·可改色形状,10_组织协同推进,三人并排站立（关怀变体）,用于站会、晨会（关怀场景）,站会 / 晨会 / 对齐 / 关怀,"standup, daily, care",40,10_组织协同推进,"已完成 (PowerPoint 原生 custGeom 形状, Shape Fill 直接改色)",原创设计 · 可商用 · 形状非 SVG · 单色 PowerPoint Shape
ORG-067,,同步对齐,SyncMeeting,原创设计·程序化生成,PPT图标语义库·可改色形状,10_组织协同推进,两圆相交象征对齐,用于对齐、共识,对齐 / 同步 / 共识,"sync, align, consensus",40,10_组织协同推进,"已完成 (PowerPoint 原生 custGeom 形状, Shape Fill 直接改色)",原创设计 · 可商用 · 形状非 SVG · 单色 PowerPoint Shape
ORG-068,,同步对齐·协同,SyncMeetingWithPerson,原创设计·程序化生成,PPT图标语义库·可改色形状,10_组织协同推进,两圆相交象征对齐（协同变体）,用于对齐、共识（协同场景）,对齐 / 同步 / 共识 / 协同,"sync, align, consensus, withperson",40,10_组织协同推进,"已完成 (PowerPoint 原生 custGeom 形状, Shape Fill 直接改色)",原创设计 · 可商用 · 形状非 SVG · 单色 PowerPoint Shape
ORG-069,,同步对齐·已验证,SyncMeetingVerified,原创设计·程序化生成,PPT图标语义库·可改色形状,10_组织协同推进,两圆相交象征对齐（已验证变体）,用于对齐、共识（已验证场景）,对齐 / 同步 / 共识 / 已验证,"sync, align, consensus, verified",40,10_组织协同推进,"已完成 (PowerPoint 原生 custGeom 形状, Shape Fill 直接改色)",原创设计 · 可商用 · 形状非 SVG · 单色 PowerPoint Shape
ORG-070,,同步对齐·新增,SyncMeetingAdd,原创设计·程序化生成,PPT图标语义库·可改色形状,10_组织协同推进,两圆相交象征对齐（新增变体）,用于对齐、共识（新增场景）,对齐 / 同步 / 共识 / 新增,"sync, align, consensus, add",40,10_组织协同推进,"已完成 (PowerPoint 原生 custGeom 形状, Shape Fill 直接改色)",原创设计 · 可商用 · 形状非 SVG · 单色 PowerPoint Shape
ORG-071,,同步对齐·重点,SyncMeetingFeatured,原创设计·程序化生成,PPT图标语义库·可改色形状,10_组织协同推进,两圆相交象征对齐（重点变体）,用于对齐、共识（重点场景）,对齐 / 同步 / 共识 / 重点,"sync, align, consensus, featured",40,10_组织协同推进,"已完成 (PowerPoint 原生 custGeom 形状, Shape Fill 直接改色)",原创设计 · 可商用 · 形状非 SVG · 单色 PowerPoint Shape
ORG-072,,同步对齐·关怀,SyncMeetingCare,原创设计·程序化生成,PPT图标语义库·可改色形状,10_组织协同推进,两圆相交象征对齐（关怀变体）,用于对齐、共识（关怀场景）,对齐 / 同步 / 共识 / 关怀,"sync, align, consensus, care",40,10_组织协同推进,"已完成 (PowerPoint 原生 custGeom 形状, Shape Fill 直接改色)",原创设计 · 可商用 · 形状非 SVG · 单色 PowerPoint Shape
ORG-073,,工作组,WorkingGroup,原创设计·程序化生成,PPT图标语义库·可改色形状,10_组织协同推进,四人闭环象征专项组,用于专项、Tiger Team,专项组 / 工作组 / Tiger,"squad, tiger, task-force",40,10_组织协同推进,"已完成 (PowerPoint 原生 custGeom 形状, Shape Fill 直接改色)",原创设计 · 可商用 · 形状非 SVG · 单色 PowerPoint Shape
ORG-074,,工作组·协同,WorkingGroupWithPerson,原创设计·程序化生成,PPT图标语义库·可改色形状,10_组织协同推进,四人闭环象征专项组（协同变体）,用于专项、Tiger Team（协同场景）,专项组 / 工作组 / Tiger / 协同,"squad, tiger, task-force, withperson",40,10_组织协同推进,"已完成 (PowerPoint 原生 custGeom 形状, Shape Fill 直接改色)",原创设计 · 可商用 · 形状非 SVG · 单色 PowerPoint Shape
ORG-075,,工作组·已验证,WorkingGroupVerified,原创设计·程序化生成,PPT图标语义库·可改色形状,10_组织协同推进,四人闭环象征专项组（已验证变体）,用于专项、Tiger Team（已验证场景）,专项组 / 工作组 / Tiger / 已验证,"squad, tiger, task-force, verified",40,10_组织协同推进,"已完成 (PowerPoint 原生 custGeom 形状, Shape Fill 直接改色)",原创设计 · 可商用 · 形状非 SVG · 单色 PowerPoint Shape
ORG-076,,工作组·新增,WorkingGroupAdd,原创设计·程序化生成,PPT图标语义库·可改色形状,10_组织协同推进,四人闭环象征专项组（新增变体）,用于专项、Tiger Team（新增场景）,专项组 / 工作组 / Tiger / 新增,"squad, tiger, task-force, add",40,10_组织协同推进,"已完成 (PowerPoint 原生 custGeom 形状, Shape Fill 直接改色)",原创设计 · 可商用 · 形状非 SVG · 单色 PowerPoint Shape
ORG-077,,工作组·重点,WorkingGroupFeatured,原创设计·程序化生成,PPT图标语义库·可改色形状,10_组织协同推进,四人闭环象征专项组（重点变体）,用于专项、Tiger Team（重点场景）,专项组 / 工作组 / Tiger / 重点,"squad, tiger, task-force, featured",40,10_组织协同推进,"已完成 (PowerPoint 原生 custGeom 形状, Shape Fill 直接改色)",原创设计 · 可商用 · 形状非 SVG · 单色 PowerPoint Shape
ORG-078,,工作组·关怀,WorkingGroupCare,原创设计·程序化生成,PPT图标语义库·可改色形状,10_组织协同推进,四人闭环象征专项组（关怀变体）,用于专项、Tiger Team（关怀场景）,专项组 / 工作组 / Tiger / 关怀,"squad, tiger, task-force, care",40,10_组织协同推进,"已完成 (PowerPoint 原生 custGeom 形状, Shape Fill 直接改色)",原创设计 · 可商用 · 形状非 SVG · 单色 PowerPoint Shape
ORG-079,,目标对齐,Alignment,原创设计·程序化生成,PPT图标语义库·可改色形状,10_组织协同推进,三箭同向象征同向对齐,用于战略对齐,对齐 / 同向 / 战略,"align, strategy, direction",40,10_组织协同推进,"已完成 (PowerPoint 原生 custGeom 形状, Shape Fill 直接改色)",原创设计 · 可商用 · 形状非 SVG · 单色 PowerPoint Shape
ORG-080,,目标对齐·协同,AlignmentWithPerson,原创设计·程序化生成,PPT图标语义库·可改色形状,10_组织协同推进,三箭同向象征同向对齐（协同变体）,用于战略对齐（协同场景）,对齐 / 同向 / 战略 / 协同,"align, strategy, direction, withperson",40,10_组织协同推进,"已完成 (PowerPoint 原生 custGeom 形状, Shape Fill 直接改色)",原创设计 · 可商用 · 形状非 SVG · 单色 PowerPoint Shape
ORG-081,,目标对齐·已验证,AlignmentVerified,原创设计·程序化生成,PPT图标语义库·可改色形状,10_组织协同推进,三箭同向象征同向对齐（已验证变体）,用于战略对齐（已验证场景）,对齐 / 同向 / 战略 / 已验证,"align, strategy, direction, verified",41,10_组织协同推进,"已完成 (PowerPoint 原生 custGeom 形状, Shape Fill 直接改色)",原创设计 · 可商用 · 形状非 SVG · 单色 PowerPoint Shape
ORG-082,,目标对齐·新增,AlignmentAdd,原创设计·程序化生成,PPT图标语义库·可改色形状,10_组织协同推进,三箭同向象征同向对齐（新增变体）,用于战略对齐（新增场景）,对齐 / 同向 / 战略 / 新增,"align, strategy, direction, add",41,10_组织协同推进,"已完成 (PowerPoint 原生 custGeom 形状, Shape Fill 直接改色)",原创设计 · 可商用 · 形状非 SVG · 单色 PowerPoint Shape
ORG-083,,目标对齐·重点,AlignmentFeatured,原创设计·程序化生成,PPT图标语义库·可改色形状,10_组织协同推进,三箭同向象征同向对齐（重点变体）,用于战略对齐（重点场景）,对齐 / 同向 / 战略 / 重点,"align, strategy, direction, featured",41,10_组织协同推进,"已完成 (PowerPoint 原生 custGeom 形状, Shape Fill 直接改色)",原创设计 · 可商用 · 形状非 SVG · 单色 PowerPoint Shape
ALERT-001,,响铃预警,AlertBell,原创设计·程序化生成,PPT图标语义库·可改色形状,11_问题预警诊断,铃铛+震动象征报警,用于报警提醒,报警 / 提醒 / 铃铛,"alert, alarm, bell",43,11_问题预警诊断,"已完成 (PowerPoint 原生 custGeom 形状, Shape Fill 直接改色)",原创设计 · 可商用 · 形状非 SVG · 单色 PowerPoint Shape
ALERT-002,,响铃预警·预警,AlertBellAlert,原创设计·程序化生成,PPT图标语义库·可改色形状,11_问题预警诊断,铃铛+震动象征报警（预警变体）,用于报警提醒（预警场景）,报警 / 提醒 / 铃铛 / 预警,"alert, alarm, bell, alert",43,11_问题预警诊断,"已完成 (PowerPoint 原生 custGeom 形状, Shape Fill 直接改色)",原创设计 · 可商用 · 形状非 SVG · 单色 PowerPoint Shape
ALERT-003,,响铃预警·失效,AlertBellRejected,原创设计·程序化生成,PPT图标语义库·可改色形状,11_问题预警诊断,铃铛+震动象征报警（失效变体）,用于报警提醒（失效场景）,报警 / 提醒 / 铃铛 / 失效,"alert, alarm, bell, rejected",43,11_问题预警诊断,"已完成 (PowerPoint 原生 custGeom 形状, Shape Fill 直接改色)",原创设计 · 可商用 · 形状非 SVG · 单色 PowerPoint Shape
ALERT-004,,响铃预警·洞察,AlertBellInsight,原创设计·程序化生成,PPT图标语义库·可改色形状,11_问题预警诊断,铃铛+震动象征报警（洞察变体）,用于报警提醒（洞察场景）,报警 / 提醒 / 铃铛 / 洞察,"alert, alarm, bell, insight",43,11_问题预警诊断,"已完成 (PowerPoint 原生 custGeom 形状, Shape Fill 直接改色)",原创设计 · 可商用 · 形状非 SVG · 单色 PowerPoint Shape
ALERT-005,,响铃预警·定时,AlertBellScheduled,原创设计·程序化生成,PPT图标语义库·可改色形状,11_问题预警诊断,铃铛+震动象征报警（定时变体）,用于报警提醒（定时场景）,报警 / 提醒 / 铃铛 / 定时,"alert, alarm, bell, scheduled",43,11_问题预警诊断,"已完成 (PowerPoint 原生 custGeom 形状, Shape Fill 直接改色)",原创设计 · 可商用 · 形状非 SVG · 单色 PowerPoint Shape
ALERT-006,,响铃预警·同步,AlertBellSync,原创设计·程序化生成,PPT图标语义库·可改色形状,11_问题预警诊断,铃铛+震动象征报警（同步变体）,用于报警提醒（同步场景）,报警 / 提醒 / 铃铛 / 同步,"alert, alarm, bell, sync",43,11_问题预警诊断,"已完成 (PowerPoint 原生 custGeom 形状, Shape Fill 直接改色)",原创设计 · 可商用 · 形状非 SVG · 单色 PowerPoint Shape
ALERT-007,,警告三角,WarnTriangle,原创设计·程序化生成,PPT图标语义库·可改色形状,11_问题预警诊断,三角!象征预警,用于通用预警,预警 / 警告 / 三角,"warn, warning, alert",43,11_问题预警诊断,"已完成 (PowerPoint 原生 custGeom 形状, Shape Fill 直接改色)",原创设计 · 可商用 · 形状非 SVG · 单色 PowerPoint Shape
ALERT-008,,警告三角·预警,WarnTriangleAlert,原创设计·程序化生成,PPT图标语义库·可改色形状,11_问题预警诊断,三角!象征预警（预警变体）,用于通用预警（预警场景）,预警 / 警告 / 三角 / 预警,"warn, warning, alert, alert",43,11_问题预警诊断,"已完成 (PowerPoint 原生 custGeom 形状, Shape Fill 直接改色)",原创设计 · 可商用 · 形状非 SVG · 单色 PowerPoint Shape
ALERT-009,,警告三角·失效,WarnTriangleRejected,原创设计·程序化生成,PPT图标语义库·可改色形状,11_问题预警诊断,三角!象征预警（失效变体）,用于通用预警（失效场景）,预警 / 警告 / 三角 / 失效,"warn, warning, alert, rejected",43,11_问题预警诊断,"已完成 (PowerPoint 原生 custGeom 形状, Shape Fill 直接改色)",原创设计 · 可商用 · 形状非 SVG · 单色 PowerPoint Shape
ALERT-010,,警告三角·洞察,WarnTriangleInsight,原创设计·程序化生成,PPT图标语义库·可改色形状,11_问题预警诊断,三角!象征预警（洞察变体）,用于通用预警（洞察场景）,预警 / 警告 / 三角 / 洞察,"warn, warning, alert, insight",43,11_问题预警诊断,"已完成 (PowerPoint 原生 custGeom 形状, Shape Fill 直接改色)",原创设计 · 可商用 · 形状非 SVG · 单色 PowerPoint Shape
ALERT-011,,警告三角·定时,WarnTriangleScheduled,原创设计·程序化生成,PPT图标语义库·可改色形状,11_问题预警诊断,三角!象征预警（定时变体）,用于通用预警（定时场景）,预警 / 警告 / 三角 / 定时,"warn, warning, alert, scheduled",43,11_问题预警诊断,"已完成 (PowerPoint 原生 custGeom 形状, Shape Fill 直接改色)",原创设计 · 可商用 · 形状非 SVG · 单色 PowerPoint Shape
ALERT-012,,警告三角·同步,WarnTriangleSync,原创设计·程序化生成,PPT图标语义库·可改色形状,11_问题预警诊断,三角!象征预警（同步变体）,用于通用预警（同步场景）,预警 / 警告 / 三角 / 同步,"warn, warning, alert, sync",43,11_问题预警诊断,"已完成 (PowerPoint 原生 custGeom 形状, Shape Fill 直接改色)",原创设计 · 可商用 · 形状非 SVG · 单色 PowerPoint Shape
ALERT-013,,故障闪电,FaultLightning,原创设计·程序化生成,PPT图标语义库·可改色形状,11_问题预警诊断,闪电象征突发故障,用于宕机、突发故障,故障 / 宕机 / 闪电,"fault, down, outage",43,11_问题预警诊断,"已完成 (PowerPoint 原生 custGeom 形状, Shape Fill 直接改色)",原创设计 · 可商用 · 形状非 SVG · 单色 PowerPoint Shape
ALERT-014,,故障闪电·预警,FaultLightningAlert,原创设计·程序化生成,PPT图标语义库·可改色形状,11_问题预警诊断,闪电象征突发故障（预警变体）,用于宕机、突发故障（预警场景）,故障 / 宕机 / 闪电 / 预警,"fault, down, outage, alert",43,11_问题预警诊断,"已完成 (PowerPoint 原生 custGeom 形状, Shape Fill 直接改色)",原创设计 · 可商用 · 形状非 SVG · 单色 PowerPoint Shape
ALERT-015,,故障闪电·失效,FaultLightningRejected,原创设计·程序化生成,PPT图标语义库·可改色形状,11_问题预警诊断,闪电象征突发故障（失效变体）,用于宕机、突发故障（失效场景）,故障 / 宕机 / 闪电 / 失效,"fault, down, outage, rejected",43,11_问题预警诊断,"已完成 (PowerPoint 原生 custGeom 形状, Shape Fill 直接改色)",原创设计 · 可商用 · 形状非 SVG · 单色 PowerPoint Shape
ALERT-016,,故障闪电·洞察,FaultLightningInsight,原创设计·程序化生成,PPT图标语义库·可改色形状,11_问题预警诊断,闪电象征突发故障（洞察变体）,用于宕机、突发故障（洞察场景）,故障 / 宕机 / 闪电 / 洞察,"fault, down, outage, insight",43,11_问题预警诊断,"已完成 (PowerPoint 原生 custGeom 形状, Shape Fill 直接改色)",原创设计 · 可商用 · 形状非 SVG · 单色 PowerPoint Shape
ALERT-017,,故障闪电·定时,FaultLightningScheduled,原创设计·程序化生成,PPT图标语义库·可改色形状,11_问题预警诊断,闪电象征突发故障（定时变体）,用于宕机、突发故障（定时场景）,故障 / 宕机 / 闪电 / 定时,"fault, down, outage, scheduled",43,11_问题预警诊断,"已完成 (PowerPoint 原生 custGeom 形状, Shape Fill 直接改色)",原创设计 · 可商用 · 形状非 SVG · 单色 PowerPoint Shape
ALERT-018,,故障闪电·同步,FaultLightningSync,原创设计·程序化生成,PPT图标语义库·可改色形状,11_问题预警诊断,闪电象征突发故障（同步变体）,用于宕机、突发故障（同步场景）,故障 / 宕机 / 闪电 / 同步,"fault, down, outage, sync",43,11_问题预警诊断,"已完成 (PowerPoint 原生 custGeom 形状, Shape Fill 直接改色)",原创设计 · 可商用 · 形状非 SVG · 单色 PowerPoint Shape
ALERT-019,,根因分析,RootCause,原创设计·程序化生成,PPT图标语义库·可改色形状,11_问题预警诊断,树状分支象征根因下钻,用于根因分析、5Why,根因 / 下钻 / 5Why,"root-cause, rca, 5why",43,11_问题预警诊断,"已完成 (PowerPoint 原生 custGeom 形状, Shape Fill 直接改色)",原创设计 · 可商用 · 形状非 SVG · 单色 PowerPoint Shape
ALERT-020,,根因分析·预警,RootCauseAlert,原创设计·程序化生成,PPT图标语义库·可改色形状,11_问题预警诊断,树状分支象征根因下钻（预警变体）,用于根因分析、5Why（预警场景）,根因 / 下钻 / 5Why / 预警,"root-cause, rca, 5why, alert",43,11_问题预警诊断,"已完成 (PowerPoint 原生 custGeom 形状, Shape Fill 直接改色)",原创设计 · 可商用 · 形状非 SVG · 单色 PowerPoint Shape
ALERT-021,,根因分析·失效,RootCauseRejected,原创设计·程序化生成,PPT图标语义库·可改色形状,11_问题预警诊断,树状分支象征根因下钻（失效变体）,用于根因分析、5Why（失效场景）,根因 / 下钻 / 5Why / 失效,"root-cause, rca, 5why, rejected",43,11_问题预警诊断,"已完成 (PowerPoint 原生 custGeom 形状, Shape Fill 直接改色)",原创设计 · 可商用 · 形状非 SVG · 单色 PowerPoint Shape
ALERT-022,,根因分析·洞察,RootCauseInsight,原创设计·程序化生成,PPT图标语义库·可改色形状,11_问题预警诊断,树状分支象征根因下钻（洞察变体）,用于根因分析、5Why（洞察场景）,根因 / 下钻 / 5Why / 洞察,"root-cause, rca, 5why, insight",43,11_问题预警诊断,"已完成 (PowerPoint 原生 custGeom 形状, Shape Fill 直接改色)",原创设计 · 可商用 · 形状非 SVG · 单色 PowerPoint Shape
ALERT-023,,根因分析·定时,RootCauseScheduled,原创设计·程序化生成,PPT图标语义库·可改色形状,11_问题预警诊断,树状分支象征根因下钻（定时变体）,用于根因分析、5Why（定时场景）,根因 / 下钻 / 5Why / 定时,"root-cause, rca, 5why, scheduled",43,11_问题预警诊断,"已完成 (PowerPoint 原生 custGeom 形状, Shape Fill 直接改色)",原创设计 · 可商用 · 形状非 SVG · 单色 PowerPoint Shape
ALERT-024,,根因分析·同步,RootCauseSync,原创设计·程序化生成,PPT图标语义库·可改色形状,11_问题预警诊断,树状分支象征根因下钻（同步变体）,用于根因分析、5Why（同步场景）,根因 / 下钻 / 5Why / 同步,"root-cause, rca, 5why, sync",43,11_问题预警诊断,"已完成 (PowerPoint 原生 custGeom 形状, Shape Fill 直接改色)",原创设计 · 可商用 · 形状非 SVG · 单色 PowerPoint Shape
ALERT-025,,诊断,Stethoscope,原创设计·程序化生成,PPT图标语义库·可改色形状,11_问题预警诊断,听诊器象征诊断,用于系统体检、诊断,诊断 / 体检 / 听诊,"diagnose, stethoscope, health",43,11_问题预警诊断,"已完成 (PowerPoint 原生 custGeom 形状, Shape Fill 直接改色)",原创设计 · 可商用 · 形状非 SVG · 单色 PowerPoint Shape
ALERT-026,,诊断·预警,StethoscopeAlert,原创设计·程序化生成,PPT图标语义库·可改色形状,11_问题预警诊断,听诊器象征诊断（预警变体）,用于系统体检、诊断（预警场景）,诊断 / 体检 / 听诊 / 预警,"diagnose, stethoscope, health, alert",43,11_问题预警诊断,"已完成 (PowerPoint 原生 custGeom 形状, Shape Fill 直接改色)",原创设计 · 可商用 · 形状非 SVG · 单色 PowerPoint Shape
ALERT-027,,诊断·失效,StethoscopeRejected,原创设计·程序化生成,PPT图标语义库·可改色形状,11_问题预警诊断,听诊器象征诊断（失效变体）,用于系统体检、诊断（失效场景）,诊断 / 体检 / 听诊 / 失效,"diagnose, stethoscope, health, rejected",43,11_问题预警诊断,"已完成 (PowerPoint 原生 custGeom 形状, Shape Fill 直接改色)",原创设计 · 可商用 · 形状非 SVG · 单色 PowerPoint Shape
ALERT-028,,诊断·洞察,StethoscopeInsight,原创设计·程序化生成,PPT图标语义库·可改色形状,11_问题预警诊断,听诊器象征诊断（洞察变体）,用于系统体检、诊断（洞察场景）,诊断 / 体检 / 听诊 / 洞察,"diagnose, stethoscope, health, insight",43,11_问题预警诊断,"已完成 (PowerPoint 原生 custGeom 形状, Shape Fill 直接改色)",原创设计 · 可商用 · 形状非 SVG · 单色 PowerPoint Shape
ALERT-029,,诊断·定时,StethoscopeScheduled,原创设计·程序化生成,PPT图标语义库·可改色形状,11_问题预警诊断,听诊器象征诊断（定时变体）,用于系统体检、诊断（定时场景）,诊断 / 体检 / 听诊 / 定时,"diagnose, stethoscope, health, scheduled",43,11_问题预警诊断,"已完成 (PowerPoint 原生 custGeom 形状, Shape Fill 直接改色)",原创设计 · 可商用 · 形状非 SVG · 单色 PowerPoint Shape
ALERT-030,,诊断·同步,StethoscopeSync,原创设计·程序化生成,PPT图标语义库·可改色形状,11_问题预警诊断,听诊器象征诊断（同步变体）,用于系统体检、诊断（同步场景）,诊断 / 体检 / 听诊 / 同步,"diagnose, stethoscope, health, sync",43,11_问题预警诊断,"已完成 (PowerPoint 原生 custGeom 形状, Shape Fill 直接改色)",原创设计 · 可商用 · 形状非 SVG · 单色 PowerPoint Shape
ALERT-031,,缺陷,Bug,原创设计·程序化生成,PPT图标语义库·可改色形状,11_问题预警诊断,甲虫象征缺陷,用于Bug、缺陷,Bug / 缺陷 / 故障,"bug, defect, issue",43,11_问题预警诊断,"已完成 (PowerPoint 原生 custGeom 形状, Shape Fill 直接改色)",原创设计 · 可商用 · 形状非 SVG · 单色 PowerPoint Shape
ALERT-032,,缺陷·预警,BugAlert,原创设计·程序化生成,PPT图标语义库·可改色形状,11_问题预警诊断,甲虫象征缺陷（预警变体）,用于Bug、缺陷（预警场景）,Bug / 缺陷 / 故障 / 预警,"bug, defect, issue, alert",43,11_问题预警诊断,"已完成 (PowerPoint 原生 custGeom 形状, Shape Fill 直接改色)",原创设计 · 可商用 · 形状非 SVG · 单色 PowerPoint Shape
ALERT-033,,缺陷·失效,BugRejected,原创设计·程序化生成,PPT图标语义库·可改色形状,11_问题预警诊断,甲虫象征缺陷（失效变体）,用于Bug、缺陷（失效场景）,Bug / 缺陷 / 故障 / 失效,"bug, defect, issue, rejected",43,11_问题预警诊断,"已完成 (PowerPoint 原生 custGeom 形状, Shape Fill 直接改色)",原创设计 · 可商用 · 形状非 SVG · 单色 PowerPoint Shape
ALERT-034,,缺陷·洞察,BugInsight,原创设计·程序化生成,PPT图标语义库·可改色形状,11_问题预警诊断,甲虫象征缺陷（洞察变体）,用于Bug、缺陷（洞察场景）,Bug / 缺陷 / 故障 / 洞察,"bug, defect, issue, insight",43,11_问题预警诊断,"已完成 (PowerPoint 原生 custGeom 形状, Shape Fill 直接改色)",原创设计 · 可商用 · 形状非 SVG · 单色 PowerPoint Shape
ALERT-035,,缺陷·定时,BugScheduled,原创设计·程序化生成,PPT图标语义库·可改色形状,11_问题预警诊断,甲虫象征缺陷（定时变体）,用于Bug、缺陷（定时场景）,Bug / 缺陷 / 故障 / 定时,"bug, defect, issue, scheduled",43,11_问题预警诊断,"已完成 (PowerPoint 原生 custGeom 形状, Shape Fill 直接改色)",原创设计 · 可商用 · 形状非 SVG · 单色 PowerPoint Shape
ALERT-036,,缺陷·同步,BugSync,原创设计·程序化生成,PPT图标语义库·可改色形状,11_问题预警诊断,甲虫象征缺陷（同步变体）,用于Bug、缺陷（同步场景）,Bug / 缺陷 / 故障 / 同步,"bug, defect, issue, sync",43,11_问题预警诊断,"已完成 (PowerPoint 原生 custGeom 形状, Shape Fill 直接改色)",原创设计 · 可商用 · 形状非 SVG · 单色 PowerPoint Shape
ALERT-037,,SLA超时,SlaBreach,原创设计·程序化生成,PPT图标语义库·可改色形状,11_问题预警诊断,时钟+X象征SLA违约,用于超时、违约,SLA / 超时 / 违约,"sla, breach, overdue",43,11_问题预警诊断,"已完成 (PowerPoint 原生 custGeom 形状, Shape Fill 直接改色)",原创设计 · 可商用 · 形状非 SVG · 单色 PowerPoint Shape
ALERT-038,,SLA超时·预警,SlaBreachAlert,原创设计·程序化生成,PPT图标语义库·可改色形状,11_问题预警诊断,时钟+X象征SLA违约（预警变体）,用于超时、违约（预警场景）,SLA / 超时 / 违约 / 预警,"sla, breach, overdue, alert",43,11_问题预警诊断,"已完成 (PowerPoint 原生 custGeom 形状, Shape Fill 直接改色)",原创设计 · 可商用 · 形状非 SVG · 单色 PowerPoint Shape
ALERT-039,,SLA超时·失效,SlaBreachRejected,原创设计·程序化生成,PPT图标语义库·可改色形状,11_问题预警诊断,时钟+X象征SLA违约（失效变体）,用于超时、违约（失效场景）,SLA / 超时 / 违约 / 失效,"sla, breach, overdue, rejected",43,11_问题预警诊断,"已完成 (PowerPoint 原生 custGeom 形状, Shape Fill 直接改色)",原创设计 · 可商用 · 形状非 SVG · 单色 PowerPoint Shape
ALERT-040,,SLA超时·洞察,SlaBreachInsight,原创设计·程序化生成,PPT图标语义库·可改色形状,11_问题预警诊断,时钟+X象征SLA违约（洞察变体）,用于超时、违约（洞察场景）,SLA / 超时 / 违约 / 洞察,"sla, breach, overdue, insight",43,11_问题预警诊断,"已完成 (PowerPoint 原生 custGeom 形状, Shape Fill 直接改色)",原创设计 · 可商用 · 形状非 SVG · 单色 PowerPoint Shape
ALERT-041,,SLA超时·定时,SlaBreachScheduled,原创设计·程序化生成,PPT图标语义库·可改色形状,11_问题预警诊断,时钟+X象征SLA违约（定时变体）,用于超时、违约（定时场景）,SLA / 超时 / 违约 / 定时,"sla, breach, overdue, scheduled",44,11_问题预警诊断,"已完成 (PowerPoint 原生 custGeom 形状, Shape Fill 直接改色)",原创设计 · 可商用 · 形状非 SVG · 单色 PowerPoint Shape
ALERT-042,,SLA超时·同步,SlaBreachSync,原创设计·程序化生成,PPT图标语义库·可改色形状,11_问题预警诊断,时钟+X象征SLA违约（同步变体）,用于超时、违约（同步场景）,SLA / 超时 / 违约 / 同步,"sla, breach, overdue, sync",44,11_问题预警诊断,"已完成 (PowerPoint 原生 custGeom 形状, Shape Fill 直接改色)",原创设计 · 可商用 · 形状非 SVG · 单色 PowerPoint Shape
ALERT-043,,升级,Escalate,原创设计·程序化生成,PPT图标语义库·可改色形状,11_问题预警诊断,向上箭头+sparkle,用于工单升级,升级 / Escalate / 上报,"escalate, raise",44,11_问题预警诊断,"已完成 (PowerPoint 原生 custGeom 形状, Shape Fill 直接改色)",原创设计 · 可商用 · 形状非 SVG · 单色 PowerPoint Shape
ALERT-044,,升级·预警,EscalateAlert,原创设计·程序化生成,PPT图标语义库·可改色形状,11_问题预警诊断,向上箭头+sparkle（预警变体）,用于工单升级（预警场景）,升级 / Escalate / 上报 / 预警,"escalate, raise, alert",44,11_问题预警诊断,"已完成 (PowerPoint 原生 custGeom 形状, Shape Fill 直接改色)",原创设计 · 可商用 · 形状非 SVG · 单色 PowerPoint Shape
ALERT-045,,升级·失效,EscalateRejected,原创设计·程序化生成,PPT图标语义库·可改色形状,11_问题预警诊断,向上箭头+sparkle（失效变体）,用于工单升级（失效场景）,升级 / Escalate / 上报 / 失效,"escalate, raise, rejected",44,11_问题预警诊断,"已完成 (PowerPoint 原生 custGeom 形状, Shape Fill 直接改色)",原创设计 · 可商用 · 形状非 SVG · 单色 PowerPoint Shape
ALERT-046,,升级·洞察,EscalateInsight,原创设计·程序化生成,PPT图标语义库·可改色形状,11_问题预警诊断,向上箭头+sparkle（洞察变体）,用于工单升级（洞察场景）,升级 / Escalate / 上报 / 洞察,"escalate, raise, insight",44,11_问题预警诊断,"已完成 (PowerPoint 原生 custGeom 形状, Shape Fill 直接改色)",原创设计 · 可商用 · 形状非 SVG · 单色 PowerPoint Shape
ALERT-047,,升级·定时,EscalateScheduled,原创设计·程序化生成,PPT图标语义库·可改色形状,11_问题预警诊断,向上箭头+sparkle（定时变体）,用于工单升级（定时场景）,升级 / Escalate / 上报 / 定时,"escalate, raise, scheduled",44,11_问题预警诊断,"已完成 (PowerPoint 原生 custGeom 形状, Shape Fill 直接改色)",原创设计 · 可商用 · 形状非 SVG · 单色 PowerPoint Shape
ALERT-048,,升级·同步,EscalateSync,原创设计·程序化生成,PPT图标语义库·可改色形状,11_问题预警诊断,向上箭头+sparkle（同步变体）,用于工单升级（同步场景）,升级 / Escalate / 上报 / 同步,"escalate, raise, sync",44,11_问题预警诊断,"已完成 (PowerPoint 原生 custGeom 形状, Shape Fill 直接改色)",原创设计 · 可商用 · 形状非 SVG · 单色 PowerPoint Shape
ALERT-049,,宕机,Downtime,原创设计·程序化生成,PPT图标语义库·可改色形状,11_问题预警诊断,屏幕+X象征服务宕机,用于宕机、停机,宕机 / 停机 / Down,"downtime, outage, down",44,11_问题预警诊断,"已完成 (PowerPoint 原生 custGeom 形状, Shape Fill 直接改色)",原创设计 · 可商用 · 形状非 SVG · 单色 PowerPoint Shape
ALERT-050,,宕机·预警,DowntimeAlert,原创设计·程序化生成,PPT图标语义库·可改色形状,11_问题预警诊断,屏幕+X象征服务宕机（预警变体）,用于宕机、停机（预警场景）,宕机 / 停机 / Down / 预警,"downtime, outage, down, alert",44,11_问题预警诊断,"已完成 (PowerPoint 原生 custGeom 形状, Shape Fill 直接改色)",原创设计 · 可商用 · 形状非 SVG · 单色 PowerPoint Shape
ALERT-051,,宕机·失效,DowntimeRejected,原创设计·程序化生成,PPT图标语义库·可改色形状,11_问题预警诊断,屏幕+X象征服务宕机（失效变体）,用于宕机、停机（失效场景）,宕机 / 停机 / Down / 失效,"downtime, outage, down, rejected",44,11_问题预警诊断,"已完成 (PowerPoint 原生 custGeom 形状, Shape Fill 直接改色)",原创设计 · 可商用 · 形状非 SVG · 单色 PowerPoint Shape
ALERT-052,,宕机·洞察,DowntimeInsight,原创设计·程序化生成,PPT图标语义库·可改色形状,11_问题预警诊断,屏幕+X象征服务宕机（洞察变体）,用于宕机、停机（洞察场景）,宕机 / 停机 / Down / 洞察,"downtime, outage, down, insight",44,11_问题预警诊断,"已完成 (PowerPoint 原生 custGeom 形状, Shape Fill 直接改色)",原创设计 · 可商用 · 形状非 SVG · 单色 PowerPoint Shape
ALERT-053,,宕机·定时,DowntimeScheduled,原创设计·程序化生成,PPT图标语义库·可改色形状,11_问题预警诊断,屏幕+X象征服务宕机（定时变体）,用于宕机、停机（定时场景）,宕机 / 停机 / Down / 定时,"downtime, outage, down, scheduled",44,11_问题预警诊断,"已完成 (PowerPoint 原生 custGeom 形状, Shape Fill 直接改色)",原创设计 · 可商用 · 形状非 SVG · 单色 PowerPoint Shape
ALERT-054,,宕机·同步,DowntimeSync,原创设计·程序化生成,PPT图标语义库·可改色形状,11_问题预警诊断,屏幕+X象征服务宕机（同步变体）,用于宕机、停机（同步场景）,宕机 / 停机 / Down / 同步,"downtime, outage, down, sync",44,11_问题预警诊断,"已完成 (PowerPoint 原生 custGeom 形状, Shape Fill 直接改色)",原创设计 · 可商用 · 形状非 SVG · 单色 PowerPoint Shape
ALERT-055,,高优级别,Severity,原创设计·程序化生成,PPT图标语义库·可改色形状,11_问题预警诊断,圆+三角+!象征严重等级,用于P0/P1故障,严重 / 高优 / P0,"severity, p0, critical",44,11_问题预警诊断,"已完成 (PowerPoint 原生 custGeom 形状, Shape Fill 直接改色)",原创设计 · 可商用 · 形状非 SVG · 单色 PowerPoint Shape
ALERT-056,,高优级别·预警,SeverityAlert,原创设计·程序化生成,PPT图标语义库·可改色形状,11_问题预警诊断,圆+三角+!象征严重等级（预警变体）,用于P0/P1故障（预警场景）,严重 / 高优 / P0 / 预警,"severity, p0, critical, alert",44,11_问题预警诊断,"已完成 (PowerPoint 原生 custGeom 形状, Shape Fill 直接改色)",原创设计 · 可商用 · 形状非 SVG · 单色 PowerPoint Shape
ALERT-057,,高优级别·失效,SeverityRejected,原创设计·程序化生成,PPT图标语义库·可改色形状,11_问题预警诊断,圆+三角+!象征严重等级（失效变体）,用于P0/P1故障（失效场景）,严重 / 高优 / P0 / 失效,"severity, p0, critical, rejected",44,11_问题预警诊断,"已完成 (PowerPoint 原生 custGeom 形状, Shape Fill 直接改色)",原创设计 · 可商用 · 形状非 SVG · 单色 PowerPoint Shape
ALERT-058,,高优级别·洞察,SeverityInsight,原创设计·程序化生成,PPT图标语义库·可改色形状,11_问题预警诊断,圆+三角+!象征严重等级（洞察变体）,用于P0/P1故障（洞察场景）,严重 / 高优 / P0 / 洞察,"severity, p0, critical, insight",44,11_问题预警诊断,"已完成 (PowerPoint 原生 custGeom 形状, Shape Fill 直接改色)",原创设计 · 可商用 · 形状非 SVG · 单色 PowerPoint Shape
ALERT-059,,高优级别·定时,SeverityScheduled,原创设计·程序化生成,PPT图标语义库·可改色形状,11_问题预警诊断,圆+三角+!象征严重等级（定时变体）,用于P0/P1故障（定时场景）,严重 / 高优 / P0 / 定时,"severity, p0, critical, scheduled",44,11_问题预警诊断,"已完成 (PowerPoint 原生 custGeom 形状, Shape Fill 直接改色)",原创设计 · 可商用 · 形状非 SVG · 单色 PowerPoint Shape
ALERT-060,,高优级别·同步,SeveritySync,原创设计·程序化生成,PPT图标语义库·可改色形状,11_问题预警诊断,圆+三角+!象征严重等级（同步变体）,用于P0/P1故障（同步场景）,严重 / 高优 / P0 / 同步,"severity, p0, critical, sync",44,11_问题预警诊断,"已完成 (PowerPoint 原生 custGeom 形状, Shape Fill 直接改色)",原创设计 · 可商用 · 形状非 SVG · 单色 PowerPoint Shape
ALERT-061,,积压,QueuePile,原创设计·程序化生成,PPT图标语义库·可改色形状,11_问题预警诊断,堆积层象征积压,用于排队、积压,积压 / 队列 / Pile,"queue, backlog, pile",44,11_问题预警诊断,"已完成 (PowerPoint 原生 custGeom 形状, Shape Fill 直接改色)",原创设计 · 可商用 · 形状非 SVG · 单色 PowerPoint Shape
ALERT-062,,积压·预警,QueuePileAlert,原创设计·程序化生成,PPT图标语义库·可改色形状,11_问题预警诊断,堆积层象征积压（预警变体）,用于排队、积压（预警场景）,积压 / 队列 / Pile / 预警,"queue, backlog, pile, alert",44,11_问题预警诊断,"已完成 (PowerPoint 原生 custGeom 形状, Shape Fill 直接改色)",原创设计 · 可商用 · 形状非 SVG · 单色 PowerPoint Shape
ALERT-063,,积压·失效,QueuePileRejected,原创设计·程序化生成,PPT图标语义库·可改色形状,11_问题预警诊断,堆积层象征积压（失效变体）,用于排队、积压（失效场景）,积压 / 队列 / Pile / 失效,"queue, backlog, pile, rejected",44,11_问题预警诊断,"已完成 (PowerPoint 原生 custGeom 形状, Shape Fill 直接改色)",原创设计 · 可商用 · 形状非 SVG · 单色 PowerPoint Shape
ALERT-064,,积压·洞察,QueuePileInsight,原创设计·程序化生成,PPT图标语义库·可改色形状,11_问题预警诊断,堆积层象征积压（洞察变体）,用于排队、积压（洞察场景）,积压 / 队列 / Pile / 洞察,"queue, backlog, pile, insight",44,11_问题预警诊断,"已完成 (PowerPoint 原生 custGeom 形状, Shape Fill 直接改色)",原创设计 · 可商用 · 形状非 SVG · 单色 PowerPoint Shape
ALERT-065,,积压·定时,QueuePileScheduled,原创设计·程序化生成,PPT图标语义库·可改色形状,11_问题预警诊断,堆积层象征积压（定时变体）,用于排队、积压（定时场景）,积压 / 队列 / Pile / 定时,"queue, backlog, pile, scheduled",44,11_问题预警诊断,"已完成 (PowerPoint 原生 custGeom 形状, Shape Fill 直接改色)",原创设计 · 可商用 · 形状非 SVG · 单色 PowerPoint Shape
ALERT-066,,积压·同步,QueuePileSync,原创设计·程序化生成,PPT图标语义库·可改色形状,11_问题预警诊断,堆积层象征积压（同步变体）,用于排队、积压（同步场景）,积压 / 队列 / Pile / 同步,"queue, backlog, pile, sync",44,11_问题预警诊断,"已完成 (PowerPoint 原生 custGeom 形状, Shape Fill 直接改色)",原创设计 · 可商用 · 形状非 SVG · 单色 PowerPoint Shape
ALERT-067,,阻塞,Block,原创设计·程序化生成,PPT图标语义库·可改色形状,11_问题预警诊断,禁止符象征阻塞,用于Blocker,阻塞 / 禁止 / Blocker,"block, blocker",44,11_问题预警诊断,"已完成 (PowerPoint 原生 custGeom 形状, Shape Fill 直接改色)",原创设计 · 可商用 · 形状非 SVG · 单色 PowerPoint Shape
ALERT-068,,阻塞·预警,BlockAlert,原创设计·程序化生成,PPT图标语义库·可改色形状,11_问题预警诊断,禁止符象征阻塞（预警变体）,用于Blocker（预警场景）,阻塞 / 禁止 / Blocker / 预警,"block, blocker, alert",44,11_问题预警诊断,"已完成 (PowerPoint 原生 custGeom 形状, Shape Fill 直接改色)",原创设计 · 可商用 · 形状非 SVG · 单色 PowerPoint Shape
ALERT-069,,阻塞·失效,BlockRejected,原创设计·程序化生成,PPT图标语义库·可改色形状,11_问题预警诊断,禁止符象征阻塞（失效变体）,用于Blocker（失效场景）,阻塞 / 禁止 / Blocker / 失效,"block, blocker, rejected",44,11_问题预警诊断,"已完成 (PowerPoint 原生 custGeom 形状, Shape Fill 直接改色)",原创设计 · 可商用 · 形状非 SVG · 单色 PowerPoint Shape
ALERT-070,,阻塞·洞察,BlockInsight,原创设计·程序化生成,PPT图标语义库·可改色形状,11_问题预警诊断,禁止符象征阻塞（洞察变体）,用于Blocker（洞察场景）,阻塞 / 禁止 / Blocker / 洞察,"block, blocker, insight",44,11_问题预警诊断,"已完成 (PowerPoint 原生 custGeom 形状, Shape Fill 直接改色)",原创设计 · 可商用 · 形状非 SVG · 单色 PowerPoint Shape
ALERT-071,,阻塞·定时,BlockScheduled,原创设计·程序化生成,PPT图标语义库·可改色形状,11_问题预警诊断,禁止符象征阻塞（定时变体）,用于Blocker（定时场景）,阻塞 / 禁止 / Blocker / 定时,"block, blocker, scheduled",44,11_问题预警诊断,"已完成 (PowerPoint 原生 custGeom 形状, Shape Fill 直接改色)",原创设计 · 可商用 · 形状非 SVG · 单色 PowerPoint Shape
ALERT-072,,阻塞·同步,BlockSync,原创设计·程序化生成,PPT图标语义库·可改色形状,11_问题预警诊断,禁止符象征阻塞（同步变体）,用于Blocker（同步场景）,阻塞 / 禁止 / Blocker / 同步,"block, blocker, sync",44,11_问题预警诊断,"已完成 (PowerPoint 原生 custGeom 形状, Shape Fill 直接改色)",原创设计 · 可商用 · 形状非 SVG · 单色 PowerPoint Shape
ALERT-073,,异常尖峰,AbnormalSpike,原创设计·程序化生成,PPT图标语义库·可改色形状,11_问题预警诊断,尖峰曲线象征异常波动,用于异常监测、突刺,异常 / 尖峰 / 突刺,"spike, anomaly, outlier",44,11_问题预警诊断,"已完成 (PowerPoint 原生 custGeom 形状, Shape Fill 直接改色)",原创设计 · 可商用 · 形状非 SVG · 单色 PowerPoint Shape
ALERT-074,,异常尖峰·预警,AbnormalSpikeAlert,原创设计·程序化生成,PPT图标语义库·可改色形状,11_问题预警诊断,尖峰曲线象征异常波动（预警变体）,用于异常监测、突刺（预警场景）,异常 / 尖峰 / 突刺 / 预警,"spike, anomaly, outlier, alert",44,11_问题预警诊断,"已完成 (PowerPoint 原生 custGeom 形状, Shape Fill 直接改色)",原创设计 · 可商用 · 形状非 SVG · 单色 PowerPoint Shape
ALERT-075,,异常尖峰·失效,AbnormalSpikeRejected,原创设计·程序化生成,PPT图标语义库·可改色形状,11_问题预警诊断,尖峰曲线象征异常波动（失效变体）,用于异常监测、突刺（失效场景）,异常 / 尖峰 / 突刺 / 失效,"spike, anomaly, outlier, rejected",44,11_问题预警诊断,"已完成 (PowerPoint 原生 custGeom 形状, Shape Fill 直接改色)",原创设计 · 可商用 · 形状非 SVG · 单色 PowerPoint Shape
ALERT-076,,异常尖峰·洞察,AbnormalSpikeInsight,原创设计·程序化生成,PPT图标语义库·可改色形状,11_问题预警诊断,尖峰曲线象征异常波动（洞察变体）,用于异常监测、突刺（洞察场景）,异常 / 尖峰 / 突刺 / 洞察,"spike, anomaly, outlier, insight",44,11_问题预警诊断,"已完成 (PowerPoint 原生 custGeom 形状, Shape Fill 直接改色)",原创设计 · 可商用 · 形状非 SVG · 单色 PowerPoint Shape
ALERT-077,,异常尖峰·定时,AbnormalSpikeScheduled,原创设计·程序化生成,PPT图标语义库·可改色形状,11_问题预警诊断,尖峰曲线象征异常波动（定时变体）,用于异常监测、突刺（定时场景）,异常 / 尖峰 / 突刺 / 定时,"spike, anomaly, outlier, scheduled",44,11_问题预警诊断,"已完成 (PowerPoint 原生 custGeom 形状, Shape Fill 直接改色)",原创设计 · 可商用 · 形状非 SVG · 单色 PowerPoint Shape
ALERT-078,,异常尖峰·同步,AbnormalSpikeSync,原创设计·程序化生成,PPT图标语义库·可改色形状,11_问题预警诊断,尖峰曲线象征异常波动（同步变体）,用于异常监测、突刺（同步场景）,异常 / 尖峰 / 突刺 / 同步,"spike, anomaly, outlier, sync",44,11_问题预警诊断,"已完成 (PowerPoint 原生 custGeom 形状, Shape Fill 直接改色)",原创设计 · 可商用 · 形状非 SVG · 单色 PowerPoint Shape
ALERT-079,,恢复时间,Mttr,原创设计·程序化生成,PPT图标语义库·可改色形状,11_问题预警诊断,时钟+箭头象征恢复时间,用于MTTR、恢复,恢复时间 / MTTR / 时长,"mttr, recovery, time",44,11_问题预警诊断,"已完成 (PowerPoint 原生 custGeom 形状, Shape Fill 直接改色)",原创设计 · 可商用 · 形状非 SVG · 单色 PowerPoint Shape
ALERT-080,,恢复时间·预警,MttrAlert,原创设计·程序化生成,PPT图标语义库·可改色形状,11_问题预警诊断,时钟+箭头象征恢复时间（预警变体）,用于MTTR、恢复（预警场景）,恢复时间 / MTTR / 时长 / 预警,"mttr, recovery, time, alert",44,11_问题预警诊断,"已完成 (PowerPoint 原生 custGeom 形状, Shape Fill 直接改色)",原创设计 · 可商用 · 形状非 SVG · 单色 PowerPoint Shape
ALERT-081,,恢复时间·失效,MttrRejected,原创设计·程序化生成,PPT图标语义库·可改色形状,11_问题预警诊断,时钟+箭头象征恢复时间（失效变体）,用于MTTR、恢复（失效场景）,恢复时间 / MTTR / 时长 / 失效,"mttr, recovery, time, rejected",45,11_问题预警诊断,"已完成 (PowerPoint 原生 custGeom 形状, Shape Fill 直接改色)",原创设计 · 可商用 · 形状非 SVG · 单色 PowerPoint Shape
ALERT-082,,恢复时间·洞察,MttrInsight,原创设计·程序化生成,PPT图标语义库·可改色形状,11_问题预警诊断,时钟+箭头象征恢复时间（洞察变体）,用于MTTR、恢复（洞察场景）,恢复时间 / MTTR / 时长 / 洞察,"mttr, recovery, time, insight",45,11_问题预警诊断,"已完成 (PowerPoint 原生 custGeom 形状, Shape Fill 直接改色)",原创设计 · 可商用 · 形状非 SVG · 单色 PowerPoint Shape
ALERT-083,,恢复时间·定时,MttrScheduled,原创设计·程序化生成,PPT图标语义库·可改色形状,11_问题预警诊断,时钟+箭头象征恢复时间（定时变体）,用于MTTR、恢复（定时场景）,恢复时间 / MTTR / 时长 / 定时,"mttr, recovery, time, scheduled",45,11_问题预警诊断,"已完成 (PowerPoint 原生 custGeom 形状, Shape Fill 直接改色)",原创设计 · 可商用 · 形状非 SVG · 单色 PowerPoint Shape
SHOW-001,,奖杯,Trophy,原创设计·程序化生成,PPT图标语义库·可改色形状,12_成果汇报展示,奖杯象征成绩,用于奖项、成果,奖杯 / 奖项 / 成果,"trophy, award, win",47,12_成果汇报展示,"已完成 (PowerPoint 原生 custGeom 形状, Shape Fill 直接改色)",原创设计 · 可商用 · 形状非 SVG · 单色 PowerPoint Shape
SHOW-002,,奖杯·重点,TrophyFeatured,原创设计·程序化生成,PPT图标语义库·可改色形状,12_成果汇报展示,奖杯象征成绩（重点变体）,用于奖项、成果（重点场景）,奖杯 / 奖项 / 成果 / 重点,"trophy, award, win, featured",47,12_成果汇报展示,"已完成 (PowerPoint 原生 custGeom 形状, Shape Fill 直接改色)",原创设计 · 可商用 · 形状非 SVG · 单色 PowerPoint Shape
SHOW-003,,奖杯·已验证,TrophyVerified,原创设计·程序化生成,PPT图标语义库·可改色形状,12_成果汇报展示,奖杯象征成绩（已验证变体）,用于奖项、成果（已验证场景）,奖杯 / 奖项 / 成果 / 已验证,"trophy, award, win, verified",47,12_成果汇报展示,"已完成 (PowerPoint 原生 custGeom 形状, Shape Fill 直接改色)",原创设计 · 可商用 · 形状非 SVG · 单色 PowerPoint Shape
SHOW-004,,奖杯·上升,TrophyUp,原创设计·程序化生成,PPT图标语义库·可改色形状,12_成果汇报展示,奖杯象征成绩（上升变体）,用于奖项、成果（上升场景）,奖杯 / 奖项 / 成果 / 上升,"trophy, award, win, up",47,12_成果汇报展示,"已完成 (PowerPoint 原生 custGeom 形状, Shape Fill 直接改色)",原创设计 · 可商用 · 形状非 SVG · 单色 PowerPoint Shape
SHOW-005,,奖杯·关怀,TrophyCare,原创设计·程序化生成,PPT图标语义库·可改色形状,12_成果汇报展示,奖杯象征成绩（关怀变体）,用于奖项、成果（关怀场景）,奖杯 / 奖项 / 成果 / 关怀,"trophy, award, win, care",47,12_成果汇报展示,"已完成 (PowerPoint 原生 custGeom 形状, Shape Fill 直接改色)",原创设计 · 可商用 · 形状非 SVG · 单色 PowerPoint Shape
SHOW-006,,奖杯·协同,TrophyWithPerson,原创设计·程序化生成,PPT图标语义库·可改色形状,12_成果汇报展示,奖杯象征成绩（协同变体）,用于奖项、成果（协同场景）,奖杯 / 奖项 / 成果 / 协同,"trophy, award, win, withperson",47,12_成果汇报展示,"已完成 (PowerPoint 原生 custGeom 形状, Shape Fill 直接改色)",原创设计 · 可商用 · 形状非 SVG · 单色 PowerPoint Shape
SHOW-007,,奖牌,Medal,原创设计·程序化生成,PPT图标语义库·可改色形状,12_成果汇报展示,奖牌+绶带象征荣誉,用于荣誉、表彰,奖牌 / 荣誉 / 表彰,"medal, honor",47,12_成果汇报展示,"已完成 (PowerPoint 原生 custGeom 形状, Shape Fill 直接改色)",原创设计 · 可商用 · 形状非 SVG · 单色 PowerPoint Shape
SHOW-008,,奖牌·重点,MedalFeatured,原创设计·程序化生成,PPT图标语义库·可改色形状,12_成果汇报展示,奖牌+绶带象征荣誉（重点变体）,用于荣誉、表彰（重点场景）,奖牌 / 荣誉 / 表彰 / 重点,"medal, honor, featured",47,12_成果汇报展示,"已完成 (PowerPoint 原生 custGeom 形状, Shape Fill 直接改色)",原创设计 · 可商用 · 形状非 SVG · 单色 PowerPoint Shape
SHOW-009,,奖牌·已验证,MedalVerified,原创设计·程序化生成,PPT图标语义库·可改色形状,12_成果汇报展示,奖牌+绶带象征荣誉（已验证变体）,用于荣誉、表彰（已验证场景）,奖牌 / 荣誉 / 表彰 / 已验证,"medal, honor, verified",47,12_成果汇报展示,"已完成 (PowerPoint 原生 custGeom 形状, Shape Fill 直接改色)",原创设计 · 可商用 · 形状非 SVG · 单色 PowerPoint Shape
SHOW-010,,奖牌·上升,MedalUp,原创设计·程序化生成,PPT图标语义库·可改色形状,12_成果汇报展示,奖牌+绶带象征荣誉（上升变体）,用于荣誉、表彰（上升场景）,奖牌 / 荣誉 / 表彰 / 上升,"medal, honor, up",47,12_成果汇报展示,"已完成 (PowerPoint 原生 custGeom 形状, Shape Fill 直接改色)",原创设计 · 可商用 · 形状非 SVG · 单色 PowerPoint Shape
SHOW-011,,奖牌·关怀,MedalCare,原创设计·程序化生成,PPT图标语义库·可改色形状,12_成果汇报展示,奖牌+绶带象征荣誉（关怀变体）,用于荣誉、表彰（关怀场景）,奖牌 / 荣誉 / 表彰 / 关怀,"medal, honor, care",47,12_成果汇报展示,"已完成 (PowerPoint 原生 custGeom 形状, Shape Fill 直接改色)",原创设计 · 可商用 · 形状非 SVG · 单色 PowerPoint Shape
SHOW-012,,奖牌·协同,MedalWithPerson,原创设计·程序化生成,PPT图标语义库·可改色形状,12_成果汇报展示,奖牌+绶带象征荣誉（协同变体）,用于荣誉、表彰（协同场景）,奖牌 / 荣誉 / 表彰 / 协同,"medal, honor, withperson",47,12_成果汇报展示,"已完成 (PowerPoint 原生 custGeom 形状, Shape Fill 直接改色)",原创设计 · 可商用 · 形状非 SVG · 单色 PowerPoint Shape
SHOW-013,,冠军领奖台,PodiumWinner,原创设计·程序化生成,PPT图标语义库·可改色形状,12_成果汇报展示,三阶领奖台,用于排名、表彰,领奖台 / 排名 / 冠军,"podium, winner, ranking",47,12_成果汇报展示,"已完成 (PowerPoint 原生 custGeom 形状, Shape Fill 直接改色)",原创设计 · 可商用 · 形状非 SVG · 单色 PowerPoint Shape
SHOW-014,,冠军领奖台·重点,PodiumWinnerFeatured,原创设计·程序化生成,PPT图标语义库·可改色形状,12_成果汇报展示,三阶领奖台（重点变体）,用于排名、表彰（重点场景）,领奖台 / 排名 / 冠军 / 重点,"podium, winner, ranking, featured",47,12_成果汇报展示,"已完成 (PowerPoint 原生 custGeom 形状, Shape Fill 直接改色)",原创设计 · 可商用 · 形状非 SVG · 单色 PowerPoint Shape
SHOW-015,,冠军领奖台·已验证,PodiumWinnerVerified,原创设计·程序化生成,PPT图标语义库·可改色形状,12_成果汇报展示,三阶领奖台（已验证变体）,用于排名、表彰（已验证场景）,领奖台 / 排名 / 冠军 / 已验证,"podium, winner, ranking, verified",47,12_成果汇报展示,"已完成 (PowerPoint 原生 custGeom 形状, Shape Fill 直接改色)",原创设计 · 可商用 · 形状非 SVG · 单色 PowerPoint Shape
SHOW-016,,冠军领奖台·上升,PodiumWinnerUp,原创设计·程序化生成,PPT图标语义库·可改色形状,12_成果汇报展示,三阶领奖台（上升变体）,用于排名、表彰（上升场景）,领奖台 / 排名 / 冠军 / 上升,"podium, winner, ranking, up",47,12_成果汇报展示,"已完成 (PowerPoint 原生 custGeom 形状, Shape Fill 直接改色)",原创设计 · 可商用 · 形状非 SVG · 单色 PowerPoint Shape
SHOW-017,,冠军领奖台·关怀,PodiumWinnerCare,原创设计·程序化生成,PPT图标语义库·可改色形状,12_成果汇报展示,三阶领奖台（关怀变体）,用于排名、表彰（关怀场景）,领奖台 / 排名 / 冠军 / 关怀,"podium, winner, ranking, care",47,12_成果汇报展示,"已完成 (PowerPoint 原生 custGeom 形状, Shape Fill 直接改色)",原创设计 · 可商用 · 形状非 SVG · 单色 PowerPoint Shape
SHOW-018,,冠军领奖台·协同,PodiumWinnerWithPerson,原创设计·程序化生成,PPT图标语义库·可改色形状,12_成果汇报展示,三阶领奖台（协同变体）,用于排名、表彰（协同场景）,领奖台 / 排名 / 冠军 / 协同,"podium, winner, ranking, withperson",47,12_成果汇报展示,"已完成 (PowerPoint 原生 custGeom 形状, Shape Fill 直接改色)",原创设计 · 可商用 · 形状非 SVG · 单色 PowerPoint Shape
SHOW-019,,演示文稿,Presentation,原创设计·程序化生成,PPT图标语义库·可改色形状,12_成果汇报展示,投影屏+柱状,用于演示PPT,演示 / PPT / 汇报,"slide, ppt, present",47,12_成果汇报展示,"已完成 (PowerPoint 原生 custGeom 形状, Shape Fill 直接改色)",原创设计 · 可商用 · 形状非 SVG · 单色 PowerPoint Shape
SHOW-020,,演示文稿·重点,PresentationFeatured,原创设计·程序化生成,PPT图标语义库·可改色形状,12_成果汇报展示,投影屏+柱状（重点变体）,用于演示PPT（重点场景）,演示 / PPT / 汇报 / 重点,"slide, ppt, present, featured",47,12_成果汇报展示,"已完成 (PowerPoint 原生 custGeom 形状, Shape Fill 直接改色)",原创设计 · 可商用 · 形状非 SVG · 单色 PowerPoint Shape
SHOW-021,,演示文稿·已验证,PresentationVerified,原创设计·程序化生成,PPT图标语义库·可改色形状,12_成果汇报展示,投影屏+柱状（已验证变体）,用于演示PPT（已验证场景）,演示 / PPT / 汇报 / 已验证,"slide, ppt, present, verified",47,12_成果汇报展示,"已完成 (PowerPoint 原生 custGeom 形状, Shape Fill 直接改色)",原创设计 · 可商用 · 形状非 SVG · 单色 PowerPoint Shape
SHOW-022,,演示文稿·上升,PresentationUp,原创设计·程序化生成,PPT图标语义库·可改色形状,12_成果汇报展示,投影屏+柱状（上升变体）,用于演示PPT（上升场景）,演示 / PPT / 汇报 / 上升,"slide, ppt, present, up",47,12_成果汇报展示,"已完成 (PowerPoint 原生 custGeom 形状, Shape Fill 直接改色)",原创设计 · 可商用 · 形状非 SVG · 单色 PowerPoint Shape
SHOW-023,,演示文稿·关怀,PresentationCare,原创设计·程序化生成,PPT图标语义库·可改色形状,12_成果汇报展示,投影屏+柱状（关怀变体）,用于演示PPT（关怀场景）,演示 / PPT / 汇报 / 关怀,"slide, ppt, present, care",47,12_成果汇报展示,"已完成 (PowerPoint 原生 custGeom 形状, Shape Fill 直接改色)",原创设计 · 可商用 · 形状非 SVG · 单色 PowerPoint Shape
SHOW-024,,演示文稿·协同,PresentationWithPerson,原创设计·程序化生成,PPT图标语义库·可改色形状,12_成果汇报展示,投影屏+柱状（协同变体）,用于演示PPT（协同场景）,演示 / PPT / 汇报 / 协同,"slide, ppt, present, withperson",47,12_成果汇报展示,"已完成 (PowerPoint 原生 custGeom 形状, Shape Fill 直接改色)",原创设计 · 可商用 · 形状非 SVG · 单色 PowerPoint Shape
SHOW-025,,成果里程,GrowthMilestone,原创设计·程序化生成,PPT图标语义库·可改色形状,12_成果汇报展示,向上箭头+星象征成长成果,用于增长里程,增长里程 / 成果 / 突破,"growth, milestone, win",47,12_成果汇报展示,"已完成 (PowerPoint 原生 custGeom 形状, Shape Fill 直接改色)",原创设计 · 可商用 · 形状非 SVG · 单色 PowerPoint Shape
SHOW-026,,成果里程·重点,GrowthMilestoneFeatured,原创设计·程序化生成,PPT图标语义库·可改色形状,12_成果汇报展示,向上箭头+星象征成长成果（重点变体）,用于增长里程（重点场景）,增长里程 / 成果 / 突破 / 重点,"growth, milestone, win, featured",47,12_成果汇报展示,"已完成 (PowerPoint 原生 custGeom 形状, Shape Fill 直接改色)",原创设计 · 可商用 · 形状非 SVG · 单色 PowerPoint Shape
SHOW-027,,成果里程·已验证,GrowthMilestoneVerified,原创设计·程序化生成,PPT图标语义库·可改色形状,12_成果汇报展示,向上箭头+星象征成长成果（已验证变体）,用于增长里程（已验证场景）,增长里程 / 成果 / 突破 / 已验证,"growth, milestone, win, verified",47,12_成果汇报展示,"已完成 (PowerPoint 原生 custGeom 形状, Shape Fill 直接改色)",原创设计 · 可商用 · 形状非 SVG · 单色 PowerPoint Shape
SHOW-028,,成果里程·上升,GrowthMilestoneUp,原创设计·程序化生成,PPT图标语义库·可改色形状,12_成果汇报展示,向上箭头+星象征成长成果（上升变体）,用于增长里程（上升场景）,增长里程 / 成果 / 突破 / 上升,"growth, milestone, win, up",47,12_成果汇报展示,"已完成 (PowerPoint 原生 custGeom 形状, Shape Fill 直接改色)",原创设计 · 可商用 · 形状非 SVG · 单色 PowerPoint Shape
SHOW-029,,成果里程·关怀,GrowthMilestoneCare,原创设计·程序化生成,PPT图标语义库·可改色形状,12_成果汇报展示,向上箭头+星象征成长成果（关怀变体）,用于增长里程（关怀场景）,增长里程 / 成果 / 突破 / 关怀,"growth, milestone, win, care",47,12_成果汇报展示,"已完成 (PowerPoint 原生 custGeom 形状, Shape Fill 直接改色)",原创设计 · 可商用 · 形状非 SVG · 单色 PowerPoint Shape
SHOW-030,,成果里程·协同,GrowthMilestoneWithPerson,原创设计·程序化生成,PPT图标语义库·可改色形状,12_成果汇报展示,向上箭头+星象征成长成果（协同变体）,用于增长里程（协同场景）,增长里程 / 成果 / 突破 / 协同,"growth, milestone, win, withperson",47,12_成果汇报展示,"已完成 (PowerPoint 原生 custGeom 形状, Shape Fill 直接改色)",原创设计 · 可商用 · 形状非 SVG · 单色 PowerPoint Shape
SHOW-031,,前后对比,BeforeAfter,原创设计·程序化生成,PPT图标语义库·可改色形状,12_成果汇报展示,两块对比+箭头,用于改善前后对比,对比 / 前后 / 改善,"compare, before-after",47,12_成果汇报展示,"已完成 (PowerPoint 原生 custGeom 形状, Shape Fill 直接改色)",原创设计 · 可商用 · 形状非 SVG · 单色 PowerPoint Shape
SHOW-032,,前后对比·重点,BeforeAfterFeatured,原创设计·程序化生成,PPT图标语义库·可改色形状,12_成果汇报展示,两块对比+箭头（重点变体）,用于改善前后对比（重点场景）,对比 / 前后 / 改善 / 重点,"compare, before-after, featured",47,12_成果汇报展示,"已完成 (PowerPoint 原生 custGeom 形状, Shape Fill 直接改色)",原创设计 · 可商用 · 形状非 SVG · 单色 PowerPoint Shape
SHOW-033,,前后对比·已验证,BeforeAfterVerified,原创设计·程序化生成,PPT图标语义库·可改色形状,12_成果汇报展示,两块对比+箭头（已验证变体）,用于改善前后对比（已验证场景）,对比 / 前后 / 改善 / 已验证,"compare, before-after, verified",47,12_成果汇报展示,"已完成 (PowerPoint 原生 custGeom 形状, Shape Fill 直接改色)",原创设计 · 可商用 · 形状非 SVG · 单色 PowerPoint Shape
SHOW-034,,前后对比·上升,BeforeAfterUp,原创设计·程序化生成,PPT图标语义库·可改色形状,12_成果汇报展示,两块对比+箭头（上升变体）,用于改善前后对比（上升场景）,对比 / 前后 / 改善 / 上升,"compare, before-after, up",47,12_成果汇报展示,"已完成 (PowerPoint 原生 custGeom 形状, Shape Fill 直接改色)",原创设计 · 可商用 · 形状非 SVG · 单色 PowerPoint Shape
SHOW-035,,前后对比·关怀,BeforeAfterCare,原创设计·程序化生成,PPT图标语义库·可改色形状,12_成果汇报展示,两块对比+箭头（关怀变体）,用于改善前后对比（关怀场景）,对比 / 前后 / 改善 / 关怀,"compare, before-after, care",47,12_成果汇报展示,"已完成 (PowerPoint 原生 custGeom 形状, Shape Fill 直接改色)",原创设计 · 可商用 · 形状非 SVG · 单色 PowerPoint Shape
SHOW-036,,前后对比·协同,BeforeAfterWithPerson,原创设计·程序化生成,PPT图标语义库·可改色形状,12_成果汇报展示,两块对比+箭头（协同变体）,用于改善前后对比（协同场景）,对比 / 前后 / 改善 / 协同,"compare, before-after, withperson",47,12_成果汇报展示,"已完成 (PowerPoint 原生 custGeom 形状, Shape Fill 直接改色)",原创设计 · 可商用 · 形状非 SVG · 单色 PowerPoint Shape
SHOW-037,,KPI汇总,KpiSummary,原创设计·程序化生成,PPT图标语义库·可改色形状,12_成果汇报展示,四宫格象征汇总报表,用于KPI总览,KPI / 总览 / 看板,"kpi, overview, summary",47,12_成果汇报展示,"已完成 (PowerPoint 原生 custGeom 形状, Shape Fill 直接改色)",原创设计 · 可商用 · 形状非 SVG · 单色 PowerPoint Shape
SHOW-038,,KPI汇总·重点,KpiSummaryFeatured,原创设计·程序化生成,PPT图标语义库·可改色形状,12_成果汇报展示,四宫格象征汇总报表（重点变体）,用于KPI总览（重点场景）,KPI / 总览 / 看板 / 重点,"kpi, overview, summary, featured",47,12_成果汇报展示,"已完成 (PowerPoint 原生 custGeom 形状, Shape Fill 直接改色)",原创设计 · 可商用 · 形状非 SVG · 单色 PowerPoint Shape
SHOW-039,,KPI汇总·已验证,KpiSummaryVerified,原创设计·程序化生成,PPT图标语义库·可改色形状,12_成果汇报展示,四宫格象征汇总报表（已验证变体）,用于KPI总览（已验证场景）,KPI / 总览 / 看板 / 已验证,"kpi, overview, summary, verified",47,12_成果汇报展示,"已完成 (PowerPoint 原生 custGeom 形状, Shape Fill 直接改色)",原创设计 · 可商用 · 形状非 SVG · 单色 PowerPoint Shape
SHOW-040,,KPI汇总·上升,KpiSummaryUp,原创设计·程序化生成,PPT图标语义库·可改色形状,12_成果汇报展示,四宫格象征汇总报表（上升变体）,用于KPI总览（上升场景）,KPI / 总览 / 看板 / 上升,"kpi, overview, summary, up",47,12_成果汇报展示,"已完成 (PowerPoint 原生 custGeom 形状, Shape Fill 直接改色)",原创设计 · 可商用 · 形状非 SVG · 单色 PowerPoint Shape
SHOW-041,,KPI汇总·关怀,KpiSummaryCare,原创设计·程序化生成,PPT图标语义库·可改色形状,12_成果汇报展示,四宫格象征汇总报表（关怀变体）,用于KPI总览（关怀场景）,KPI / 总览 / 看板 / 关怀,"kpi, overview, summary, care",48,12_成果汇报展示,"已完成 (PowerPoint 原生 custGeom 形状, Shape Fill 直接改色)",原创设计 · 可商用 · 形状非 SVG · 单色 PowerPoint Shape
SHOW-042,,KPI汇总·协同,KpiSummaryWithPerson,原创设计·程序化生成,PPT图标语义库·可改色形状,12_成果汇报展示,四宫格象征汇总报表（协同变体）,用于KPI总览（协同场景）,KPI / 总览 / 看板 / 协同,"kpi, overview, summary, withperson",48,12_成果汇报展示,"已完成 (PowerPoint 原生 custGeom 形状, Shape Fill 直接改色)",原创设计 · 可商用 · 形状非 SVG · 单色 PowerPoint Shape
SHOW-043,,汇报报告,ReportDoc,原创设计·程序化生成,PPT图标语义库·可改色形状,12_成果汇报展示,文档+柱状象征数据汇报,用于报告、汇报,报告 / 汇报 / Report,"report, doc",48,12_成果汇报展示,"已完成 (PowerPoint 原生 custGeom 形状, Shape Fill 直接改色)",原创设计 · 可商用 · 形状非 SVG · 单色 PowerPoint Shape
SHOW-044,,汇报报告·重点,ReportDocFeatured,原创设计·程序化生成,PPT图标语义库·可改色形状,12_成果汇报展示,文档+柱状象征数据汇报（重点变体）,用于报告、汇报（重点场景）,报告 / 汇报 / Report / 重点,"report, doc, featured",48,12_成果汇报展示,"已完成 (PowerPoint 原生 custGeom 形状, Shape Fill 直接改色)",原创设计 · 可商用 · 形状非 SVG · 单色 PowerPoint Shape
SHOW-045,,汇报报告·已验证,ReportDocVerified,原创设计·程序化生成,PPT图标语义库·可改色形状,12_成果汇报展示,文档+柱状象征数据汇报（已验证变体）,用于报告、汇报（已验证场景）,报告 / 汇报 / Report / 已验证,"report, doc, verified",48,12_成果汇报展示,"已完成 (PowerPoint 原生 custGeom 形状, Shape Fill 直接改色)",原创设计 · 可商用 · 形状非 SVG · 单色 PowerPoint Shape
SHOW-046,,汇报报告·上升,ReportDocUp,原创设计·程序化生成,PPT图标语义库·可改色形状,12_成果汇报展示,文档+柱状象征数据汇报（上升变体）,用于报告、汇报（上升场景）,报告 / 汇报 / Report / 上升,"report, doc, up",48,12_成果汇报展示,"已完成 (PowerPoint 原生 custGeom 形状, Shape Fill 直接改色)",原创设计 · 可商用 · 形状非 SVG · 单色 PowerPoint Shape
SHOW-047,,汇报报告·关怀,ReportDocCare,原创设计·程序化生成,PPT图标语义库·可改色形状,12_成果汇报展示,文档+柱状象征数据汇报（关怀变体）,用于报告、汇报（关怀场景）,报告 / 汇报 / Report / 关怀,"report, doc, care",48,12_成果汇报展示,"已完成 (PowerPoint 原生 custGeom 形状, Shape Fill 直接改色)",原创设计 · 可商用 · 形状非 SVG · 单色 PowerPoint Shape
SHOW-048,,汇报报告·协同,ReportDocWithPerson,原创设计·程序化生成,PPT图标语义库·可改色形状,12_成果汇报展示,文档+柱状象征数据汇报（协同变体）,用于报告、汇报（协同场景）,报告 / 汇报 / Report / 协同,"report, doc, withperson",48,12_成果汇报展示,"已完成 (PowerPoint 原生 custGeom 形状, Shape Fill 直接改色)",原创设计 · 可商用 · 形状非 SVG · 单色 PowerPoint Shape
SHOW-049,,成绩牌,Scoreboard,原创设计·程序化生成,PPT图标语义库·可改色形状,12_成果汇报展示,记分牌+底座象征成绩公示,用于成绩公示,成绩牌 / 公示 / Score,"scoreboard, score",48,12_成果汇报展示,"已完成 (PowerPoint 原生 custGeom 形状, Shape Fill 直接改色)",原创设计 · 可商用 · 形状非 SVG · 单色 PowerPoint Shape
SHOW-050,,成绩牌·重点,ScoreboardFeatured,原创设计·程序化生成,PPT图标语义库·可改色形状,12_成果汇报展示,记分牌+底座象征成绩公示（重点变体）,用于成绩公示（重点场景）,成绩牌 / 公示 / Score / 重点,"scoreboard, score, featured",48,12_成果汇报展示,"已完成 (PowerPoint 原生 custGeom 形状, Shape Fill 直接改色)",原创设计 · 可商用 · 形状非 SVG · 单色 PowerPoint Shape
SHOW-051,,成绩牌·已验证,ScoreboardVerified,原创设计·程序化生成,PPT图标语义库·可改色形状,12_成果汇报展示,记分牌+底座象征成绩公示（已验证变体）,用于成绩公示（已验证场景）,成绩牌 / 公示 / Score / 已验证,"scoreboard, score, verified",48,12_成果汇报展示,"已完成 (PowerPoint 原生 custGeom 形状, Shape Fill 直接改色)",原创设计 · 可商用 · 形状非 SVG · 单色 PowerPoint Shape
SHOW-052,,成绩牌·上升,ScoreboardUp,原创设计·程序化生成,PPT图标语义库·可改色形状,12_成果汇报展示,记分牌+底座象征成绩公示（上升变体）,用于成绩公示（上升场景）,成绩牌 / 公示 / Score / 上升,"scoreboard, score, up",48,12_成果汇报展示,"已完成 (PowerPoint 原生 custGeom 形状, Shape Fill 直接改色)",原创设计 · 可商用 · 形状非 SVG · 单色 PowerPoint Shape
SHOW-053,,成绩牌·关怀,ScoreboardCare,原创设计·程序化生成,PPT图标语义库·可改色形状,12_成果汇报展示,记分牌+底座象征成绩公示（关怀变体）,用于成绩公示（关怀场景）,成绩牌 / 公示 / Score / 关怀,"scoreboard, score, care",48,12_成果汇报展示,"已完成 (PowerPoint 原生 custGeom 形状, Shape Fill 直接改色)",原创设计 · 可商用 · 形状非 SVG · 单色 PowerPoint Shape
SHOW-054,,成绩牌·协同,ScoreboardWithPerson,原创设计·程序化生成,PPT图标语义库·可改色形状,12_成果汇报展示,记分牌+底座象征成绩公示（协同变体）,用于成绩公示（协同场景）,成绩牌 / 公示 / Score / 协同,"scoreboard, score, withperson",48,12_成果汇报展示,"已完成 (PowerPoint 原生 custGeom 形状, Shape Fill 直接改色)",原创设计 · 可商用 · 形状非 SVG · 单色 PowerPoint Shape
SHOW-055,,锦旗,Ribbon,原创设计·程序化生成,PPT图标语义库·可改色形状,12_成果汇报展示,勋章+绶带象征锦旗,用于表彰、嘉奖,锦旗 / 嘉奖 / 表彰,"ribbon, honor",48,12_成果汇报展示,"已完成 (PowerPoint 原生 custGeom 形状, Shape Fill 直接改色)",原创设计 · 可商用 · 形状非 SVG · 单色 PowerPoint Shape
SHOW-056,,锦旗·重点,RibbonFeatured,原创设计·程序化生成,PPT图标语义库·可改色形状,12_成果汇报展示,勋章+绶带象征锦旗（重点变体）,用于表彰、嘉奖（重点场景）,锦旗 / 嘉奖 / 表彰 / 重点,"ribbon, honor, featured",48,12_成果汇报展示,"已完成 (PowerPoint 原生 custGeom 形状, Shape Fill 直接改色)",原创设计 · 可商用 · 形状非 SVG · 单色 PowerPoint Shape
SHOW-057,,锦旗·已验证,RibbonVerified,原创设计·程序化生成,PPT图标语义库·可改色形状,12_成果汇报展示,勋章+绶带象征锦旗（已验证变体）,用于表彰、嘉奖（已验证场景）,锦旗 / 嘉奖 / 表彰 / 已验证,"ribbon, honor, verified",48,12_成果汇报展示,"已完成 (PowerPoint 原生 custGeom 形状, Shape Fill 直接改色)",原创设计 · 可商用 · 形状非 SVG · 单色 PowerPoint Shape
SHOW-058,,锦旗·上升,RibbonUp,原创设计·程序化生成,PPT图标语义库·可改色形状,12_成果汇报展示,勋章+绶带象征锦旗（上升变体）,用于表彰、嘉奖（上升场景）,锦旗 / 嘉奖 / 表彰 / 上升,"ribbon, honor, up",48,12_成果汇报展示,"已完成 (PowerPoint 原生 custGeom 形状, Shape Fill 直接改色)",原创设计 · 可商用 · 形状非 SVG · 单色 PowerPoint Shape
SHOW-059,,锦旗·关怀,RibbonCare,原创设计·程序化生成,PPT图标语义库·可改色形状,12_成果汇报展示,勋章+绶带象征锦旗（关怀变体）,用于表彰、嘉奖（关怀场景）,锦旗 / 嘉奖 / 表彰 / 关怀,"ribbon, honor, care",48,12_成果汇报展示,"已完成 (PowerPoint 原生 custGeom 形状, Shape Fill 直接改色)",原创设计 · 可商用 · 形状非 SVG · 单色 PowerPoint Shape
SHOW-060,,锦旗·协同,RibbonWithPerson,原创设计·程序化生成,PPT图标语义库·可改色形状,12_成果汇报展示,勋章+绶带象征锦旗（协同变体）,用于表彰、嘉奖（协同场景）,锦旗 / 嘉奖 / 表彰 / 协同,"ribbon, honor, withperson",48,12_成果汇报展示,"已完成 (PowerPoint 原生 custGeom 形状, Shape Fill 直接改色)",原创设计 · 可商用 · 形状非 SVG · 单色 PowerPoint Shape
SHOW-061,,证书荣誉,CertificateShow,原创设计·程序化生成,PPT图标语义库·可改色形状,12_成果汇报展示,证书+绶带象征官方认证,用于资质、证书,证书 / 认证 / 资质,"certificate, diploma",48,12_成果汇报展示,"已完成 (PowerPoint 原生 custGeom 形状, Shape Fill 直接改色)",原创设计 · 可商用 · 形状非 SVG · 单色 PowerPoint Shape
SHOW-062,,证书荣誉·重点,CertificateShowFeatured,原创设计·程序化生成,PPT图标语义库·可改色形状,12_成果汇报展示,证书+绶带象征官方认证（重点变体）,用于资质、证书（重点场景）,证书 / 认证 / 资质 / 重点,"certificate, diploma, featured",48,12_成果汇报展示,"已完成 (PowerPoint 原生 custGeom 形状, Shape Fill 直接改色)",原创设计 · 可商用 · 形状非 SVG · 单色 PowerPoint Shape
SHOW-063,,证书荣誉·已验证,CertificateShowVerified,原创设计·程序化生成,PPT图标语义库·可改色形状,12_成果汇报展示,证书+绶带象征官方认证（已验证变体）,用于资质、证书（已验证场景）,证书 / 认证 / 资质 / 已验证,"certificate, diploma, verified",48,12_成果汇报展示,"已完成 (PowerPoint 原生 custGeom 形状, Shape Fill 直接改色)",原创设计 · 可商用 · 形状非 SVG · 单色 PowerPoint Shape
SHOW-064,,证书荣誉·上升,CertificateShowUp,原创设计·程序化生成,PPT图标语义库·可改色形状,12_成果汇报展示,证书+绶带象征官方认证（上升变体）,用于资质、证书（上升场景）,证书 / 认证 / 资质 / 上升,"certificate, diploma, up",48,12_成果汇报展示,"已完成 (PowerPoint 原生 custGeom 形状, Shape Fill 直接改色)",原创设计 · 可商用 · 形状非 SVG · 单色 PowerPoint Shape
SHOW-065,,证书荣誉·关怀,CertificateShowCare,原创设计·程序化生成,PPT图标语义库·可改色形状,12_成果汇报展示,证书+绶带象征官方认证（关怀变体）,用于资质、证书（关怀场景）,证书 / 认证 / 资质 / 关怀,"certificate, diploma, care",48,12_成果汇报展示,"已完成 (PowerPoint 原生 custGeom 形状, Shape Fill 直接改色)",原创设计 · 可商用 · 形状非 SVG · 单色 PowerPoint Shape
SHOW-066,,证书荣誉·协同,CertificateShowWithPerson,原创设计·程序化生成,PPT图标语义库·可改色形状,12_成果汇报展示,证书+绶带象征官方认证（协同变体）,用于资质、证书（协同场景）,证书 / 认证 / 资质 / 协同,"certificate, diploma, withperson",48,12_成果汇报展示,"已完成 (PowerPoint 原生 custGeom 形状, Shape Fill 直接改色)",原创设计 · 可商用 · 形状非 SVG · 单色 PowerPoint Shape
SHOW-067,,公告播报,Announcement,原创设计·程序化生成,PPT图标语义库·可改色形状,12_成果汇报展示,扩音器象征公告,用于公告、宣布,公告 / 宣布 / Broadcast,"announce, news",48,12_成果汇报展示,"已完成 (PowerPoint 原生 custGeom 形状, Shape Fill 直接改色)",原创设计 · 可商用 · 形状非 SVG · 单色 PowerPoint Shape
SHOW-068,,公告播报·重点,AnnouncementFeatured,原创设计·程序化生成,PPT图标语义库·可改色形状,12_成果汇报展示,扩音器象征公告（重点变体）,用于公告、宣布（重点场景）,公告 / 宣布 / Broadcast / 重点,"announce, news, featured",48,12_成果汇报展示,"已完成 (PowerPoint 原生 custGeom 形状, Shape Fill 直接改色)",原创设计 · 可商用 · 形状非 SVG · 单色 PowerPoint Shape
SHOW-069,,公告播报·已验证,AnnouncementVerified,原创设计·程序化生成,PPT图标语义库·可改色形状,12_成果汇报展示,扩音器象征公告（已验证变体）,用于公告、宣布（已验证场景）,公告 / 宣布 / Broadcast / 已验证,"announce, news, verified",48,12_成果汇报展示,"已完成 (PowerPoint 原生 custGeom 形状, Shape Fill 直接改色)",原创设计 · 可商用 · 形状非 SVG · 单色 PowerPoint Shape
SHOW-070,,公告播报·上升,AnnouncementUp,原创设计·程序化生成,PPT图标语义库·可改色形状,12_成果汇报展示,扩音器象征公告（上升变体）,用于公告、宣布（上升场景）,公告 / 宣布 / Broadcast / 上升,"announce, news, up",48,12_成果汇报展示,"已完成 (PowerPoint 原生 custGeom 形状, Shape Fill 直接改色)",原创设计 · 可商用 · 形状非 SVG · 单色 PowerPoint Shape
SHOW-071,,公告播报·关怀,AnnouncementCare,原创设计·程序化生成,PPT图标语义库·可改色形状,12_成果汇报展示,扩音器象征公告（关怀变体）,用于公告、宣布（关怀场景）,公告 / 宣布 / Broadcast / 关怀,"announce, news, care",48,12_成果汇报展示,"已完成 (PowerPoint 原生 custGeom 形状, Shape Fill 直接改色)",原创设计 · 可商用 · 形状非 SVG · 单色 PowerPoint Shape
SHOW-072,,公告播报·协同,AnnouncementWithPerson,原创设计·程序化生成,PPT图标语义库·可改色形状,12_成果汇报展示,扩音器象征公告（协同变体）,用于公告、宣布（协同场景）,公告 / 宣布 / Broadcast / 协同,"announce, news, withperson",48,12_成果汇报展示,"已完成 (PowerPoint 原生 custGeom 形状, Shape Fill 直接改色)",原创设计 · 可商用 · 形状非 SVG · 单色 PowerPoint Shape
SHOW-073,,汇总仪表,DashboardSummary,原创设计·程序化生成,PPT图标语义库·可改色形状,12_成果汇报展示,仪表盘汇总指标,用于综合仪表,仪表盘 / 总览 / Dashboard,"dashboard, summary",48,12_成果汇报展示,"已完成 (PowerPoint 原生 custGeom 形状, Shape Fill 直接改色)",原创设计 · 可商用 · 形状非 SVG · 单色 PowerPoint Shape
SHOW-074,,汇总仪表·重点,DashboardSummaryFeatured,原创设计·程序化生成,PPT图标语义库·可改色形状,12_成果汇报展示,仪表盘汇总指标（重点变体）,用于综合仪表（重点场景）,仪表盘 / 总览 / Dashboard / 重点,"dashboard, summary, featured",48,12_成果汇报展示,"已完成 (PowerPoint 原生 custGeom 形状, Shape Fill 直接改色)",原创设计 · 可商用 · 形状非 SVG · 单色 PowerPoint Shape
SHOW-075,,汇总仪表·已验证,DashboardSummaryVerified,原创设计·程序化生成,PPT图标语义库·可改色形状,12_成果汇报展示,仪表盘汇总指标（已验证变体）,用于综合仪表（已验证场景）,仪表盘 / 总览 / Dashboard / 已验证,"dashboard, summary, verified",48,12_成果汇报展示,"已完成 (PowerPoint 原生 custGeom 形状, Shape Fill 直接改色)",原创设计 · 可商用 · 形状非 SVG · 单色 PowerPoint Shape
SHOW-076,,汇总仪表·上升,DashboardSummaryUp,原创设计·程序化生成,PPT图标语义库·可改色形状,12_成果汇报展示,仪表盘汇总指标（上升变体）,用于综合仪表（上升场景）,仪表盘 / 总览 / Dashboard / 上升,"dashboard, summary, up",48,12_成果汇报展示,"已完成 (PowerPoint 原生 custGeom 形状, Shape Fill 直接改色)",原创设计 · 可商用 · 形状非 SVG · 单色 PowerPoint Shape
SHOW-077,,汇总仪表·关怀,DashboardSummaryCare,原创设计·程序化生成,PPT图标语义库·可改色形状,12_成果汇报展示,仪表盘汇总指标（关怀变体）,用于综合仪表（关怀场景）,仪表盘 / 总览 / Dashboard / 关怀,"dashboard, summary, care",48,12_成果汇报展示,"已完成 (PowerPoint 原生 custGeom 形状, Shape Fill 直接改色)",原创设计 · 可商用 · 形状非 SVG · 单色 PowerPoint Shape
SHOW-078,,汇总仪表·协同,DashboardSummaryWithPerson,原创设计·程序化生成,PPT图标语义库·可改色形状,12_成果汇报展示,仪表盘汇总指标（协同变体）,用于综合仪表（协同场景）,仪表盘 / 总览 / Dashboard / 协同,"dashboard, summary, withperson",48,12_成果汇报展示,"已完成 (PowerPoint 原生 custGeom 形状, Shape Fill 直接改色)",原创设计 · 可商用 · 形状非 SVG · 单色 PowerPoint Shape
SHOW-079,,成就解锁,AchievementUnlock,原创设计·程序化生成,PPT图标语义库·可改色形状,12_成果汇报展示,勋章+对勾象征成就解锁,用于成就、徽章,成就 / 解锁 / 徽章,"achievement, unlock",48,12_成果汇报展示,"已完成 (PowerPoint 原生 custGeom 形状, Shape Fill 直接改色)",原创设计 · 可商用 · 形状非 SVG · 单色 PowerPoint Shape
SHOW-080,,成就解锁·重点,AchievementUnlockFeatured,原创设计·程序化生成,PPT图标语义库·可改色形状,12_成果汇报展示,勋章+对勾象征成就解锁（重点变体）,用于成就、徽章（重点场景）,成就 / 解锁 / 徽章 / 重点,"achievement, unlock, featured",48,12_成果汇报展示,"已完成 (PowerPoint 原生 custGeom 形状, Shape Fill 直接改色)",原创设计 · 可商用 · 形状非 SVG · 单色 PowerPoint Shape
SHOW-081,,成就解锁·已验证,AchievementUnlockVerified,原创设计·程序化生成,PPT图标语义库·可改色形状,12_成果汇报展示,勋章+对勾象征成就解锁（已验证变体）,用于成就、徽章（已验证场景）,成就 / 解锁 / 徽章 / 已验证,"achievement, unlock, verified",49,12_成果汇报展示,"已完成 (PowerPoint 原生 custGeom 形状, Shape Fill 直接改色)",原创设计 · 可商用 · 形状非 SVG · 单色 PowerPoint Shape
SHOW-082,,成就解锁·上升,AchievementUnlockUp,原创设计·程序化生成,PPT图标语义库·可改色形状,12_成果汇报展示,勋章+对勾象征成就解锁（上升变体）,用于成就、徽章（上升场景）,成就 / 解锁 / 徽章 / 上升,"achievement, unlock, up",49,12_成果汇报展示,"已完成 (PowerPoint 原生 custGeom 形状, Shape Fill 直接改色)",原创设计 · 可商用 · 形状非 SVG · 单色 PowerPoint Shape
SHOW-083,,成就解锁·关怀,AchievementUnlockCare,原创设计·程序化生成,PPT图标语义库·可改色形状,12_成果汇报展示,勋章+对勾象征成就解锁（关怀变体）,用于成就、徽章（关怀场景）,成就 / 解锁 / 徽章 / 关怀,"achievement, unlock, care",49,12_成果汇报展示,"已完成 (PowerPoint 原生 custGeom 形状, Shape Fill 直接改色)",原创设计 · 可商用 · 形状非 SVG · 单色 PowerPoint Shape
